medical_abstract,triage_level,urgent_score,nonurgent_score,confidence,binary_prediction,n_tokens,was_truncated,original_condition_labels,original_condition_names,original_splits,pseudolabel_model,pseudolabel_threshold,max_length
"Abdominal wall pain: an alternative diagnosis. The cause of abdominal pain need not necessarily reside in the viscera; the abdominal wall is another source of symptoms. Some causes of abdominal wall pain are obvious, e.g. hernias, but not so others such as nerve entrapment syndromes. This review is concerned with causes of abdominal wall pain which, although common, may be easily overlooked.",normal,0.1530690342187881,0.846930980682373,0.846930980682373,non-urgent,87,False,2|3,digestive system diseases|nervous system diseases,test,Yuvrajxms09/biobert-triage-classifier,0.7,256
"Alternating cisplatinum and VAC ineffective in end stage squamous cell carcinoma of the head and neck. Sixteen patients with end stage squamous cell carcinoma of the head and neck were admitted to a phase II study of alternating courses of cisplatinum (100 mg/m2) and VAC (vincristine 1.4 mg/m2, adriamycin 50 mg/m2, cyclophosphamide 750 mg/m2) given at three weekly intervals. Only two patients achieved a response (12 per cent). The median survival time was 62 days which is much the same as that of a similar group of patients who received no chemotherapy in a previous trial (70 days).",atenção,0.5699432492256165,0.4300567805767059,0.5699432492256165,urgent,166,False,1,neoplasms,train,Yuvrajxms09/biobert-triage-classifier,0.7,256
"Adrenal hormones and the anorectic response and adaptation of rats to amino acid imbalance. The role of adrenal function in the anorectic response and adaptation of rats to a diet with an isoleucine (Ile) imbalance was investigated. In the first of four experiments, rats were fed a mildly Ile-imbalanced diet after treatment with metyrapone, and inhibitor of glucocorticoid synthesis. In two separate experiments, rats were presented with either a mildly or severely Ile-imbalanced diet (4.93 and 9.86% imbalanced amino acid mixture, respectively) after bilateral adrenalectomy. Finally, the effects of ICS 205-930, a serotonin-3 receptor antagonist, on the intake of mildly Ile-imbalanced diet were tested in adrenalectomized animals. In each experiment a 2 X 2 factorial design was used. Neither metyrapone nor adrenalectomy altered the initial depression in the intake of an imbalanced diet. The adaptation phase in the response of adrenalectomized rats fed a mildly Ile-imbalanced diet was not different from that of controls, but adrenalectomized rats fed severely Ile-imbalanced diets were unable to adapt. Adrenalectomy did not alter the anti-anoretic activity of ICS 205-930 in this model. These results suggest that adrenal hormones are not necessary for the initial anoretic response or adaptation of rats to an Ile-imbalanced diet, nor are they implicated in the anti-anorectic effect of serotonin-3 blockade.",normal,0.1031574010848999,0.8968425393104553,0.8968425393104553,non-urgent,363,True,5,general pathological conditions,train,Yuvrajxms09/biobert-triage-classifier,0.7,256
"A case of dyschondroplasia associated with brain stem glioma: diagnosis by stereotactic biopsy. We present a 24-year-old patient with multiple chondromas of both hands, the pelvis, the left leg, and an associated brain stem glioma. There was no evidence of hemangioma or dyschromia, and the condition was diagnosed as Ollier's disease, a special type of dyschondroplasia like Maffucci's syndrome and Kast's disease. An increased overall risk for development of malignant skeletal and nonskeletal tumors is associated with Maffucci's syndrome. The risk of malignant degeneration is lower in Ollier's disease. A glioma in the pons and the right lobe of the cerebellum was found in this patient. The literature describes an association with gliomas in only 12 cases of dyschondroplasia and an infratentorial localization in just one case. Signs of malignancy were histologically confirmed in 7 cases without significant preponderance of any one type. Our patient had a low-grade brain stem astrocytoma with fibrillar and gemistocytic components. A stereotactic serial biopsy made it possible to rule out malignant degeneration. Stereotactic brain tumor biopsy as a routine neurosurgical procedure is particularly valuable for deep space-occupying processes and forms the basis for therapy. In the present case, irradiation was not recommended.",atenção,0.5238831639289856,0.4761168658733368,0.5238831639289856,urgent,339,True,1,neoplasms,train,Yuvrajxms09/biobert-triage-classifier,0.7,256
"A 170-kDa membrane-bound protease is associated with the expression of invasiveness by human malignant melanoma cells. Malignant spreading of cancer cells requires cell surface proteases that cleave the crosslinked collagenous matrix of connective tissues. From correlating the morphologically defined invasiveness of tumor cells with the presence of specific membrane-associated proteases, we have identified a malignant human melanoma cell line, LOX, that invades crosslinked gelatin films in vitro and contains uniquely a neutral 170-kDa gelatinase in the cell membrane. A similar gelatinase was found in membranes recovered from culture media conditioned with LOX. The 170-kDa gelatinase is a wheat germ agglutinin-binding protein. The proteolytic activity is maximal at neutral pH, enhanced by EDTA and dithiothreitol, inhibited by the cysteine protease inhibitors N-ethylmaleimide, HgCl2, and phenylmethylsulfonyl fluoride, and can bind to an organomercurial adsorbent, suggesting that it is a neutral sulfhydryl-sensitive protease. This 170-kDa gelatinase of LOX cells was not found in a control melanoma cell line, SK-MEL28, or in 32 other tumor cell lines that did not show extracellular gelatin degradation. Thus, we have identified a large membrane-bound protease that may be a specific marker molecule for melanoma cell invasiveness.",atenção,0.3587629199028015,0.6412370800971985,0.6412370800971985,non-urgent,360,True,1,neoplasms,test,Yuvrajxms09/biobert-triage-classifier,0.7,256
"Age at onset of Alzheimer's disease. Relation to language dysfunction. A later age at onset of Alzheimer's disease (AD) was found to be related to diminished language performance in 86 patients with probable AD. A hierarchical linear model was constructed to assess effects of age at onset and disease duration on the performance of patients with AD on four language tasks (naming, reading, auditory comprehension, and writing to dictation) after controlling for disease severity. Results of univariate analysis, in which the dependent variable was the averaged language task performances, revealed a significant effect for age at onset of AD, but not for disease duration. To assess the possibility that the relationship between the age at onset of AD and language performance reflects effects of normal aging, the language tasks were given to 33 normal subjects of similar ages who scored perfectly on dementia severity measures. A convincing relationship was not found between test score and age.",normal,0.0873381644487381,0.9126618504524232,0.9126618504524232,non-urgent,196,False,3,nervous system diseases,test,Yuvrajxms09/biobert-triage-classifier,0.7,256
"Alternation of gastric mucosal glycoprotein (lectin-binding pattern) in gastric mucosa in stress. A light and electron microscopic study. Gastric mucosal cells of the rat glandular stomach were studied by light and electron microscopic procedures by use of lectins in the development of acute gastric mucosal lesions. Effects of the H2-receptor antagonist sofalcone (2'carboxymethoxy-4,4'-bis 3-methyl-2) and truncal vagotomy with pyloroplasty on lectin binding sites and distribution were also investigated. Biotinylated lectins in combination with ABC (avidin-biotinyl peroxidase complex) method were used for light and horseradish peroxidase (HRP)-labeled lectins for electron microscopic studies. Gastric mucosal cells showed the specific binding pattern for each lectin by light microscopy. Especially, binding sites and distribution of peanut agglutinin (PNA) were characteristic after induction of stress, truncal vagotomy, and administration of each drug. Staining and distribution increased in the gastric mucosa upward and downward after that. In electron microscopic studies, PNA strongly stained the membranes of the intracellular secretory canaliculi of a parietal cell. These results suggested that alternation of binding sites and distribution was regulated by change of gastric mucosal blood flow and of acidity in the parietal cells. Therefore, increase of glycoconjugate distribution is supposed to be a possibility of cytoprotective effect for a change of environment in the parietal cells.",normal,0.1463963985443115,0.8536036610603333,0.8536036610603333,non-urgent,383,True,2|5,digestive system diseases|general pathological conditions,train,Yuvrajxms09/biobert-triage-classifier,0.7,256
"A downstream initiation element required for efficient TATA box binding and in vitro function of TFIID. The gfa gene encodes glial fibrillary acidic protein, an intermediate filament protein expressed in glial cells. In vitro transcription analysis has shown that the human gfa promoter contains two initiation elements that can independently specify the transcription startpoint. One of the elements is a TATA box 25 base pairs (bp) upstream from the transcription startpoint; the other is located between 10 and 50 bp downstream from the transcription initiation site. We have now shown by transfection that both elements are required for efficient transcription in cultured cells. A partially purified natural human TATA box-binding factor (TFIID) from HeLa cells gave footprints that extended from upstream of the TATA box through the downstream initiator. Deletion of the downstream initiator inhibited both TFIID binding to the TATA box and transcription in vitro. In contrast to natural human TFIID, clone human and yeast TFIIDs expressed in bacteria gave footprints covering only the TATA box region, although hypersensitive sites were observed in the downstream region. The cloned TFIIDs also showed less dependence than natural human TFIID on the downstream initiator for both TATA box binding and in vitro transcription. These results suggest that natural human TFIID contains an additional component(s) that contribute(s) to stable TFIID binding and effective transcription by interacting with the downstream initiator.",normal,0.1735977381467819,0.8264023065567017,0.8264023065567017,non-urgent,335,True,1,neoplasms,test,Yuvrajxms09/biobert-triage-classifier,0.7,256
"A report on radiation-induced gliomas. Radiation-induced gliomas are uncommon, with only 73 cases on record to date. The disease that most frequently occasioned radiation therapy has been acute lymphoblastic leukemia (ALL). Three more cases are added here, two after irradiation for ALL and one after irradiation for tinea capitis. In a review of the relevant literature, the authors stress the possibility that the ALL-glioma and the retinoblastoma-glioma links point to syndromes in their own right that may occur without radiation therapy.",normal,0.2764664590358734,0.723533570766449,0.723533570766449,non-urgent,129,False,1,neoplasms,train,Yuvrajxms09/biobert-triage-classifier,0.7,256
"A new challenge--robotics in the rehabilitation of the neurologically motor impaired. Rehabilitation robotics is a research area, originating in engineering, that has emerged in the last decade. Its broad aim is to use robot technology to assist people with movement dysfunction. The neurologically impaired population might gain considerably from the provision of robots as ""assistants"" or ""therapy aides,"" but the interface with the machine must match both the physical and intellectual abilities of the user. We therefore consider a multidisciplinary approach, encompassing both behavioral and engineering perspectives, to be essential in achieving this aim. However, to date, published reports have been largely restricted to engineering journals or conference reports, and relatively little has appeared in the therapy literature. This article seeks to introduce physical therapists to robotics, describe possible applications to the rehabilitation of neurologically impaired patients, and suggest issues deserving further investigation.",normal,0.0515269748866558,0.9484729766845704,0.9484729766845704,non-urgent,189,False,3,nervous system diseases,train,Yuvrajxms09/biobert-triage-classifier,0.7,256
"Airway inflammation during late asthmatic reactions induced by toluene diisocyanate. To determine the importance of airway inflammation for the development of late asthmatic reactions, we examined sensitized subjects during late asthmatic reactions induced by exposure to toluene diisocyanate (TDI) in the laboratory. Late asthmatic reactions are associated with a transient increase of bronchial responsiveness and, at the same time, with an increase of neutrophils followed by eosinophils, and of LTB4 and albumin in bronchoalveolar lavage fluid. Late asthmatic reactions, increased bronchial responsiveness, and increase of neutrophils, eosinophils, LTB4, and albumin concentration in bronchoalveolar lavage induced by exposure to TDI are all prevented by pretreatment with prednisone but not with the nonsteroidal anti-inflammatory agent indomethacin. Aerosolized steroids (beclomethasone and dexamethasone isonicotinate) completely inhibit late asthmatic reactions induced by TDI, whereas theophylline has a partial, and verapamil, ketotifen, and cromolyn have no protective effect. These results suggest that late asthmatic reactions induced by TDI may be caused by airway inflammation, and that anti-inflammatory steroids should be recommended in the prophylaxis of TDI asthma.",normal,0.2693834900856018,0.7306164503097534,0.7306164503097534,non-urgent,338,True,5,general pathological conditions,test,Yuvrajxms09/biobert-triage-classifier,0.7,256
"(A)typical symptoms during single needle dialysis. In 5 elderly patients, an abnormally high occurrence of some symptoms was noted during dialysis. All patients were dialyzed with biocompatible membranes, bicarbonate dialysate, and a blood flow of 250 to 300 ml/min by a single needle system, on a fistula 14 Gauge catheter-needle. These symptoms were: 1) ""angina,"" resistant to O2 and nitrates, with biochemical stigmata of infarction, but without electrocardiogram (ECG) localization; 2) intractable persistent hypotension, not hypovolemic, lasting 1 or 2 days; 3) esophagal spasms, with inability to swallow solid food. Because we knew that these symptoms were compatible with hemolysis (biochemically proven by the increase in serum LDH during dialysis and by a fall in haptoglobin) due to red cell fragmentation (RCF), we switched these patients from fistula dialysis (A) to central catheter dialysis (B), with the same apperture, blood flow, etc. The total number of sessions of A versus B were 512 and 891; the mean LDH ratios (serum LDH postdialysis divided by predialysis) were 1.8 and 1.0 (= no RCF); angina events were 132 (26%) for A, and 25 (3%) for B; persistent hypotension was seen 37 (7%) times in A and 5 (0.6%) times in B; esophagal spasms were noted 65 (13%) times for A, and 0 times for B. This clinical improvement was so overwhelming that 3 patients refused to be dialyzed again using their well functioning fistulae. This study also proved the need for a better designed and manufactured peripheral dialysis catheter-needle.",urgente,0.7635987997055054,0.2364011853933334,0.7635987997055054,urgent,437,True,2|4|5,digestive system diseases|cardiovascular diseases|general pathological conditions,train,Yuvrajxms09/biobert-triage-classifier,0.7,256
"A simple score for the identification of patients at high risk of organic diseases of the colon in the family doctor consulting room. The Local IBS Study Group. In order to develop a scoring system for selecting patients at high risk of organic diseases of the colon, who would need a colonoscopy or a barium enema, we conducted a study with 14 GPs in the local health care district of Modena. Over one year, 254 consecutive patients who consulted their GP for chronic abdominal pain were asked to answer a guided questionnaire. A checklist of simple parameters suggestive of the presence of organic diseases of the colon was also registered by the GP. For the final diagnosis, the patients underwent either a colonoscopy or a barium enema. Data collected were analysed by means of a stepwise logistic regression analysis to obtain a weighted score for the diagnosis of either irritable bowel syndrome (score less than 0) or organic disease (score greater than 0). Out of the 25 parameters explored, six were significantly more common among patients with organic disease and weighted as positive score (namely ESR greater than 17 mm, first hour, history of blood in the stool, leukocytosis greater than 10,000 cm3, age greater than 45 years, slight fever and presence of neoplastic colonic diseases in first-degree relatives). On the contrary, five parameters were more frequent among patients with irritable bowel syndrome and weighted as negative score (namely visible distension of the abdomen, feeling of distension, presence of irritable bowel syndrome in first degree relatives, flatulence and irregularities of bowel movement). Our scoring system correctly classified 83.5% of the cases, and it was very sensitive (82.4%) for the diagnosis of organic disease.",normal,0.088080383837223,0.9119195938110352,0.9119195938110352,non-urgent,381,True,2,digestive system diseases,test,Yuvrajxms09/biobert-triage-classifier,0.7,256
"Acute compartment syndrome. Effect of dermotomy on fascial decompression in the leg. Prompt surgical decompression is the only means of preventing the late sequelae of ischaemic contracture in post-traumatic compartment syndromes. However, controversy exists regarding the length of dermotomy required for adequate decompression in the lower extremity. This study investigated the skin envelope as a potential contributing factor. Wide fascial releases were performed through limited 8 cm incisions in eight cases of post-traumatic lower extremity compartment syndrome. In nine of 29 compartments the pressure remained greater than 30 mmHg. Lengthening the skin incisions to an average of 16 cm decreased intracompartmental pressures significantly. This study documents the skin envelope as a contributing factor in acute compartment syndromes of the leg. The use of generous skin incisions is supported and the need for intra-operative compartment pressure measurements in the treatment of this condition is emphasised.",atenção,0.5016089677810669,0.4983910322189331,0.5016089677810669,urgent,210,False,5,general pathological conditions,train,Yuvrajxms09/biobert-triage-classifier,0.7,256
"A multicenter study of doxazosin in the treatment of essential hypertension in France. This study was designed to assess the efficacy and tolerance of doxazosin in patients with mild, moderate, or severe essential hypertension in a general practice setting. Ninety-six adults of a mean age of 55 1/2 years took part in the 14-week study, consisting of a placebo phase (2 weeks), a dose-adjustment phase with doxazosin (8 weeks), and a maintenance phase (4 weeks). Doxazosin, at a final mean daily dose of 3.4 mg, produced a significant (p less than 0.05) reduction in blood pressure at all points of measurement during the study. The mean change in sitting blood pressure at the end of treatment was -15.4/-15.8 mm Hg. Of the 85 patients who could be categorized as a success or failure, 78 (92%) were considered a therapeutic success; 78 (89%) of the 88 efficacy-evaluable patients demonstrated an improvement in the severity category of their hypertension. Treatment with doxazosin produced a reduction in serum cholesterol (-3.1%) and triglyceride (-3.8%) levels, although these changes did not attain statistical significance. The calculated probability of developing coronary heart disease in 10 years (according to the Framingham equation) was significantly (p less than 0.001) reduced by 22%, from 16.7 chances per 100 (baseline) to 14.3 chances per 100 (final visit). Twenty-six patients (27.1%) reported side effects that were possibly related to treatment, the most prevalent of which were vertigo (7.3%) and headache (6.3%). In four (4.2%) patients the dose of doxazosin was reduced and two (2.1%) were withdrawn prematurely. The investigator's assessments of tolerance was reduced and two (2.1%) were considered to be excellent or good in 85 (88%) patients.",normal,0.1299379169940948,0.8700621128082275,0.8700621128082275,non-urgent,454,True,4,cardiovascular diseases,train,Yuvrajxms09/biobert-triage-classifier,0.7,256
"Acetylsalicylic acid vs. metoprolol in migraine prophylaxis--a double-blind cross-over study. In a double blind cross-over study, 28 patients, 5 male and 23 female, aged 31 +/- 14 years, after a run-in period of 8 weeks, were treated for 3 months with acetylsalicylic acid and for another 3 months with metoprolol, both in a prophylactic mode. Attack frequency was reduced significantly with both therapeutic regimens (ASA p less than 0.001, metoprolol p less than 0.00005). Reduction of attacks below 50% was seen with metoprolol in 14 cases, and with ASA in three cases. Even though ASA was of statistically significant efficacy in migraine prophylaxis, it clearly is not the drug of first choice in migraine prophylaxis.",normal,0.0950759872794151,0.9049240350723268,0.9049240350723268,non-urgent,200,False,3|5,nervous system diseases|general pathological conditions,train,Yuvrajxms09/biobert-triage-classifier,0.7,256
"A paradigm for restenosis based on cell biology: clues for the development of new preventive therapies. Angioplasty causes substantial injury to the coronary artery intima and media that is unrecognizable by angiography. On the basis of a substantial body of research in oncology and wound healing, it is hypothesized that restenosis is a manifestation of the general wound healing response expressed specifically in vascular tissue. The temporal response to injury occurs in three characteristic phases: inflammation, granulation and extracellular matrix remodeling. The specific expression of these phases in the coronary artery leads to intimal hyperplasia at 1 to 4 months. The major milestones in the temporal sequence of restenosis are platelet aggregation, inflammatory cell infiltration, release of growth factors, medial smooth muscle cell modulation and proliferation, proteoglycan deposition and extracellular matrix remodeling. Each step has potential inhibitors that could be used for preventive therapy. Resolution of restenosis, however, probably requires both creation of the largest possible residual lumen and substantial inhibition of intimal hyperplasia.",normal,0.1818152368068695,0.8181847929954529,0.8181847929954529,non-urgent,254,False,4|5,cardiovascular diseases|general pathological conditions,test|train,Yuvrajxms09/biobert-triage-classifier,0.7,256
"Aerobic and anaerobic microbiology of acute suppurative parotitis. Aspirates of pus from acute suppurative parotitis were studied for aerobic and anaerobic bacteria. Bacterial growth was present in 23 specimens. A total of 36 bacterial isolates (20 anaerobic and 16 aerobic and facultative) were recovered, accounting for 1.6 isolates per specimen (0.9 anaerobic and 0.7 aerobic and facultative). Anaerobic bacteria only were present in 10 (43%) patients, aerobic and facultatives in 10 (43%), and mixed aerobic and anaerobic flora in 3 (13%). Single bacterial isolates were recovered in 9 infections, 6 of which were Staphylococcus aureus and 3 were anaerobic bacteria. The predominant bacterial isolates were S. aureus (8 isolates), Bacteroides sp. (6 isolates, including 4 Bacteroides melaninogenicus group), and Peptostreptococcus sp. (5). beta-Lactamase-producing organisms were recovered from 11 (73%) of the 15 specimens tested. This study highlights the polymicrobial nature and importance of anaerobic bacteria in acute suppurative parotitis.",atenção,0.5004298686981201,0.4995701313018799,0.5004298686981201,urgent,311,True,5,general pathological conditions,train,Yuvrajxms09/biobert-triage-classifier,0.7,256
Acute oculogyric crisis after administration of prochlorperazine. We report a case of acute oculogyric crisis due to prochlorperazine administration in a young black woman with a concomitant viral infection. Neuroleptic medications are the most common cause of drug-induced acute dystonic reactions such as oculogyric crisis. Prochlorperazine is an antiemetic agent with a phenothiazine-type chemical structure and is known to cause dystonic reactions. Drug-induced acute dystonic reactions are most common in young adults and in men. Viral infections may also predispose patients to these adverse reactions. Caution is warranted when this drug is used in patients who have other risk factors for an acute dystonic reaction.,urgente,0.8103124499320984,0.1896875351667404,0.8103124499320984,urgent,176,False,3|5,nervous system diseases|general pathological conditions,train,Yuvrajxms09/biobert-triage-classifier,0.7,256
"A study of the comparative efficacy of four common analgesics in the control of postsurgical dental pain. Four common oral analgesics were tested in a single-blind trial to determine their relative efficacy in the management of postsurgical pain in 103 patients who had their impacted third molars surgically removed under general anesthesia. The analgesics tested were acetylsalicylic acid (26 patients), ibuprofen (26 patients), a paracetamol/codeine/caffeine combination (Solpadeine) (25 patients), and dihydrocodeine (26 patients). The paracetamol/codeine/caffeine combination, ibuprofen, and acetylsalicylic acid preparations produced equally effective analgesia. Dihydrocodeine was found to be a poor analgesic in this pain model. There were no adverse reactions to any of the preparations.",normal,0.2012229710817337,0.7987770438194275,0.7987770438194275,non-urgent,202,False,5,general pathological conditions,train,Yuvrajxms09/biobert-triage-classifier,0.7,256
"Acute autonomic neuropathy. Two cases and a clinical review. Acute autonomic neuropathy is an uncommon syndrome, usually affecting healthy young people. Presentation is often dramatic and initial misdiagnosis is common. We describe two young women with acute autonomic neuropathy who presented with gastrointestinal involvement heralding widespread dysautonomia and review 26 additional cases of acute autonomic neuropathy from the English language literature. Acute autonomic neuropathy can be primarily cholinergic without orthostatic hypotension (26%) or pandysautonomic (74%) involving sympathetic adrenergic functions. Onset has been temporally related to viral syndromes in 20% of cases, with autonomic deficits usually evolving over 1 to 3 weeks. Gastroparesis (69%) and syncope (12%) are frequent presenting complaints. Spinal fluid protein levels are often (75%) elevated in pandysautonomic subtypes. Prolonged and incomplete recovery is the rule (60%), with persistent gastroparesis and orthostatic hypotension. Other specific diseases that occasionally mimic acute autonomic neuropathy include botulism, porphyria, amyloidosis, and paracarcinomatous neuropathies. Acute autonomic neuropathy shares several clinical features with acute idiopathic polyneuropathy (Guillain-Barre syndrome), suggesting an immune-mediated pathogenesis.",urgente,0.8611112236976624,0.1388887614011764,0.8611112236976624,urgent,337,True,2|3|4|5,digestive system diseases|nervous system diseases|cardiovascular diseases|general pathological conditions,test|train,Yuvrajxms09/biobert-triage-classifier,0.7,256
"Acute upper airway obstruction following Teflon injection of a vocal cord; the value of nebulized adrenaline and a helium/oxygen mixture in its management A 67-year-old man presented with a 45-year history of a week voice. This was result of polio which had left him with a right vocal cord palsy. The patient underwent a Teflon injection of the right vocal cord under general anaesthesia to improve the quality of his voice. In the immediate post-operative period, he suffered acute upper airway obstruction. The problem of acute upper airway obstruction following Teflon injection is considered and its management with nebulized adrenaline and a helium/oxygen mixture is discussed.",urgente,0.8405462503433228,0.1594537049531936,0.8405462503433228,urgent,155,False,5,general pathological conditions,train,Yuvrajxms09/biobert-triage-classifier,0.7,256
"A comparative study of terbinafine versus griseofulvin in 'dry-type' dermatophyte infections. We conducted a double-blind comparative study of terbinafine, 250 mg twice daily, versus griseofulvin, 500 mg twice daily, for 6 weeks in chronic dermatophyte infections of the feet or hands. All but three patients (total 31) had Trichophyton rubrum infection. At 12-week follow-up, 100% of the terbinafine-treated group were free from infection compared with 45% of those treated with griseofulvin. Therapy in 75% of the terbinafine-treated group and in 35% of those given griseofulvin was rated as effective overall at long-term follow-up, although these differences were not statistically significant. Six months after treatment all nine patients whose skin had cleared with terbinafine therapy remained in remission versus only one of seven patients treated with griseofulvin. None of the patients in either group experienced serious adverse effects.",normal,0.094389334321022,0.9056106209754944,0.9056106209754944,non-urgent,225,False,5,general pathological conditions,train,Yuvrajxms09/biobert-triage-classifier,0.7,256
Acute hypercalcemic crisis after an open heart operation. Acute hyperparathyroidism developed in a previously normocalcemic 64-year-old woman during the first week after a coronary operation. Prolonged QT interval in the electrocardiogram and hypercalcemia were documented on the fourth postoperative day. Neck exploration on the fifth postoperative day revealed a lower right parathyroid adenoma. Parathyroidectomy resulted in rapid and dramatic improvement of the clinical picture and normalization of laboratory values.,urgente,0.8646411895751953,0.1353587806224823,0.8646411895751953,urgent,121,False,1|5,neoplasms|general pathological conditions,test|train,Yuvrajxms09/biobert-triage-classifier,0.7,256
"Adenovirus 12S E1A gene represses differentiation of F9 teratocarcinoma cells. The F9 teratocarcinoma cell line differentiates in vitro after treatment with retinoic acid and cAMP and has been a widely used model system for the study of the molecular events that are responsible for cellular commitment and differentiation during early development. Previous experiments have suggested intriguing parallels between the control of gene expression during F9 cell differentiation and the regulation of gene expression by adenovirus E1A. Transfection of a 12S E1A-expressing plasmid into terminally differentiated, nonproliferating F9 cells generates, at high frequency, colonies of dividing cells, each of which expresses E1A. Cell lines established from these colonies proliferate in the presence of retinoic acid and have lost the fully differentiated phenotype as characterized by the absence of expression of a series of differentiation-specific genes. We conclude that expression of the viral 12S E1A gene product interferes with retinoic acid-induced F9 cell differentiation. Moreover, the results suggest that the differentiation process, as defined by markers of terminal differentiation, may not be a permanent event but can be reversed by E1A expression.",normal,0.1664794087409973,0.8335205912590027,0.8335205912590027,non-urgent,263,True,1,neoplasms,train,Yuvrajxms09/biobert-triage-classifier,0.7,256
"Allogeneic marrow transplantation in patients positive for hepatitis B surface antigen. Twenty patients who were positive for hepatitis B surface antigen (HBsAg) underwent allogeneic marrow transplant for malignancy or other underlying hematologic disease between 1975 and 1986. After transplant, one patient had serologic evidence of hepatitis B virus (HBV) reactivation whereas three patients had evidence of an immune response to HBV. Among four patients with serologic follow-up of 1 year or more, three remained positive for HBsAg and one became HBsAg negative. Six patients (30%) developed clinical evidence of venocclusive disease and seven patients (35%) developed acute graft-versus-host disease involving the liver, but the incidence of these complications was similar to that expected among patients who are not carriers of HBsAg. Three patients died with hepatorenal failure, but all three had venocclusive disease and the contribution of HBV infection to liver failure was unclear. Available liver specimens obtained at autopsy (six patients) or biopsy (two patients) all showed either HBsAg (one specimen) or hepatitis B core antigen (four specimens) or both (three specimens) by immunoperoxidase staining. Although HBV reactivation leading to hepatic failure has been reported among allogeneic marrow transplant recipients as well as other immunocompromised patients, we did not observe an increase in the incidence of severe liver disease after transplant among these 20 patients positive for HBsAg at the time of transplant, and do not consider positivity for HBsAg to be a contraindication to allogeneic marrow transplantation.",urgente,0.7192357778549194,0.2807641923427582,0.7192357778549194,urgent,398,True,1,neoplasms,test,Yuvrajxms09/biobert-triage-classifier,0.7,256
Accessory arm--dysraphism or disparity? Case report. The case of a 3-month-old infant with an accessory third arm is reported. The extra appendage was attached at the midcervical region and was associated with posterior cervical dysraphism and a cervical cord lipoma. Possible theories of origin are examined.,atenção,0.304201066493988,0.6957989931106567,0.6957989931106567,non-urgent,84,False,1|3,neoplasms|nervous system diseases,test|train,Yuvrajxms09/biobert-triage-classifier,0.7,256
"An evaluation of sensory changes and pain relief in trigeminal neuralgia following intracranial microvascular decompression and/or trigeminal glycerol rhizotomy. Nineteen patients with trigeminal neuralgia were treated with either trigeminal ganglion glycerolysis or glycerolysis and intracranial microvascular decompression. All had a good degree of pain relief. Of those receiving glycerol alone (group A), 50% subjectively reported a mild reduction of fine tactile sensation. A similar response was reported by those treated with both glycerol and decompression (group B). The degree of sensory loss was so mild that thermal testing was useless as a discriminatory tool. The degree of sensory loss was not greater when both surgical procedures were performed than when the less-invasive trigeminal ganglion glycerolysis alone was used.",normal,0.1273747086524963,0.8726252913475037,0.8726252913475037,non-urgent,209,False,3,nervous system diseases,test,Yuvrajxms09/biobert-triage-classifier,0.7,256
"5-year results of cisplatin and fluorouracil infusion in head and neck cancer. As part of the developmental process for the Head and Neck Intergroup trial of adjuvant chemotherapy for advanced resectable head and neck carcinoma, in 1981 the Radiation Therapy Oncology Group, Philadelphia, Pa, conducted two nonrandomized pilot studies using chemotherapy consisting of three courses of cisplatin and fluorouracil infusion. Chemotherapy was administered prior to surgery in 42 patients (induction) and after surgery in an additional 29 patients (sequential). The populations were roughly comparable with respect to tumor site and stage. Twelve of the 42 patients in the induction group and seven of the 29 in the sequential group are alive and with no evidence of disease at the last reported follow-up. The median survival was 31 months in the sequential group vs 20 months in the induction group. Only two of the 26 patients with less than a complete clinical response following induction chemotherapy are still alive. Twenty-seven of the 42 patients who received induction chemotherapy did not undergo surgery as initially planned. Despite the lack of surgery, at 5 years the survival between the two groups was not significantly different (27% for the induction group vs 23% for the sequential group).",atenção,0.4772063791751861,0.5227936506271362,0.5227936506271362,non-urgent,277,True,1,neoplasms,train,Yuvrajxms09/biobert-triage-classifier,0.7,256
A comparison of midazolam with and without nalbuphine for intravenous sedation. The introduction of nalbuphine to intravenous sedation with midazolam added little to the quality of sedation for short operative procedures. There was a greater tendency for patients who received nalbuphine and midazolam to sleep in the afternoon after treatment compared with those who received only midazolam. Significantly more patients had nausea and vomiting in the midazolam/nalbuphine group than did patients in the midazolam-only group.,atenção,0.5167961716651917,0.4832037985324859,0.5167961716651917,urgent,127,False,3,nervous system diseases,train,Yuvrajxms09/biobert-triage-classifier,0.7,256
"A prospective study of patients with sciatica. A comparison between conservatively treated patients and patients who have undergone operation, Part I: Patient characteristics and differences between groups. Based on a prospective study on 342 sciatica patients examined with rhizography, the aim was to determine which factors others than the rhizography finding and the grade and duration of symptoms were related to the selection of patients to undergo operation. Compared with surgically treated patients, conservatively treated patients who did not undergo operation and who had pathologic rhizography findings had pessimistic attitudes to possible surgery, often expressed a desire to retire, and considered their work as physically stressful. The women in this group were older and had lower pain indices than women who underwent operation. Conservatively treated patients with negative rhizography had more severe occupational handicaps, minor expectations of possible surgery, physically more strenuous jobs requiring difficult physical positions, and lower indices for pain and ADL than did the operated patients. The social and ergonomic background problems are emphasized in sciatica patients conservatively treated after rhizography.",normal,0.038926787674427,0.9610731601715088,0.9610731601715088,non-urgent,237,False,5,general pathological conditions,train,Yuvrajxms09/biobert-triage-classifier,0.7,256
"Ability of the c-mos product to associate with and phosphorylate tubulin. The mos proto-oncogene product, pp39mos, is a protein kinase and has been equated with cytostatic factor (CSF), an activity in unfertilized eggs that is thought to be responsible for the arrest of meiosis at metaphase II. The biochemical properties and potential substrates of pp39mos were examined in unfertilized eggs and in transformed cells in order to study how the protein functions both as CSF and in transformation. The pp39mos protein associated with polymers under conditions that favor tubulin oligomerization and was present in an approximately 500-kilodalton ""core"" complex under conditions that favor depolymerization. beta-Tubulin was preferentially coprecipitated in pp39mos immunoprecipitates and was the major phosphorylated product in a pp39mos-dependent immune complex kinase assay. Immunofluorescence analysis of NIH 3T3 cells transformed with Xenopus c-mos showed that pp39mos colocalizes with tubulin in the spindle during metaphase and in the midbody and asters during telophase. Disruption of microtubules with nocodazole affected tubulin and pp39mos organization in the same way. It therefore appears that pp39mos is a tubulin-associated protein kinase and may thus participate in the modification of microtubules and contribute to the formation of the spindle. This activity expressed during interphase in somatic cells may be responsible for the transforming activity of pp39mos.",normal,0.1991291493177414,0.8008708357810974,0.8008708357810974,non-urgent,365,True,5,general pathological conditions,train,Yuvrajxms09/biobert-triage-classifier,0.7,256
"Adjuvant cyclophosphamide, methotrexate, and fluorouracil in patients with axillary node-positive breast cancer: an update of the Guy's/Manchester trial. Between 1976 and 1985, 391 patients (202 premenopausal, 189 postmenopausal) with operable breast cancer and positive axillary lymph nodes were randomized after total mastectomy and axillary clearance to receive cyclophosphamide, methotrexate, and fluorouracil (CMF) (n = 193) or no adjuvant therapy (n = 198). After a median follow-up of 8 years, both relapse-free survival (RFS) and survival (S) were significantly prolonged in premenopausal patients receiving CMF (RFS, P less than .001; S, P = .003). Treatment with CMF resulted in a significant improvement in RFS in premenopausal patients both with steroid receptor-positive and steroid receptor-negative tumors and also in subgroups of premenopausal patients defined by the number of axillary nodes involved. Premenopausal patients who developed permanent amenorrhea following CMF had a significantly better RFS than those who continued to menstruate. Induction of amenorrhea following CMF was related to age, with almost all patients over 40 years becoming amenorrheic. For patients less than or equal to 40 years, development of amenorrhea following CMF did not influence outcome. No difference was detected between control and CMF groups (RFS, P = .9; S, P = .9) in postmenopausal patients nor in any subgroup of these patients. The results of this trial of the efficacy of CMF for improving RFS and S have strengthened with longer follow-up.",normal,0.1572245955467224,0.8427754044532776,0.8427754044532776,non-urgent,415,True,1,neoplasms,train,Yuvrajxms09/biobert-triage-classifier,0.7,256
"Adenocarcinoma of the urachus associated with elevated levels of CA 125. Adenocarcinoma of the urachus is a rare genitourinary tumor with a poor prognosis. The treatment of choice is en bloc surgical resection, although combination therapy with surgery and chemotherapy has been used with mixed results. We describe a 69-year-old woman with adenocarcinoma of the urachus and elevated serum levels of CA 125 tumor marker. She was treated with resection plus 5-fluorouracil, doxorubicin and mitomycin, alternating with platinum-based chemotherapy. The serum CA 125 level decreased precipitously after the operation and became normal after 2 months of chemotherapy. The patient remained free of disease 1 year postoperatively. Serum CA 125 may be a useful tumor marker for urachal carcinoma and adjuvant chemotherapy may be effective in treating the disease.",atenção,0.6365219950675964,0.3634780049324035,0.6365219950675964,urgent,207,False,1,neoplasms,train,Yuvrajxms09/biobert-triage-classifier,0.7,256
"A clinicopathologic study of the eyes in familial adenomatous polyposis with extracolonic manifestations (Gardner's syndrome). The eyes of a 51-year-old woman with familial adenomatous polyposis and extracolonic manifestations (Gardner's syndrome) were obtained postmortem and studied by light microscopy and by transmission and scanning electron microscopy. We found a generalized abnormality in melanogenesis of the retinal pigment epithelium and at least three types of pigmented lesions. The histologic findings in one type of lesion were consistent with congenital hypertrophy of the retinal pigment epithelium or benign pigmented nevus of the retinal pigment epithelium. The other two types of lesion were most consistent with hamartomatous malformations of the retinal pigment epithelium featuring cellular hypertrophy, hyperplasia, and rarely retinal invasion and formation of a minute mushroom-shaped tumor. These histopathologic findings indicate a generalized effect of the familial adenomatous polyposis gene on the retinal pigment epithelium. This oncogene, which is responsible for tumor formation in the gastrointestinal tract, soft tissues, bone, and other locations in patients with familial adenomatous polyposis, also leads to a generalized defect in melanogenesis and focal lesions of the retinal pigment epithelium.",normal,0.2549200654029846,0.7450799942016602,0.7450799942016602,non-urgent,345,True,1|2,neoplasms|digestive system diseases,train,Yuvrajxms09/biobert-triage-classifier,0.7,256
"A high prevalence of antibody to the hepatitis C virus in patients with hepatocellular carcinoma in Japan. In Japan, hepatocellular carcinoma (HCC) is one of the most prevalent cancers, with a reported fatality rate showing a consistent and significant increase in the last decade. At most, only 25% of HCC cases are positive for the hepatitis B surface antigen (HBsAg). To investigate a potential role for hepatitis C virus (HCV) in the development of HCC, sera from 105 HBsAg-negative HCC patients were collected from five districts of Japan and assayed for antibody to HCV antigen (HCVAb). A large number of these patients (76.2%) were found to be positive for the HCVAb in comparison with the reported prevalence in sera from blood donors (1.1%). A history of blood transfusion was found in 39.6% of the cases positive for HCVAb, which was significantly different to the lower rate (4.7%) observed in HCC patients who were both positive for HBsAg and negative for HCVAb (P less than 0.001).",atenção,0.3770134449005127,0.6229864954948425,0.6229864954948425,non-urgent,266,True,1,neoplasms,train,Yuvrajxms09/biobert-triage-classifier,0.7,256
"Acute lobar atelectasis. A comparison of two chest physiotherapy regimens. Fourteen cases of acute lobar atelectasis were alternately allocated to one of two chest physiotherapy regimens for treatment. Treatment in group 1 comprised positioning, vibrations, hyperinflation, and suction, and in group 2, treatment consisted of hyperinflation and suction alone. Treatment in either group was given hourly for six hours. Patients in group 1 had a significantly higher mean percentage resolution of their atelectasis (mean value, 60.1 percent), as seen on chest roentgenogram, after one treatment intervention than patients in group 2 (mean value, 7.6 percent; p less than .006). After the intensive six-hour treatment period, the difference between the groups was marginally statistically significant, still favoring group 1 over group 2 (p less than .055). Follow-up roentgenograms at 24 and 48 hours revealed no significant difference between the treatment groups (p greater than .10 and greater than .20, respectively). These results suggest that, at least initially in the course of acute lobar atelectasis, positioning and vibrations add to the efficacy of a treatment of hyperinflation and suction alone.",atenção,0.3068696558475494,0.693130373954773,0.693130373954773,non-urgent,281,True,5,general pathological conditions,train,Yuvrajxms09/biobert-triage-classifier,0.7,256
"A rapid, effective technique for retrograde crossing of valvular aortic stenosis using standard coronary catheters Retrograde crossing of valvular aortic stenosis can be challenging even to experienced angiographers. In 446 of 447 consecutive patients with aortic stenosis catheterized during the past 3 years, a technique using a standard Judkins right coronary catheter and a floppy straight tipped guide wire was successful in rapidly and efficiently crossing these pathologically distorted valves in retrograde fashion. Once the valve was crossed, the coronary catheter was replaced with a pigtail catheter for pressure and ventriculography. The majority of these valves required less than 2 min to cross using this technique. This method is valuable in limiting the time required for catheterization, thus helping to reduce procedure related morbidity in these oftimes critically ill patients.",urgente,0.7524198889732361,0.2475801110267639,0.7524198889732361,urgent,203,False,4,cardiovascular diseases,test,Yuvrajxms09/biobert-triage-classifier,0.7,256
Acute silicosis due to inhalation of a domestic product. A 20-yr-old woman with no history of pulmonary disease presented with acute dyspnea and fever. After various investigations and treatments the symptoms persisted and a lung biopsy was performed. Pathologic analysis disclosed the presence of silicotic crystals within lung tissue and mediastinal lymph nodes. The patient admitted having repeatedly inhaled a domestic scouring powder rich in silica during the preceding 6 months. This is the first report of acute pulmonary silicosis developing after exposure to a common household product.,urgente,0.7042101621627808,0.2957898080348968,0.7042101621627808,urgent,122,False,5,general pathological conditions,train,Yuvrajxms09/biobert-triage-classifier,0.7,256
"Age, sex, and road-use patterns of motor vehicular trauma in Rhode Island: A population-based hospital emergency department study. Population-based hospital emergency department data on motor vehicle traffic trauma in Rhode Island, 1984-85, are analyzed by age, sex, and road-use status. Annualized rates of overall and severe trauma were 1,195 cases (95% confidence interval [CI] = 1,164, 1,225) and 102 cases (95% CI = 94, 111) per 100,000 population, respectively. Overall and severe rates peaked at ages 15-24 years. Male rate excesses were most pronounced for motor-cycle and pedal cycle trauma.",atenção,0.3600701689720154,0.6399298310279846,0.6399298310279846,non-urgent,143,False,5,general pathological conditions,test,Yuvrajxms09/biobert-triage-classifier,0.7,256
"A new bioprosthetic cardiac valve with reduced calcification. A bioprosthetic cardiac valve cross-linked with a glycerol polyglycidyl ether polyepoxy compound (PC) was developed in order to reduce calcification and degeneration, which often occurs in bioprosthetic cardiac valves. Aortic valves harvested from dogs were treated with PC (PC valve). Right ventricle (RV)-pulmonary artery (PA) bypasses were placed in 12 dogs with PC-valved conduits, and the main PA was ligated. X-ray right ventriculography at 36 days (1 dog) and 37 days (1 dog) revealed an excellent open/close performance of the PC valve, and there was no visible thrombus in the valve. In our basic study, PC treated collagen gel disks implanted in the subcutaneous layer of growing rats showed remarkably less calcium deposition than did those treated with glutaraldehyde (GA). Biologic materials cross-linked with PC maintain their pliability, and become more hydrophilic and more hydrated than those cross-linked with GA. The hydrophilicity and hydration provide sufficient antithrombogenicity and a suitable environment for metabolism in the tissue fluid which contains oxygen, nutritive substances, and electrolytes, leading to inhibition of material degeneration. Therefore, PC valves are expected to show good valve function, sufficient antithrombogenicity, and excellent durability with less calcification, when compared to GA treated valves.",normal,0.1856575459241867,0.8143424987792969,0.8143424987792969,non-urgent,348,True,5,general pathological conditions,train,Yuvrajxms09/biobert-triage-classifier,0.7,256
"An inconsistent relationship between insulin and blood pressure in three Pacific island populations. The evidence linking insulin to blood pressure is controversial, and results for groups similarly categorized by body mass, glucose tolerance and hypertensive status are often contradictory. We have investigated the relationship in three population-based samples of Micronesian (Nauru), Polynesian (Western Samoa) and Melanesian (New Caledonia) Pacific islanders, who are known to be susceptible to obesity, non-insulin-dependent diabetes mellitus (NIDDM), hyperinsulinaemia and hypertension. After controlling for age and body mass index (BMI), mean fasting and 2-hr (post 75 g glucose) insulin levels were not significantly different between hypertensive and non-hypertensive subjects, in any population or glucose tolerance sub-group, excepting 2-hr insulin in New Caledonians with normal glucose tolerance. Similarly, there were no strong trends for a higher prevalence of hypertension amongst those with insulin levels in the upper quartile of the distribution of each population, although it was apparent in some BMI/glucose tolerance sub-groups of two populations. Multiple linear regression analyses also showed an inconsistent and where present, weak, independent association between insulin and blood pressure in models predicting both systolic and diastolic blood pressure. We therefore conclude that the hypothesis implicating insulin as a major determinant of blood pressure and as the pathophysiological link between obesity, NIDDM and hypertension is not strongly supported either by the literature or the present data.",normal,0.0568428002297878,0.943157196044922,0.943157196044922,non-urgent,342,True,4,cardiovascular diseases,train,Yuvrajxms09/biobert-triage-classifier,0.7,256
"Adenocarcinoma in Barrett's esophagus. A clinicopathologic study of 65 cases. The natural history of Barrett's esophagus, particularly the prevalence and incidence of malignant changes in it, remains controversial. Furthermore the prognosis of surgically treated patients with carcinoma in Barrett's esophagus has not been elucidated fully. To examine these and other issues, the records of 65 patients with carcinoma in Barrett's esophagus presenting at the Lahey Clinic Medical Center from January 1973 to January 1989 were reviewed. During this period, 241 patients with documented Barrett's esophagus were seen, for a prevalence of carcinoma of 27%. Adenocarcinoma in Barrett's esophagus accounted for 30% of the surgically treated carcinomas of the thoracic esophagus during this period. All but four of these patients were men. Symptoms of chronic reflux were present in less than one half of the patients and dysphagia was often the presenting symptom. In eight patients the carcinoma was discovered on routine surveillance endoscopy, and in four patients progression of disease from benign columnar epithelium to dysplasia to carcinoma was documented. Tumors developed in six patients who had undergone previous antireflux surgery, and in four other patients a second carcinoma developed in residual Barrett's epithelium after a previous resection. Of the 65 patients, 61 (94%) were considered to have operable disease, all of whom underwent resection. Two patients (3.3%) died within 30 days of operation. The resected specimens were staged as follows: stage 0, 4; stage I, 10; stage II, 17; stage III, 25; stage IV, 4. Of the resected specimens, 73% showed areas of dysplasia adjacent to the tumor. The overall adjusted actuarial 5-year survival rate was 23.7%. The 3-year survival rate was 100% for patients with stage 0 carcinoma, 85.7% for patients with stage I carcinoma, 53.6% for patients with stage IIA carcinoma, 45% for patients with stage IIB carcinoma, 25.2% for patients with stage III carcinoma, and 0% for patients with stage IV carcinoma. The premalignant nature of Barrett's esophagus requires endoscopic surveillance to detect early carcinoma because symptoms often occur late or are absent. Antireflux surgery does not protect against the development of carcinoma. All of the Barrett's epithelium must be resected because a second carcinoma may develop in residual columnar epithelium. Severe dysplasia should be considered an indication for resection. Although operability and resectability rates are high, long-term survival is not. Early detection is mandatory if long-term survival is to be achieved.",atenção,0.3224764764308929,0.6775235533714294,0.6775235533714294,non-urgent,648,True,1,neoplasms,train,Yuvrajxms09/biobert-triage-classifier,0.7,256
"A randomized clinical study of a calcium-entry blocker (lidoflazine) in the treatment of comatose survivors of cardiac arrest. Brain Resuscitation Clinical Trial II Study Group BACKGROUND. Abnormalities of cellular calcium homeostasis have been implicated in the pathophysiology of postischemic encephalopathy. Calcium-entry-blocking drugs inhibit the influx of calcium into cells and have been shown to mitigate postischemic encephalopathy in animal models. METHODS. Five hundred twenty patients with cardiac arrest who remained comatose after the restoration of spontaneous circulation were randomly assigned to receive three doses of lidoflazine, an experimental calcium-entry blocker, or a placebo and were followed for six months. Four patients were lost to follow-up. Treated patients received an intravenous loading dose (1 mg per kilogram of body weight) of lidoflazine and two subsequent doses (0.25 mg per kilogram) 8 and 16 hours after resuscitation. The investigators were blinded to treatment assignment. RESULTS. There was no statistically significant difference between the lidoflazine group (n = 259) and the placebo group (n = 257) in the proportion of patients who died during the six-month follow-up (82 vs. 83 percent), who survived with good cerebral recovery (15 vs. 13 percent), or who survived with severe neurologic deficit (1.2 vs. 1.9 percent). Analysis of the best level of recovery achieved at any time during follow-up also did not show a difference between the treatment groups: 24 percent of those given lidoflazine and 23 percent of those given placebo recovered good cerebral function (normal or only moderately disabled cerebral performance) at some time. CONCLUSIONS. The administration of lidoflazine after cardiac arrest was not found to be beneficial. Our data do not support the routine use of this calcium-entry-blocking drug in comatose survivors of cardiac arrest.",atenção,0.6511822938919067,0.3488176763057709,0.6511822938919067,urgent,442,True,5,general pathological conditions,train,Yuvrajxms09/biobert-triage-classifier,0.7,256
"An immunohistochemical evaluation of progesterone receptor in frozen sections, paraffin sections, and cytologic imprints of breast carcinomas. Two monoclonal antibodies to progesterone receptor (PR), JZB39 and KD68, were used for the immunocytochemical visualization of PR in different kinds of breast cancer specimens including (1) cryostat sections of tumors frozen at -80 degrees C; (2) paraffin sections of tumors fixed in formalin or in Bouin's fixative for varying periods of time at room temperature or at 4 degrees C; and (3) imprints and cryostat sections prepared from the tissue used for frozen section diagnosis and stored at -80 degrees C after fixation in Zamboni's solution. Sections of conventionally frozen specimens as well as imprints and cryostat sections stored for varying periods of time were stained with the peroxidase-antiperoxidase technique, whereas the avidin-biotin technique was used for paraffin sections. In all types of specimens the PR immunostaining was localized to the nuclei of carcinoma cells and displayed considerable heterogeneity both in intensity and in distribution of positive cells. Close correspondence was found between the different immunohistochemical techniques as well as between immunostaining and steroid-binding assays. PR staining was more frequently positive in well-differentiated than in moderately or poorly differentiated carcinomas, whereas no meaningful correlation was found between PR staining and extent of the disease. Similar results were obtained with the immunostaining of estrogen receptor in the same material using monoclonal antibodies H222 and D75P3 gamma. Thus, by choosing the technique that best suits the type of specimen available, it is possible to obtain valid information on the receptor status of any breast carcinoma, regardless of its size and clinical presentation.",normal,0.2801769077777862,0.7198230624198914,0.7198230624198914,non-urgent,411,True,1,neoplasms,train,Yuvrajxms09/biobert-triage-classifier,0.7,256
"Aggressive primary gastrointestinal lymphomas: review of 91 patients treated with the LNH-84 regimen. A study of the Groupe d'Etude des Lymphomes Agressifs. PURPOSE: Patients with aggressive primary gastrointestinal lymphoma undergoing the LNH-84 chemotherapy regimen were analyzed to determine the efficacy of intensive combination chemotherapy, the role of surgical debulking in patients treated with combination chemotherapy, and the toxicity associated with each of these modalities. PATIENTS AND METHODS: Ninety-one patients with primary gastrointestinal lymphoma who participated in the prospective multicenter LNH-84 combination chemotherapy trial (total number of patients in trial, 737) were analyzed. These 91 patients included 69 (76%) with diffuse large cell, nine (10%) with diffuse mixed, and seven (8%) with small noncleaved cell lymphoma. Two patients (2%) had stage IE, 54 patients (59%) stage IIE, and 35 patients (38%) stage IV disease; all patients with stage IE, 22 with stage IIE, and 18 with stage IV disease had bulky (greater than or equal to 10 cm) tumors. Specific sites of gastrointestinal involvement included stomach (47%), small bowel (38%), ileocecum (14%), colon (11%), and rectum (7%). Although surgical resection was attempted in 71 patients (78%), only 28 (31%) had complete tumor excision. All patients received three or four cycles of ACVB (defined in text) induction therapy followed by sequential consolidation as previously described. RESULTS: Responses to treatment in the 91 patients included 71 (78%) complete remissions, six (7%) partial remissions, five (5%) nonresponses, and nine (10%) deaths. With a median follow-up of 3 years, 10 patients (14%) have had relapses; predicted 4-year disease-free survival of complete responders is 85% and predicted 4-year survival of the entire group is 62%. In patients with stage IE or IIE disease, the complete response, survival, and disease-free survival rates were similar in those who underwent complete surgical resection or incomplete or no surgical resection prior to the administration of combination chemotherapy. Prognostic factors predicting for survival in the 91 patients with primary gastrointestinal lymphoma were similar to those in the 646 other patients treated with the LNH-84 regimen. CONCLUSIONS: Patients with aggressive gastrointestinal lymphoma treated with intensive chemotherapy have outcomes and prognostic factors comparable to those of patients with similar-stage aggressive lymphoma without primary gastrointestinal involvement. Surgical resection prior to the administration of combination chemotherapy did not influence the complete response rate, survival rate, or disease-free survival rate in this small group of patients.",atenção,0.3949723839759826,0.6050276756286621,0.6050276756286621,non-urgent,680,True,1,neoplasms,train,Yuvrajxms09/biobert-triage-classifier,0.7,256
"A field study of the safety and efficacy of two candidate rotavirus vaccines in a Native American population. A double-blind, randomized, placebo-controlled trial was conducted to evaluate the safety and efficacy of a rhesus rotavirus vaccine and RIT 4237, a bovine rotavirus vaccine, in a Navajo population. Infants aged 2-5 months were randomized to receive one dose of either 10(4) pfu of the rhesus rotavirus vaccine or 10(8) pfu of the RIT 4237 vaccine or placebo. Eleven (10.2%) of 108 infants in the rhesus vaccine group, 11 (10.4%) of 106 in the RIT 4237 group, and 9 (8.4%) of 107 in the placebo group experienced rotavirus diarrhea during the follow-up period of 17 months. Thus, in this population, neither vaccine was efficacious in preventing rotavirus diarrhea.",normal,0.2483971118927002,0.7516028881072998,0.7516028881072998,non-urgent,215,False,2,digestive system diseases,train,Yuvrajxms09/biobert-triage-classifier,0.7,256
"Alcoholic liver disease. Alcoholic liver disease presents a wide spectrum of clinical manifestations ranging from mild asymptomatic fatty liver to alcoholic hepatitis and severe life-threatening liver failure with ascites, hemorrhaging esophageal varices, and encephalopathy. Although still poorly understood, the mechanism of this injury is probably the result of numerous direct toxic and metabolic effects of alcohol on the hepatocyte. Therapy consists primarily of abstinence and supportive care. However, several newer treatments are actively being studied. These include prednisolone, anabolic steroids, glucagon and insulin, propylthiouracil, and cyanidanol. Colchicine is promising as an agent to inhibit fibrosis. Complications of cirrhosis, including ascites and variceal hemorrhage, are the result of end stage disease. A return to old techniques of ascitic fluid management suggests that therapeutic large-volume paracentesis with albumin infusion is a safe and effective form of therapy. Variceal hemorrhage is best treated with sclerotherapy, vasoconstrictors, and balloon tamponade. Little has been done to alter the ultimately dismal prognosis and long-term survival of alcoholic liver disease.",urgente,0.8194639086723328,0.1805361062288284,0.8194639086723328,urgent,294,True,2,digestive system diseases,train,Yuvrajxms09/biobert-triage-classifier,0.7,256
"A rat model of esophageal varices. We have developed a new method for inducing portal hypertension and esophageal varices in rats--partial ligation of the portal vein after devascularization of the circumference of the left renal vein and complete ligation of the portal vein on the fifth day thereafter. Thirty rats were separated into groups of 10, control (sham operation), complete portal ligation only and complete portal ligation plus devascularization. Two weeks after the surgery, the presence of esophageal varices in rats with complete portal ligation plus devascularization was confirmed by portography and by the histological findings. The diameter (mean +/- SD) of the submucosal veins of the lower esophagus in the complete portal ligation plus devascularization group (219.4 +/- 86.6 microns) was significantly larger than that in the complete portal ligation group (99.8 +/- 53.4 microns) or in the control group (30.5 +/- 16.6 microns) (p less than 0.01). Vascular structures of the lower esophagus closely resembled those in humans with esophageal varices. This new technique is simple, rapid and reliable, and application can be made to various experimental studies on portal hypertension.",atenção,0.5500301122665405,0.4499699473381042,0.5500301122665405,urgent,305,True,2,digestive system diseases,train,Yuvrajxms09/biobert-triage-classifier,0.7,256
"A new technique of surgical treatment of chronic duodenal ulcer without laparotomy by videocoelioscopy. We performed truncal posterior right vagotomy with lesser curve anterior gastric myotomy by videocoelioscopy on 10 patients (5 men and 5 women, ranging in age from 19 and 54 years, with a mean age of 32 years). All had a long history of chronic duodenal ulcer with a mean duration of symptoms of 3.8 years. The mean length of the operation was 60 minutes (range: 55 to 110 minutes). There was no morbidity, and all patients were discharged after 5 days. The acid secretion tests under basal conditions and under insulin stimulation preoperatively and 1 month postoperatively showed a mean decrease in the basal output of 79.3% and a mean decrease of 83.04% in the maximal output. The fibroscopic control at the second postoperative month showed a complete healing of the ulcer in nine patients and a residual ulcer scar in one. No patients had any abdominal complaints. Right truncal vagotomy and anterior lesser curve seromyotomy by videocoelioscopy is an efficient and elegant method of treating chronic duodenal ulcer, but it needs thorough experimental practice.",normal,0.2619889080524444,0.7380111217498779,0.7380111217498779,non-urgent,275,True,2|5,digestive system diseases|general pathological conditions,train,Yuvrajxms09/biobert-triage-classifier,0.7,256
'Two-stage turbinectomy': sequestration of the inferior turbinate following submucosal diathermy. Submucous diathermy of the inferior turbinates is a widely practised procedure. Three cases are presented in which surgery was complicated by avascular necrosis of the turbinate bone. Each patient required a debridement procedure before healing and recovery of normal mucociliary function could take place.,atenção,0.4677980244159698,0.5322020053863525,0.5322020053863525,non-urgent,99,False,5,general pathological conditions,train,Yuvrajxms09/biobert-triage-classifier,0.7,256
"An extracorporeal perfusion system to bridge pediatric liver transplant candidates. An extracorporeal liver perfusion system was designed to maintain cadaver livers in an oxygenated, normothermic state for bridging procedures for hepatic transplantation. Nonpulsatile high flow and pulsatile low flow blood are supplied to the portal venous (PV) and hepatic arterial (HA) circulations. Controlled low blood flow (5-10 cc/kg [patient]/min) is exchanged between the high flow extracorporeal perfusion circuit (1 cc/g [liver]/min) and the patient. The system was evaluated in perfusions of fresh, excised pig livers (n = 5). The average oxygen consumption was 9 +/- 3 microliters/g/min, and bile production averaged 4.7 microliters/g/hr. Perfusion pressures and flows were normal in both the HA and PV circulations for about 4 hr. Pressures then gradually rose, especially in the HA circulation, causing flow to decrease, with subsequent mottling and discoloration of the liver. Red blood cell, platelet, and white blood cell counts fell continuously. Maintenance of liver function was assessed by clearance of an 80 mg taurocholic acid challenge. An average of 56% of injected acid was cleared from the perfused livers (n = 5) in the first half hour, compared with 90% and 25% for the in situ (n = 3) and unperfused (n = 3) control livers, respectively. The system consistently maintained livers in a moderately well functioning state through the first 4 hr of perfusion. Adequate support of animals with induced hepatic failure must now be demonstrated.",urgente,0.7252944707870483,0.2747054994106293,0.7252944707870483,urgent,388,True,3|5,nervous system diseases|general pathological conditions,train,Yuvrajxms09/biobert-triage-classifier,0.7,256
"5-Aminosalicylic acid is a potent inhibitor of interleukin 1 beta production in organ culture of colonic biopsy specimens from patients with inflammatory bowel disease. Interleukin 1 beta in biopsy specimens from inflamed colonic mucosa of patients with active inflammatory bowel disease was studied. Compared with normal colonic mucosal biopsy specimens, a significantly greater amount of interleukin 1 beta was present in rectal mucosa before (median (range) 4.3 (2.0-11.8) v 119.2 (30.1-286.8) pg/mg; p less than 0.01) and produced during organ culture (39.1 (9.4-106.8) v 97.6 (28.2-991.6) pg/mg; p less than 0.01). Values of interleukin 1 beta after culture correlated with concentrations of thromboxane B2. Organ culture of inflamed biopsy specimens in the presence of 5 aminosalicylic acid and dexamethasone reduced the amount of interleukin 1 beta detected. At the doses studied, 5 aminosalicylic acid also reduced the amount of leukotriene B4 detected after culture.",normal,0.2991667985916137,0.700833261013031,0.700833261013031,non-urgent,284,True,2,digestive system diseases,train,Yuvrajxms09/biobert-triage-classifier,0.7,256
"Acute lower respiratory tract infections in hospitalized patients with diarrhea in Dhaka, Bangladesh. This study focused on 401 children less than 5 years old who were hospitalized with acute lower respiratory tract infection (ALRI) and diarrhea in Dhaka, Bangladesh, and who were investigated for the presence of both bacterial and viral respiratory tract pathogens as well as for selected diarrheal pathogens. The most common manifestations of ALRI were pneumonia (374 cases), bronchiolitis (12 cases), and tracheobronchitis (11 cases). The majority (77%) of the illnesses were in children less than 2 years of age, and 88% of the children were malnourished. A respiratory tract pathogen was identified in 30% of the patients, and a diarrheal pathogen was identified in 34%. The overall case-fatality rate in children with ALRI and diarrhea was 8%. The case-fatality rate was 14% in children with bacterial pneumonia and diarrhea, 3% in those with viral pneumonia and diarrhea, and 14% in malnourished children with shigellosis and ALRI. The most common respiratory tract pathogens were respiratory syncytial virus, Streptococcus pneumoniae, influenza viruses, and Haemophilus influenzae type b.",urgente,0.788695752620697,0.2113042771816253,0.788695752620697,urgent,302,True,2|5,digestive system diseases|general pathological conditions,train,Yuvrajxms09/biobert-triage-classifier,0.7,256
"Abnormal vitamin B6 status in childhood leukemia. Vitamin B6 is involved in many biological processes of potential relevance to carcinogenesis and tumor growth, including DNA synthesis and maintenance of immunocompetence, yet very little information exists on B6 nutritional status in childhood leukemia. Using a radioenzymatic assay, the authors measured plasma pyridoxal 5'-phosphate (PLP), the biologically active form of B6, in 11 newly diagnosed untreated children with leukemia and 11 age-matched controls. The children with leukemia had significantly lower PLP levels than the controls. In 26 additional leukemia patients and 26 additional controls, a high-performance liquid chromatography assay also demonstrated lower plasma PLP levels in childhood leukemia compared with controls. These differences were significant for both acute lymphoblastic leukemia (ALL) and for acute nonlymphoblastic leukemia (ANLL). The PLP values did not correlate with indices of leukemia cell burden, but did correlate with reported B6 intake, suggesting that illness-related diet changes are at least partially responsible for the low PLP levels. Before any chemotherapy, overall nutritional status was suboptimal in 53% of ALL cases and 57% of ANLL cases. Newly diagnosed children with leukemia have suboptimal overall nutrition as well as suboptimal vitamin B6 status.",normal,0.2674880027770996,0.7325119972229004,0.7325119972229004,non-urgent,318,True,1,neoplasms,test,Yuvrajxms09/biobert-triage-classifier,0.7,256
"Advances in molecular biology. Potential impact on diagnosis and treatment of disorders of the thyroid. Advances in molecular biology research continue to have a major impact on clinical medicine. These advances have provided a means to produce proteins previously available in limited supply and allow for the production of novel proteins that are improved agonists or else antagonists with greater specificity for therapeutic targets. Newer drug delivery systems should facilitate delivery of these proteins. By combining the capabilities to produce drug targets in acceptable quantities with improved methods for determining the three-dimensional structures of these targets, novel organic therapeutic molecules that act on these targets will be designed. Gene transfer therapy using genes that express important proteins or that encode ""antisense"" RNAs that inhibit the translation of specific mRNAs will soon become a reality. The use of RFLPs and PCR methodologies promises increased means to diagnose specific genetic diseases and infections. Most importantly, molecular biology is helping to understand the mechanisms of disease such that novel diagnostic and therapeutic approaches can be described. These advances are providing an understanding of the mechanisms involved in cancers of the thyroid gland. They have already led to an enhanced understanding of (1) the growth factors that control proliferation of the thyroid gland, (2) the potential steps in thyroid nodule and neoplasia development, (3) particular mutations that may occur as thyroid cancers develop, (4) oncogenes that are expressed in thyroid cancers, and (5) the genetic defects that are responsible for thyroid gland malignancies in the multiple endocrine neoplasia (MEN) syndromes. With the latter, the RFLP technology has already provided an enhanced means to diagnose the disorder. With further progress, enhanced means for diagnosis and treatment should emerge. Molecular biology techniques are contributing to an increased understanding of the mechanisms of development of autoimmune thyroid disease as with Graves' disease and Hashimoto's thyroiditis. The potential role of infections, histocompatibility antigens, thyroid gland and extraglandular antigens, immune modulators, subpopulations of T-cells such as suppressor and helper cells, other cells involved in immune responses, and a combination of influences of several different functions on the thyroid gland are being defined. This knowledge should soon suggest improved means for diagnosis and treatment. Understanding of the function of the thyroid hormone receptors should have clinical importance. This knowledge suggests a means to develop thyroid hormone antagonists that may be used to more rapidly ameliorate the effects of hyperthyroidism and could be useful in nonthyroidal disorders such as cardiac arrhythmias.(ABSTRACT TRUNCATED AT 400 WORDS).",normal,0.1746273636817932,0.8253726363182068,0.8253726363182068,non-urgent,582,True,1,neoplasms,train,Yuvrajxms09/biobert-triage-classifier,0.7,256
"A new ophthalmic electronic videoendoscope system for intraocular surgery. A new ophthalmic electronic videoendoscope system has a 20-guage probe for intraocular observation, a standard size for vitreous microsurgical instruments, and both endoscopic and operating microscopic images are displayed on a split-screen monitor system to provide surgeos a simultaneous view of both images. Using this endoscope system at any time during surgery, surgeons can examine the intraocular structure such as the ciliary sulcus, pars plana, or vitreous base and obtain valuable but otherwise unobtainable information for completing the surgery.",atenção,0.4485470354557037,0.5514529943466187,0.5514529943466187,non-urgent,150,False,5,general pathological conditions,test,Yuvrajxms09/biobert-triage-classifier,0.7,256
Adult respiratory distress syndrome after limited resection of adenocarcinoma of the lung. Two cases of the adult respiratory distress syndrome developed after limited resection for lung carcinoma. No other known precipitants were evident. The adult respiratory distress syndrome is a clinical expression of acute lung injury that may arise from various insults and include air and blood borne factors. Tumour related blood borne factors may have contributed to lung injury in these cases.,urgente,0.8691831827163696,0.1308167874813079,0.8691831827163696,urgent,92,False,1|5,neoplasms|general pathological conditions,train,Yuvrajxms09/biobert-triage-classifier,0.7,256
"A chance to cut is a chance to cure? Fifty-seven patients underwent local excision of an invasive distal rectal cancer as an initial operative procedure with curative intent. Five-year survival was 82.5%, and the rectal cancer specific mortality rate was only 10.5%. The level of wall invasion, vascular permeation, tumor ulceration, mobility, and differentiation were the criteria studied for prognosis. Poor prognostic factors included mucinous cell differentiation and full thickness invasion, and in these cases, abdominoperineal resection was recommended. None of the 27 patients without these adverse prognostic factors died from rectal cancer. The other factors did not appear to influence the outcome, and local excision of distal rectal cancer would be the treatment of choice in such selected patients.",atenção,0.5454637408256531,0.4545362591743469,0.5454637408256531,urgent,180,False,1,neoplasms,train,Yuvrajxms09/biobert-triage-classifier,0.7,256
"A new monoclonal antibody (CH-F42) recognizes a CD7- subset of normal T lymphocytes and circulating malignant cells in adult T-cell lymphoma-leukemia and Sezary syndrome. We describe a new rat immunoglobulin M monoclonal antibody (CH-F42) that recognizes a subset (1.5% to 8%) of normal peripheral blood T lymphocytes. The phenotype of these cells was determined, using dual-color immunofluorescence, to be CD2+, CD3+, CD4+, CD5+, CD7-, CD8-. They do not express T-cell activation markers, and are positive for UCHL1 (CD45RO), but negative for 2H4 (CD45RA). The antigen was expressed on circulating malignant cells in Sezary syndrome (four of four cases) and adult T-cell lymphoma-leukemia (ATLL) (four of six cases) and negative in a variety of other hematologic malignancies tested. These included chronic and acute lymphoid leukemias of B and T lineage, together with chronic and acute myeloid leukemias. However, normal CH-F42+ cells do not display any of the ultrastructural features associated with Sezary or ATLL cells. The marked similarities between these conditions together with the shared expression of an otherwise very restricted surface antigen (CH-F42) provide strong evidence for the existence of a common normal counterpart. Preliminary characterization studies of the antigen, which is also expressed by K562 and Jurkat cells, suggest the CH-F42 antigen is an O-linked, sialated glycan on a glycoprotein.",atenção,0.4011573195457458,0.5988427400588989,0.5988427400588989,non-urgent,392,True,1|5,neoplasms|general pathological conditions,test|train,Yuvrajxms09/biobert-triage-classifier,0.7,256
"Acute hemodynamic effects of captopril in children with a congestive or restrictive cardiomyopathy The acute hemodynamic effects of captopril were evaluated at cardiac catheterization in 16 children (age, 0.3-18 years) with cardiomyopathy. Twelve children had congestive cardiomyopathy, whereas four had restrictive cardiomyopathy. Hemodynamic measurements were obtained 30 and 60 minutes after the oral administration of captopril (0.5 mg/kg). Blood pressures were measured in the aorta, pulmonary artery, right atrium, and pulmonary capillary wedge position; cardiac outputs were measured by the thermodilution technique. Hemodynamic data could not be obtained after the administration of captopril in one child with congestive cardiomyopathy because of an immediate, severe hypotensive response. In 11 of 12 children with congestive cardiomyopathy, cardiac index increased by 22%, from 2.3 to 2.8 l/min/m2 (p less than 0.05), and stroke volume increased by 22%, from 23 to 28 ml/m2 (p less than 0.05). Systemic vascular resistance decreased from 32 to 21 units.m2 (p less than 0.01), but the mean aortic pressure did not change significantly. In contrast, four children with restrictive cardiomyopathy had no change in cardiac output after captopril, but there was a trend toward significant arterial hypotension (mean aortic pressure decreased from 78 to 59 mm Hg). Thus, captopril acutely reduced systemic vascular resistance and increased both cardiac output and stroke volume in children with congestive cardiomyopathy. In children with restrictive cardiomyopathy, however, captopril did not affect cardiac output, but it did decrease aortic pressure. These data indicate that captopril may benefit children with a congestive cardiomyopathy but that captopril probably should not be used in children with restrictive disease.",atenção,0.6793577671051025,0.3206422030925751,0.6793577671051025,urgent,454,True,4,cardiovascular diseases,train,Yuvrajxms09/biobert-triage-classifier,0.7,256
"Alcoholics and liver transplantation. The Ethics and Social Impact Committee of the Transplant and Health Policy Center. Two arguments underlie a widespread unwillingness to consider patients with alcoholic cirrhosis of the liver as candidates for transplantation. First, alcoholics are morally blameworthy, their condition the result of their own misconduct; such blameworthiness disqualifies alcoholics in unavoidable competition for organs with others who are equally sick but blameless. Second, because of their habits, alcoholics will not exhibit satisfactory rates of survival after transplantation; good stewardship of a scarce lifesaving resource therefore requires that alcoholics not be considered for liver transplantation. These arguments are carefully analyzed and shown to be defective. There is not good moral or medical reason for categorically precluding alcoholics as candidates for liver transplantation. It would, in addition, be unjust to implement such a preclusion simply because others might respond negatively if we do not.",normal,0.2076704204082489,0.7923296093940735,0.7923296093940735,non-urgent,212,False,2,digestive system diseases,train,Yuvrajxms09/biobert-triage-classifier,0.7,256
"An analysis of randomized trials evaluating the effect of cholesterol reduction on total mortality and coronary heart disease incidence. The primary aim of this study was to estimate the relation between cholesterol reduction and total mortality and coronary heart disease (CHD) incidence. Secondarily, the clinical issues of whether the efficacy of cholesterol lowering is dependent on the treatment modality, presence of CHD at baseline, or the simultaneous introduction of other interventions was explored. All randomized clinical intervention trials of cholesterol reduction were used in an overview analysis of total mortality rate and CHD incidence; analysis was performed with weighted linear regression. The trials include those that used primary and secondary intervention, diet and drugs, and single or multifactor design. Nineteen trials were analyzed for total mortality, and of the 19, 16 were analyzed for CHD incidence rate. Net difference in cholesterol change between study groups was used as the independent variable, and the three previously mentioned dichotomous design characteristics were used as additional independent variables. For every 1% reduction in cholesterol, an estimated 2.5% reduction in CHD incidence is indicated (95% CL: 1.1, 3.9). With regard to CHD drug trials tended toward better efficiency in cholesterol lowering than did dietary trials. With regard to total mortality, this efficiency was higher in secondary than in primary preventive trials. The efficiency was also somewhat dependent on the baseline cholesterol level. This study shows that cholesterol reduction is effective in lowering CHD incidence, but cholesterol reduction must be at least 8-9% to be effective in lowering total mortality.",normal,0.0627179741859436,0.9372820854187012,0.9372820854187012,non-urgent,357,True,4,cardiovascular diseases,train,Yuvrajxms09/biobert-triage-classifier,0.7,256
"A prospective randomized comparison of protracted infusional 5-fluorouracil with or without weekly bolus cisplatin in metastatic colorectal carcinoma. A Mid-Atlantic Oncology Program study. One hundred eighty-four patients with advanced measurable colorectal cancer not previously treated with chemotherapy were entered into a prospective randomized clinical trial by the Mid-Atlantic Oncology Program (MAOP) to assess the value of weekly cisplatin (20 mg/m2) when added to a protracted schedule of 5-fluorouracil (5-FU) infusion (PIF) at 300 mg/m2/d for 10 weeks of every 12 weeks. The liver was the primary indicator lesion in approximately 75% of the study group. All tumor measurements required radiographic confirmation. The response rate in the PIF alone arm was 35% (29 of 83; 95% confidence interval [CI], 25% to 46%) compared with 33% (28 of 85; 95% CI, 23% to 44%) for the arm in which weekly cisplatin was added to PIF. The median survival times were 11.8 and 11.2 months in the two groups. Weekly cisplatin does not appear to add to the effectiveness of PIF in colorectal carcinoma.",atenção,0.5401068329811096,0.459893137216568,0.5401068329811096,urgent,292,True,1,neoplasms,test,Yuvrajxms09/biobert-triage-classifier,0.7,256
"Acute psychosis. Functional versus organic. Acute psychosis is a true emergency and is a manifestation of multiple organic and functional disorders. The emergency medicine physician's role in dealing with the acutely psychotic patient is to control the patient's behavior, to delineate the etiology of the psychosis, and to provide appropriate initial treatment and disposition. When making initial contact with the psychotic patient, behavioral control can be accomplished through supportive, physical, or pharmacologic interventions. Judicious use of rapid tranquilization permits rapid control of these patients when supportive and other nonpharmacologic therapies fail. Initial examination is directed at identifying immediate life-threatening organic disorders and promptly treating them. Historical data, mental status examination, physical examination, and appropriate radiologic and laboratory investigations give information that assist in delineating functional from organic psychosis. Most acute organic psychoses, with the exception of some drug intoxications that clear in the Emergency Department, require medical or surgical admission. Acute functional psychotic patients who are a danger to themselves or others, who are without a reliable social support system, or who present with their first psychotic episode require admission to the psychiatric service for further evaluation and treatment.",urgente,0.9231492280960084,0.0768507644534111,0.9231492280960084,urgent,272,True,5,general pathological conditions,train,Yuvrajxms09/biobert-triage-classifier,0.7,256
"All-trans retinoic acid as a differentiation therapy for acute promyelocytic leukemia. I. Clinical results. Twenty-two patients with acute promyelocytic leukemia were treated with all-trans retinoic acid (RA, 45 mg/m2 per day) for 90 days. Of the 22, four patients were previously untreated, two were resistant after conventional chemotherapy, and 16 were in first (n = 11), second (n = 4), or third (n = 1) relapse. We observed 14 complete response, four transient responses, one failure, and three early deaths. Length of hospitalization and number of transfusions were notably reduced in complete responders. Correction of coagulation disorders and an increase of WBCs were the first signs of all-trans RA efficacy. Morphologic analysis performed at days 0, 15, 30, 45, 60, and 90 showed that complete remissions were obtained without bone marrow (BM) hypoplasia. Presence of Auer rods in the maturing cells confirmed the differentiation effect of the treatment. At remission, the t(15;17) initially present in 20 patients was not found. The in vitro studies showed a differentiation in the presence of all-trans RA in 16 of the 18 tested cases. The single nonresponder to all trans RA in vitro did not respond in vivo. Adverse effects of RA therapy--skin and mucosa dryness, hypertriglyceridemia, and increase of hepatic transaminases--were frequently noted. We also observed bone pain in 11 patients and hyperleukocytosis in four patients. Whether maintenance treatment consisted of low-dose chemotherapy or all-trans RA, early relapses were observed. Five patients are still in complete remission (CR) at 4 to 13 months. Our study confirms the major efficacy of all-trans RA in M3, even in relapsing patients. Remissions are obtained by a differentiation process.",atenção,0.6083884835243225,0.3916115462779999,0.6083884835243225,urgent,442,True,1|5,neoplasms|general pathological conditions,train,Yuvrajxms09/biobert-triage-classifier,0.7,256
"A reevaluation of heparin requirements for cardiopulmonary bypass. We wished to determine if reduction in the standard heparin administration for cardiopulmonary bypass could be accomplished safely with the use of membrane oxygenators. An experimental study was designed to evaluate two different heparin administration protocols for cardiopulmonary bypass with hollow-fiber membrane oxygenators. Two groups of six pigs were submitted to hypothermic cardiopulmonary bypass (28 degrees C) for 3 hours, then rewarmed, decannulated, and reassessed after 1 hour. In group I (control) heparin was administered to maintain the activated clotting time in excess of 450 seconds; in group II activated clotting time was maintained between 250 and 300 seconds. The mean total heparin administered was 41,000 units in group I and 25,000 units in group II. Concentration of coagulation factors II, V, and VIII, fibrinogen, and platelet count were determined before, during, and 1 hour after bypass. No significant difference in any of these coagulation parameters was observed between the groups. The performance of the oxygenators was similar in both groups, with no evidence of thrombosis. Thus reduced heparin administration, enough to keep activated clotting time between 250 and 300 seconds, was not related either to major coagulation factors and platelet consumption or to derangements in the oxygenator's performance.",atenção,0.630387008190155,0.3696129322052002,0.630387008190155,urgent,318,True,5,general pathological conditions,test,Yuvrajxms09/biobert-triage-classifier,0.7,256
"Admission and mid-stay MedisGroups scores as predictors of death within 30 days of hospital admission. We examined the ability of MedisGroups, a severity measure based on clinical data abstracted from the medical record, to predict mortality 30 days following admission. MedisGroups measures severity both on admission and approximately one week into the hospital stay. The data base was a random sample of 20,985 admissions of Medicare beneficiaries with one of six conditions from 833 hospitals in seven states between January 1985 and May 1986. In all six conditions, higher admission and mid-stay severity scores were generally associated with higher risk of death. Across the six conditions, the R-squared values for predicting death using admission scores ranged from 0.01 to 0.16; R-squared values using mid-stay scores ranged from 0.03 to 0.34; and R-squared values from combining admission and mid-stay scores ranged from 0.05 to 0.41. Admission MedisGroups score was thus only modestly predictive of 30-day mortality. While the mid-stay score was more powerful, it may not be an appropriate severity adjuster to screen for quality using hospital mortality rates because it could be influenced by substandard care.",atenção,0.3060984015464782,0.6939015984535217,0.6939015984535217,non-urgent,268,True,4,cardiovascular diseases,train,Yuvrajxms09/biobert-triage-classifier,0.7,256
"Acute dissection of the internal mammary artery: a fatal complication of coronary artery bypass grafting. A case of acute traumatic dissection of the right internal mammary artery is presented in a patient who had both IMAs grafted for recurrent angina 10 years after initial vein coronary revascularisation. The event was mistaken for spasm, but because of severe circulatory collapse no time was available to treat the patient appropriately. The purpose of this report is to facilitate the early recognition and avoidance of this potentially fatal complication.",urgente,0.9013012647628784,0.0986988022923469,0.9013012647628784,urgent,126,False,4|5,cardiovascular diseases|general pathological conditions,train,Yuvrajxms09/biobert-triage-classifier,0.7,256
"Amyloidosis associated bleeding diatheses in the surgical patient. The coagulopathies associated with amyloidosis have not been widely appreciated. We encountered a patient with amyloidosis and mildly abnormal coagulation studies who presented for an emergency laparotomy for acute bowel obstruction. Upon gentle manipulation of the bowel, an unexpected bleeding diathesis was manifested by the formation of several large haematomas resulting in a large amount of blood loss (approximately 800 ml). Numerous defects of platelet function and coagulation have been associated with amyloidosis, including abnormal platelet aggregation, increased vascular fragility, factor IX and X deficiencies, decreased levels of alpha-2-plasmin inhibitor, and increased levels of plasminogen. Intraoperative therapy for our patient included the rapid administration of four units of fresh frozen plasma and ten units of platelet concentrate. A review of the pathology and therapeutic modalities for this potentially life-threatening complication is presented.",urgente,0.927911341190338,0.072088673710823,0.927911341190338,urgent,221,False,2|5,digestive system diseases|general pathological conditions,train,Yuvrajxms09/biobert-triage-classifier,0.7,256
"An improved photochemical model of embolic cerebral infarction in rats. To provide further evidence that the multiple cerebral infarcts found in rats following photochemical damage to the carotid artery are caused by emboli and to eliminate the systemic hypotension and heating of the blood reported with the previous photochemical embolic stroke model (rose bengal and a green laser), I have modified the photochemical technique. Brain pathology was studied in 18 Wistar rats following carotid artery irradiation with a red laser (632 nm) at powers ranging from 100 to 800 mW/cm2 for 10 or 20 minutes following the injection of the photosensitizing dye Photofrin II. Multiple cerebral arterioles were occluded by platelet aggregates containing frequent erythrocytes and leukocytes, identical to the thrombotic material in the carotid artery but different from the platelet aggregates seen in the carotid artery and the brain in the rose bengal model. Eighty infarcts were distributed randomly throughout the brain ipsilateral to the nonocclusive carotid thrombus. Significant heating (0.5 degree C or more) of the blood occurred only with laser powers higher (1,600 mW/cm2) or laser irradiations longer (25 minutes) than those used in the improved model of embolic stroke. This model mimics one mechanism of stroke in humans and provides a means to study systematically the morphological evolution of small cerebral infarcts.",atenção,0.6988089680671692,0.301190972328186,0.6988089680671692,urgent,325,True,3|4,nervous system diseases|cardiovascular diseases,train,Yuvrajxms09/biobert-triage-classifier,0.7,256
"A randomized trial comparing two methods of cold knife conization with laser conization. In a randomized study, 62 women were submitted to cold knife conization with application of Sturmdorf sutures, 60 to cold knife conization without sutures, and 61 to laser conization. Early hemorrhage occurred in 1.6, 13.3, and 6.6% of women, respectively (P less than .05), and late hemorrhage in 15.3, 3.6, and 11.7%, respectively. Considering early and late hemorrhage together, there was no significant difference among the three treatment groups. Dysmenorrhea tended to be more common after application of Sturmdorf sutures, as it was reported by 27.8, 13.2, and 14.3% of patients, respectively, but the difference was not statistically significant. Dysmenorrhea occurred in 13% of the cases with a cone height of 20 mm or less and in 26% of the cases with a cone height greater than 20 mm (P less than .05). Endocervical cells were present significantly more often after sampling with a cytobrush than with a cotton swab (P less than .0001), whereas the method of conization had no influence. In smears obtained with a cytobrush, endocervical cells were present in 88.0, 84.9, and 82.5% of the cases; in smears obtained with a cotton swab, endocervical cells were present in 46.6, 57.7, and 54.5%, respectively. We conclude that cold knife conization without Sturmdorf sutures is about equal to laser conization in overall complications, but the laser is preferable for outpatient treatment because of a lower frequency of early hemorrhage. Sturmdorf sutures should be avoided. Smears at follow-up should be taken with a cytobrush and a wooden spatula.",normal,0.2824499011039734,0.7175500392913818,0.7175500392913818,non-urgent,432,True,1,neoplasms,train,Yuvrajxms09/biobert-triage-classifier,0.7,256
"A topographical relationship between Helicobacter pylori and gastritis: quantitative assessment of Helicobacter pylori in the gastric mucosa. A topographical relationship between the number of Helicobacter pylori in the gastric mucosa and the histological severity of gastritis was studied in 902 pairs of biopsy specimens taken from 314 patients. A pair of biopsies were taken from the antrum, the lesser curvature of the middle body, and the greater curvature of the upper body of the stomach. The quantitative assessment of H. pylori was made based on smear, culture, and tissue section. The histological severity of gastritis was assessed as to the degrees of mononuclear cell and polymorphonuclear leukocyte infiltration. A positive correlation was confirmed between the number of H. pylori and the severity of polymorphonuclear leukocyte infiltration. The degrees of inflammatory cells infiltration in the specimens with H. pylori colonization were significantly lower in the upper body than in the antrum.",normal,0.2381050139665603,0.7618950009346008,0.7618950009346008,non-urgent,252,False,2|5,digestive system diseases|general pathological conditions,test|train,Yuvrajxms09/biobert-triage-classifier,0.7,256
"An immunohistochemical study of pi class glutathione S-transferase expression in normal human tissue. Glutathione S-transferases (GSTs), a family of isoenzymes that play an important role in protecting cells from cytotoxic and carcinogenic agents, can be separated by biochemical and immunologic characteristics into three distinct classes named alpha, mu, and pi. Previous studies have indicated that there is marked heterogeneity in the expression of different GST isoenzymes in different normal and malignant tissues. To better understand the regulation of the human pi class glutathione S-transferase isoenzyme (GST-pi), the tissue distribution of this protein wa studied by an immunohistochemical technique using an anti-GST-pi polyclonal antibody in normal paraffin-embedded human tissues. These studies indicate that there is a broad distribution of GST-pi in normal human tissues and establish a precise localization within the different organs studied. GST-pi was expressed predominantly in normal epithelial cells of the urinary, digestive, and respiratory tracts, suggesting a possible role for GST-pi in detoxication and elimination of toxic substances. Previous studies have indicated that GST-pi and the putative drug efflux pump P-glycoprotein are both overexpressed in multidrug-resistant human breast cancer cells and in xenobiotic resistant preneoplastic rat hyperplastic liver nodules. Results from this study indicate that there are also similarities between the normal tissue distribution GST-pi and that previously reported for mammalian P-glycoprotein, particularly in secretory epithelia. This finding suggests that these two gene products, which have been implicated in the development of resistance to cytotoxic drugs, may be coregulated in normal and malignant cells.",normal,0.2132173180580139,0.7867826819419861,0.7867826819419861,non-urgent,429,True,1,neoplasms,train,Yuvrajxms09/biobert-triage-classifier,0.7,256
"A consensus approach to electrolytes and blood pressure. Could we all be right? This commentary sets forth the hypothesis that the putative beneficial or detrimental effects of specific electrolytes on blood pressure regulation in fact reflect highly integrated responses to interactions among these cationic and anionic species. In this paradigm, the impact of any given intake of an electrolyte on arterial pressure will be influenced by the concurrent consumption of other electrolytes. Thus, the heterogeneous blood pressure response in humans to isolated manipulations of nutrients such as sodium, calcium, and potassium may be determined, in part, by the adequacy of the dietary intake of other mineral elements. If this hypothesis is validated by continued research in this area, we would have new strategies available to improve blood pressure control in humans. For example, treatment of ""NaCl sensitivity"" in some humans might be more effectively approached by correcting dietary deficiencies of either potassium or calcium than by restricting dietary NaCl.",normal,0.0394413098692894,0.9605587124824524,0.9605587124824524,non-urgent,213,False,4,cardiovascular diseases,train,Yuvrajxms09/biobert-triage-classifier,0.7,256
"Abscess of the sphenoid sinus after transsphenoidal surgery. A case of a bacterial abscess developing in the sphenoid sinus 2 weeks after transsphenoidal surgery is presented. Although abscesses within the sella turcica have been reported as rare complications of transsphenoidal surgery, this is the first reported case of the postoperative formation of an abscess of the sphenoid sinus. The patient sought treatment for severe headaches, nausea and vomiting, and marked temperature elevation. A computed tomographic scan demonstrated soft tissue and air within the sphenoid sinus. A regimen of stress doses of hydrocortisone and antibiotics was prescribed, and the patient underwent transsphenoidal drainage of the sphenoid sinus. The sella turcica was not involved. Anaerobic cultures were positive for Fusobacterium necrophorum.",urgente,0.8288208246231079,0.1711791753768921,0.8288208246231079,urgent,209,False,5,general pathological conditions,train,Yuvrajxms09/biobert-triage-classifier,0.7,256
"A study of immunoglobulin G in the cerebrospinal fluid of 1007 patients with suspected neurological disease using isoelectric focusing and the Log IgG-Index. A comparison and diagnostic applications. Cerebrospinal fluid and serum immunoglobulin G from 1007 patients with suspected neurological disease were analysed by 2 methods: isoelectric focusing for the detection of oligoclonal banding, and quantitative measurement of IgG and albumin for the formulation of a Log IgG-Index. A comparison of the 2 methods in the detection of local synthesis of IgG showed that isoelectric focusing not only gave a much higher yield overall, with 282 patients showing local synthesis versus 225 for the Log IgG-Index, but also a higher specificity, with a false positive rate of 0% versus 3.5%. In addition, of the 282 patients positive by isoelectric focusing only 163 (58%) were positive by the Log IgG-Index. Of the 1007 patients studied, 206 had multiple sclerosis (MS), and isoelectric focusing showed local synthesis in 95% of clinically definite cases, with a 90% detection rate overall. The Log IgG-Index was positive in only 67% of clinically definite cases, with an overall 59% detection rate. Thus with the exceptions noted above, local synthesis of IgG as defined by isoelectric focusing is confined to demyelinating, inflammatory, infectious and postinfectious disorders. Our results compare very favourably with the published sensitivities of magnetic resonance imaging in the detection of abnormalities in multiple sclerosis, and better than those for evoked potentials. Where both these investigations are readily available isoelectric focusing provides a useful adjunct. For the majority of physicians and neurologists who do not have ready access to magnetic resonance imaging, isoelectric focusing is an excellent alternative. We would also recommend that it become the standard for the measurement of IgG abnormalities in the cerebrospinal fluid and that the use of quantitative data be abandoned for routine purposes.",normal,0.1734804362058639,0.8265195488929749,0.8265195488929749,non-urgent,470,True,1|3,neoplasms|nervous system diseases,test|train,Yuvrajxms09/biobert-triage-classifier,0.7,256
"A new DNA marker (D10S94) very tightly linked to the multiple endocrine neoplasia type 2A (MEN2A) locus. Combined somatic cell hybrid and linkage studies between D10S94 and five pericentromeric loci (FNRB, D10Z1, MEN2A, RBP3, and D10S15) have localized the new DNA sequence pcl1/A1S-6-c23 at D10S94 to 10q11.2. No recombinants were observed between D10S94 and D10Z1 or MEN2A. D10S94 maps in proximal 10q11.2 very near to MEN2A. There are three possible orders for the six loci that we investigated from the centromeric region of chromosome 10. At present the genetic data do not allow us to order MEN2A with respect to D10Z1 and D10S94. The three possible orders are FNRB-D10Z1-D10S94-MEN2A-RBP3-D10S15, FNRB-D10Z1-MEN2A-D10S94-RBP3-D10S15, and FNRB-MEN2A-D10Z1-D10S94-RBP3-D10S15. In view of the fact that no recombinants between D10S94 and MEN2A or between D10S94 and D10Z1 were observed, the combined haplotypes formed from RFLPs and D10Z1 and D10S94 will increase the informativeness and accuracy of genotype prediction for at-risk members of the families having the MEN 2A syndrome, particularly when the affected parent is female. The localization of D10S94 with respect to MEN2A will prove valuable in experiments directed toward cloning the MEN2A locus.",normal,0.2007474899291992,0.7992525696754456,0.7992525696754456,non-urgent,439,True,1,neoplasms,train,Yuvrajxms09/biobert-triage-classifier,0.7,256
"Adult T-cell leukemia-derived factor/thioredoxin, produced by both human T-lymphotropic virus type I- and Epstein-Barr virus-transformed lymphocytes, acts as an autocrine growth factor and synergizes with interleukin 1 and interleukin 2. Interleukin 1 (IL-1) has been obtained from the Epstein-Barr virus-infected B-lymphoblastoid cell line 3B6 and shown to be involved in autocrine growth of 3B6 B cells. Independently, adult T-cell leukemia-derived factor (ADF) was purified from human T-lymphotropic virus I-infected leukemic T-cell line (ATL-2) and reported as an interleukin 2 (IL-2) receptor-inducing factor. We have previously reported the same molecular mass, pI, and NH2-terminal amino acid sequence for both 3B6-derived IL-1 and ADF. cDNA cloning of ADF demonstrated high homology with the prokaryotic disulfide reducing enzyme thioredoxin. We show here that ADF and 3B6-derived IL-1 are identical. By RNA blot, 3B6 and ATL-2 cells were shown to contain high levels of 0.6-kilobase mRNA corresponding to ADF. Such message was not detected in resting peripheral blood lymphocytes but could be weakly induced by lymphocyte activation. Antibodies have been raised against synthetic peptides corresponding to the NH2 terminus and the COOH terminus of ADF. Immunoblotting and sequential immunoprecipitation with these antibodies revealed the same 13-kDa protein in 3B6 and ATL-2 cells. Recombinant ADF could sustain growth of 3B6 and ATL-2 cells at low cellular concentration without fetal calf serum; ADF, thus, appears involved in their autocrine growth. Similarly, recombinant ADF could enhance growth of other B-cell lines, including the Epstein-Barr virus-negative Burkitt lymphoma line BL41 and the lymphoblastoid cell lines CRAG8, CRB95, and 1G8. Finally, recombinant ADF exhibits marked synergism with other cytokines, such as IL-1 and IL-2, allowing virally infected lymphocytes to respond to suboptimal amounts of a variety of growth factors.",normal,0.226937860250473,0.7730621695518494,0.7730621695518494,non-urgent,555,True,1,neoplasms,test,Yuvrajxms09/biobert-triage-classifier,0.7,256
"Acute water intoxication as a complication of urine drug testing in the workplace Urine drug testing is now mandatory in many industries. We report the first case, to our knowledge, of an adverse consequence of drug testing in the workplace: acute water intoxication. We discuss normal water metabolism and the adverse effects of water loading and impaired renal function on free water clearance. We present a literature review of seven other cases of acute voluntary water intoxication in patients without chronic psychiatric or neurologic illness. For workers undergoing urine drug testing we conclude that risk factors for acute water intoxication include (1) intake of more than 1 L of water and (2) impaired urine dilution. In a recently drug-tested worker, symptoms of cerebral dysfunction should suggest the possibility of water intoxication.",urgente,0.7111964821815491,0.2888034880161285,0.7111964821815491,urgent,169,False,5,general pathological conditions,train,Yuvrajxms09/biobert-triage-classifier,0.7,256
"4-Hydroperoxycyclophosphamide purging of breast cancer from the mononuclear cell fraction of bone marrow in patients receiving high-dose chemotherapy and autologous marrow support: a phase I trial. We designed an ex vivo bone marrow treatment for breast cancer patients receiving high-dose chemotherapy and autologous bone marrow support (ABMS), using 4-hydroperoxycyclophosphamide (4-HC), an active derivative of cyclophosphamide with known activity against breast cancer. This phase I bone marrow purging trial used ficoll-separated mononuclear cells (MNC) (devoid of granulocytes and RBCs), as opposed to the buffy coat. Twenty-five patients with metastatic breast cancer were studied. Patients received three cycles of the Adriamycin (doxorubicin; Adria Laboratories, Columbus, OH), fluorouracil, and methotrexate (Duke AFM) regimen, followed by marrow harvest. An MNC fraction of marrow was prepared and treated with 4-HC in concentrations of 20 micrograms/mL (four patients), 40 micrograms/mL (four patients), 60 micrograms/mL (nine patients), or 80 micrograms/mL (eight patients) and cryopreserved. Patients then received high-dose systemic cyclophosphamide, cisplatin, and carmustine, followed by infusion of the purged marrow. The study end point was marrow engraftment, defined as WBC count greater than 1,000 cells per microliter. At the first three dose levels (20, 40, and 60 micrograms/mL 4-HC), there was no significant delay in time to engraftment (19, 20, and 23 days, respectively) compared with the unpurged historical controls (17 days). At 80 micrograms/mL, engraftment was significantly delayed compared with the lower concentrations (P = .027), and further escalation of 4-HC was not attempted. A significant correlation was observed between the time of leukocyte engraftment and the 4-HC concentration (P = .017). With a methylcellulose-based tissue culture assay, we demonstrated a statistically significant correlation between the colony-forming unit-granulocyte-macrophage (CFU-GM) content in the purged marrow and the days to engraftment. Ninety-five percent of patients responded clinically to the entire program, 55% of them completely. Longer follow-up is required to assess the ultimate benefit of intensive therapy on long-term survival.",atenção,0.6463130712509155,0.3536869287490845,0.6463130712509155,urgent,620,True,1,neoplasms,train,Yuvrajxms09/biobert-triage-classifier,0.7,256
"Acute tumor lysis syndrome after intrathecal methotrexate administration. A 44-year-old man had acute tumor lysis syndrome after a single dose of intrathecal methotrexate was administered for lymphomatous meningitis (high-grade, small noncleaved B-cell) in the setting of untreated systemic disease. The metabolic derangements reversed completely with conservative therapy and did not recur with subsequent treatment. Intrathecal methotrexate administration results in potentially toxic systemic methotrexate levels which persist longer than an equivalent systemic dose. Active central nervous system lymphoma may increase the duration of toxic levels in the circulation and contribute to the peripheral effects of the drug. The pathogenesis of tumor lysis syndrome in this patient and the mechanisms of systemic toxicity of intrathecal methotrexate are discussed.",urgente,0.8501883745193481,0.1498116254806518,0.8501883745193481,urgent,195,False,1|5,neoplasms|general pathological conditions,train,Yuvrajxms09/biobert-triage-classifier,0.7,256
"An evaluation of the Level 1 blood warmer series The Level 1 blood warmer series comprises three infusion sets and two blood warmers of different power outputs. All systems were found to be extremely efficient, with the larger 500 series capable of warming the equivalent of 80 units of blood an hour almost to body temperature.",normal,0.168153703212738,0.8318462371826172,0.8318462371826172,non-urgent,64,False,5,general pathological conditions,train,Yuvrajxms09/biobert-triage-classifier,0.7,256
"Alexia without agraphia associated with spleniogeniculate infarction. Pure alexia, following an infarction in the distribution of the left posterior cerebral artery, is attributed to damage of the left occipital lobe and the splenium of the corpus callosum. We describe a case of pure alexia in a 57-year-old woman with infarction of the left lateral geniculate body and the splenium of the corpus callosum, a variation on this classic disconnection syndrome.",atenção,0.395695298910141,0.6043046712875366,0.6043046712875366,non-urgent,111,False,3|5,nervous system diseases|general pathological conditions,test|train,Yuvrajxms09/biobert-triage-classifier,0.7,256
"Allograft reconstructions of the shoulder after bone tumor resections. Large skeletal defects resulting from tumor resections about the shoulder create reconstructive challenges for the orthopedic surgeon. Bone allografts offer several advantages compared with other reconstructive techniques, and functional outcomes are generally satisfactory. They may be used either as osteoarticular grafts, intercalated segments to create an arthrodesis, or in combination with standard proximal humerus metallic implants. Patient expectations and specific oncologic factors must be considered when selecting the optimal method of reconstruction.",normal,0.2591087222099304,0.7408912777900696,0.7408912777900696,non-urgent,129,False,1,neoplasms,test,Yuvrajxms09/biobert-triage-classifier,0.7,256
"Acute respiratory disease in Spain: seven years of experience The clinical and epidemiologic features of viral and nonviral pathogens involved in acute respiratory diseases are described in the context of cases of infection (especially atypical pneumonia and bronchiolitis) studied at the Centro Nacional de Microbiologia, Virologia e Immunologia Sanitarias in Madrid during a 7-year period (1979-1986). These etiologies were demonstrated in 1,637 (36.2%) of 4,521 cases. Among viruses, respiratory syncytial virus most frequently infected children; influenza virus showed the same pattern of circulation as in other European countries. Of nonviral agents, Mycoplasma pneumoniae and C. burnetii were most often involved in lower respiratory tract infections, with a variable predominance in patients of different ages. A high proportion of cases of M. pneumoniae infection occurred in infants and children aged less than 1 year, and most of these cases occurred during spring and summer. The majority of Q fever cases, including those observed in two outbreaks, occurred in the northern region.",atenção,0.4805857539176941,0.5194141864776611,0.5194141864776611,non-urgent,247,False,5,general pathological conditions,train,Yuvrajxms09/biobert-triage-classifier,0.7,256
"Adjunctive use of beta-adrenergic blockers, calcium antagonists and other therapies in coronary thrombolysis. The availability of thrombolytic agents for use in the treatment of acute myocardial infarction is an important step in the management of a common, often debilitating, and potentially lethal disorder. However, despite the proven benefits of coronary thrombolysis, the importance of adjunctive treatment modalities is being increasingly recognized. Beta-adrenergic blockers, calcium antagonists, nitrates, magnesium, and angiotensin-converting enzyme inhibitors each exert favorable cardiovascular properties that may offer additional benefits. Clinical trials combining thrombolytic and adjunctive pharmacologic agents offer hope for further advances in the treatment of acute myocardial infarction.",atenção,0.6566897034645081,0.3433102667331695,0.6566897034645081,urgent,187,False,4|5,cardiovascular diseases|general pathological conditions,test|train,Yuvrajxms09/biobert-triage-classifier,0.7,256
"A controlled trial comparing vidarabine with acyclovir in neonatal herpes simplex virus infection. Infectious Diseases Collaborative Antiviral Study Group. BACKGROUND. Despite the use of vidarabine, herpes simplex virus (HSV) infection in neonates continues to be a disease of high morbidity and mortality. We undertook a controlled trial comparing vidarabine with acyclovir for the treatment of neonatal HSV infection. METHODS. Babies less than one month of age with virologically confirmed HSV infection were randomly and blindly assigned to receive either intravenous vidarabine (30 mg per kilogram of body weight per day; n = 95) or acyclovir (30 mg per kilogram per day; n = 107) for 10 days. Actuarial rates of mortality and morbidity among the survivors after one year were compared overall and according to the extent of the disease at entry into the study (infection confined to the skin, eyes, or mouth; encephalitis; or disseminated disease). RESULTS. After adjustment for differences between groups in the extent of disease, there was no difference between vidarabine and acyclovir in either morbidity (P = 0.83) or mortality (P = 0.27). None of the 85 babies with disease confined to the skin, eyes, or mouth died. Of the 31 babies in this group who were treated with vidarabine and followed for a year, 88 percent (22 of 25) were judged to be developing normally after one year, as compared with 98 percent (45 of 46) of the 54 treated with acyclovir (95 percent confidence interval for the difference, -4 to 24). For the 71 babies with encephalitis, mortality was 14 percent with vidarabine (5 of 36) and with acyclovir (5 of 35); of the survivors, 43 percent (13 of 30) and 29 percent (8 of 28), respectively, were developing normally after one year (95 percent confidence interval for the difference, -11 to 39). For the 46 babies with disseminated disease, mortality was 50 percent (14 of 28) with vidarabine and 61 percent (11 of 18) with acyclovir (95 percent confidence interval for the difference, -20 to 40); of the survivors, 58 percent (7 of 12) and 60 percent (3 of 5), respectively, were judged to be developing normally after one year (95 percent confidence interval for the difference, -40 to 50). Both medications were without serious toxic effects. CONCLUSIONS. In this multicenter, randomized, blinded study there were no differences in outcome between vidarabine and acyclovir in the treatment of neonatal HSV infection. The study lacked statistical power to determine whether there were sizable differences within the subgroups of those with localized HSV, encephalitis, or disseminated disease.",atenção,0.6682919263839722,0.3317080736160278,0.6682919263839722,urgent,668,True,5,general pathological conditions,train,Yuvrajxms09/biobert-triage-classifier,0.7,256
"Aberrant regeneration in a case of syringobulbia: selective co-activation of abducens and facial nerves during saccades. A patient suffering from syringobulbia and syringomyelia exhibited a phasic contraction of the ipsilateral facial muscles, mainly the levator labii, whenever he looked to the left or right. Facial muscle twitches occurred exclusively with saccades. The selective co-activation of abducens and facial nerves is interpreted as the result of bilateral misrouting of regenerating neurons from the parapontine reticular formation to the facial nerve in the tegmentum pontis.",normal,0.1212939769029617,0.8787059783935547,0.8787059783935547,non-urgent,147,False,3,nervous system diseases,train,Yuvrajxms09/biobert-triage-classifier,0.7,256
"Acquired benign esophagorespiratory fistula: report of 16 consecutive cases. Sixteen cases of acquired benign esophagorespiratory fistula were treated in a 20-year period. A delay in diagnosis was usual, and most patients were first seen with a pulmonary infection already developed. Contrast esophageal x-ray studies established the diagnosis in all patients. There were seven esophagotracheal and nine esophagobronchial fistulas. A fistula between the esophageal diverticulum and a bronchus considered to be of inflammatory origin developed in 7 patients. A fistula as the consequence of trauma developed in 9 patients, and these fistulas were situated at a higher level of the respiratory tree. All patients underwent surgical treatment; in 12 it was definitive, and in 4 temporary gastrostomy was performed to improve nutrition before definite repair. The definitive repair consisted of eventual diverticulectomy, division of the fistula, and suture of both esophageal and respiratory defects. Two patients required esophageal resection and later reconstruction with colon interposition. One patient died, creating an operative mortality of 8.3% in the definitive-repair group. The remaining 11 patients had a gratifying long-term result. There were two deaths in the gastrostomy group due to an extremely poor condition of patients and debilitating pulmonary infection. Early diagnosis of this rare condition is necessary if severe pulmonary complications are to be avoided. Early direct repair gives excellent results.",urgente,0.7765094041824341,0.2234905511140823,0.7765094041824341,urgent,330,True,2|5,digestive system diseases|general pathological conditions,train,Yuvrajxms09/biobert-triage-classifier,0.7,256
"Aggressive oral refeeding in hospitalized patients. Malnutrition is an important clinical condition leading to increased morbidity and mortality. This report describes an aggressive oral refeeding program of high-caloric foods, which was instituted in severely anorectic patients because of their refusal to eat meals or supplements. After ascertaining a patient's favorite sweet, hospital personnel and family collaborated in providing the food. Frequently, sweets were the patient's only intake for weeks. We saw a gradual return of appetite, inclusion of other foods in the diet, and overall clinical improvement in comorbid conditions. These cases suggest that aggressive oral refeeding with high-caloric foods is an underutilized therapy for multiply impaired elderly patients.",atenção,0.4276811778545379,0.5723188519477844,0.5723188519477844,non-urgent,167,False,5,general pathological conditions,train,Yuvrajxms09/biobert-triage-classifier,0.7,256
"A randomized, controlled trial of prophylactic ganciclovir for cytomegalovirus pulmonary infection in recipients of allogeneic bone marrow transplants; The City of Hope-Stanford-Syntex CMV Study Group BACKGROUND. Cytomegalovirus (CMV)-associated interstitial pneumonia is a major cause of death after allogeneic bone marrow transplantation. We conducted a controlled trial of ganciclovir in recipients of bone marrow transplants who had asymptomatic pulmonary CMV infection. We also sought to identify risk factors for the development of CMV interstitial pneumonia. METHODS. After bone marrow transplantation, 104 patients who had no evidence of respiratory disease underwent routine bronchoalveolar lavage on day 35. The 40 patients who had positive cultures for CMV were randomly assigned to either prophylactic ganciclovir or observation alone. Ganciclovir (5 mg per kilogram of body weight intravenously) was given twice daily for two weeks and then five times per week until day 120. RESULTS. Of the 20 culture-positive patients who received prophylactic ganciclovir, 5 (25 percent) died or had CMV pneumonia before day 120, as compared with 14 of the 20 culture-positive control patients (70 percent) who were not treated prophylactically (relative risk, 0.36; P = 0.01). No patient who received the full course of ganciclovir prophylaxis went on to have CMV interstitial pneumonia. Four patients treated with ganciclovir had maximal serum creatinine levels greater than or equal to 221 mumol per liter (2.5 mg per deciliter), as compared with none of the controls (P = 0.029). Of the 55 CMV-negative patients who could be evaluated, 12 (22 percent) had CMV pneumonia--a significantly lower rate than in the untreated CMV-positive control patients (relative risk, 0.33; P = 0.003). The strongest predictors of CMV pneumonia were a lavage-fluid culture that was positive for CMV and a CMV-positive blood culture, both from specimens obtained on day 35. CONCLUSION. In recipients of allogeneic bone marrow, asymptomatic CMV infection of the lung is a major risk factor for subsequent CMV interstitial pneumonia. Prophylactic ganciclovir is effective in preventing the development of CMV interstitial pneumonia in patients with asymptomatic infection.",atenção,0.5356329083442688,0.4643670916557312,0.5356329083442688,urgent,602,True,1|5,neoplasms|general pathological conditions,train,Yuvrajxms09/biobert-triage-classifier,0.7,256
"A Southwest Oncology Group study on the use of a human tumor cloning assay for predicting response in patients with ovarian cancer. A total of 211 patients with epithelial ovarian cancer (168 with tumors refractory to prior chemotherapy and 43 with no prior chemotherapy) from 33 different Southwest Oncology Group institutions had their tumors sampled and specimens shipped to two central laboratories for drug-sensitivity testing in a human tumor cloning assay. The 168 patients with a prior history of chemotherapy failure (median of four prior chemotherapeutic agents) were treated with the most effective agent(s) found in the cloning assay (23 patients), and those patients whose tumors did not form colonies in vitro or did not manifest any sensitivity to agent(s) were treated with a clinician's choice of agent(s) (101 patients). The remaining 44 of the 168 patients were not treated with chemotherapy because of deteriorating performance status or early death. The complete and partial response rate in patients treated according to assay results was 28% versus 11% for the patients treated according to clinician's choice (P = 0.03). There was no statistically significant difference in survival between the two options (6.25 versus 7 months, respectively). The 43 patients with no history of prior chemotherapy were all treated with standard combination chemotherapy, and their clinical response was compared with their in vitro sensitivity to the same agents. Overall there was a 100% true-positive rate and 100% true-negative rate for the seven evaluable patients. From these data the authors conclude that use of the human tumor cloning assay may increase the response rate but not the survival for selected patients with advanced chemotherapy-refractory ovarian cancer. The study is weakened, however, by the many steps of patient selection necessitated by inadequate tumor colony formation in vitro and the inability to treat all patients (because of early death or a rapid decline in performance status). The assay does appear to be worthy of additional study for predicting response to combination chemotherapy in patients without a prior history of chemotherapy. Finally the use of central chemosensitivity testing laboratories is feasible for testing in vitro predictive assays in a cooperative group setting.",atenção,0.5124028325080872,0.4875972270965576,0.5124028325080872,urgent,501,True,1,neoplasms,train,Yuvrajxms09/biobert-triage-classifier,0.7,256
"585 nm for the treatment of port-wine stains. Although the flashlamp-pulsed-dye laser has been successfully used for the treatment of port-wine stains (PWS) at 577 nm, a number of adult patients had incomplete clearance of their birthmarks with this treatment modality because of residual vessels lying beyond the 0.75-mm penetration depth of 577-nm irradiation. Fifteen adult patients, of whom nine were previously treated with limited success at 577 nm (group A), and six untreated patients (group B) were included in the study. For the group A patients, treatment with 585 nm produced successful clearance of the birthmark. For the six patients in group B, parallel treatment of different sites of the same lesion coupled with skin biopsies and histologic examination revealed that a change in the wavelength from 577 to 585 nm allowed the laser light to penetrate from the midreticular dermis into the subcutaneous fat. This explained the clearance achieved at 585 nm and not at 577 nm.",normal,0.1812279969453811,0.8187719583511353,0.8187719583511353,non-urgent,224,False,1,neoplasms,train,Yuvrajxms09/biobert-triage-classifier,0.7,256
"Abnormal baroreflex control of heart rate in decompensated congestive heart failure and reversal after compensation. Congestive heart failure (CHF) causes impairment of baroreflex control of heart rate (HR). To determine if this derangement is reversible, the cardiac chronotropic control was assessed in 10 patients with class IV chronic CHF of various etiologies before and after compensation achieved by bed rest, salt restriction, diuretics and vasodilators. Mean time between the 2 studies was 15 +/- 3 days. The management was modified 3 days before the second autonomic evaluation, so as to reestablish the same diet and pharmacologic conditions of the previous study. Compensation led to significant reduction in symptom-based class, body weight, and pulmonary and systemic congestion. Mean +/- standard error of the mean HR responses (beats/min) before and after compensation were, respectively: (1) to atropine (0.04 mg/kg): 10 +/- 2 and 27 +/- 2 (p less than 0.01); (2) to handgrip (30% maximum capacity, 1 minute): 9 +/- 2 and 19 +/- 3 (p less than 0.005); (3) to headup tilt (5 minutes): 4 +/- 3 and 20 +/- 4 (p less than 0.005). Mean +/- standard error of the mean baroreflex sensitivity (ms/mm Hg) of RR responses to phenylephrine and amyl nitrate-induced changes in systolic pressure was, respectively, in each condition: phenylephrine, 0.9 +/- 0.2 and 8 +/- 2.3 (p less than 0.05); amyl nitrate, 0.3 +/- 0.2 and 4.1 +/- 1.1 (p less than 0.05). A significant correlation between improvement in HR responses to atropine and tilt and changes in body weight was obtained. These findings show a reversible component of impaired baroreflex control of HR in severe CHF, possibly due to its congestive effects.",normal,0.161534696817398,0.8384652733802795,0.8384652733802795,non-urgent,495,True,4,cardiovascular diseases,train,Yuvrajxms09/biobert-triage-classifier,0.7,256
"Adoptive immunotherapy of human pancreatic cancer with lymphokine-activated killer cells and interleukin-2 in a nude mouse model. A pancreatic cancer cell line was grown in orthotopic and heterotopic positions in young Swiss/NIH nude mice, which were tested with adoptive immunotherapy. Mice were injected with 1 x 10(7) human cancer cells in the subcutaneous tissue and duodenal lobe of the pancreas. The mice were randomly divided into four groups: group IA (LAK + IL-2) (N = 25) received 2 X 10(7) human lymphokine-activated killer (LAK) cells from normal donors by tail vein injection followed by 10,000 units of human recombinant interleukin-2 (IL-2) given intraperitoneally every 12 hours for 28 days; group IB (IL-2) (N = 27) was given the same dose of IL-2 alone; group IC (RPMI-1640) (N = 18) received a placebo consisting of 1 ml of RPMI-1640 intraperitoneally every 12 hours; and group ID (LAK) (N = 14) received 2 X 10(7) LAK cells but no IL-2. Toxicity was significantly higher in group IB, with a mortality rate of 45.5% (10/22 animals) versus a 0% mortality (0/25) in group IA. None of the group IA or IB animals died of pancreatic cancer during the experiment. The animals that did not receive IL-2 died before 28 days in 14.2% of group IC and in 16.7% of group ID. The area under the growth curve of subcutaneous tumors during the course of treatment and the pancreatic tumor weight at the end of treatment were compared in each group. Subcutaneous tumors had a reduced rate of growth in group IA animals compared to all the other treatments. Pancreatic tumor growth was slowed in group IA. The animals treated with IL-2 alone (group IB) showed some slowing of tumor growth that was intermediate between group IA, group IC, and group ID. A similar experiment was done with irradiated (375 rad) mice. Nine nude mice with tumors were treated with LAK + IL-2 (group IIA), eight received IL-2 alone (group IIB), and seven received placebo (group IIC). The antitumor effect of IL-2 alone was not present in the irradiated mice. A highly significant difference persisted between group IIA and all other groups. There was no difference in the histologic characteristics of tumors in control mice and in mice with inhibited tumor growth treated with IL-2 or IL-2 and human LAK cells. These results show that adoptive immunotherapy with human LAK cells and human recombinant IL-2 is effective against human pancreatic cancer growing in nude mice. This effect is independent from antitumor activity from IL-2 administrations alone.",atenção,0.4994110465049743,0.5005889534950256,0.5005889534950256,non-urgent,681,True,1,neoplasms,test,Yuvrajxms09/biobert-triage-classifier,0.7,256
"Acute cholangitis. Cholangitis is an infection of the biliary ductal system that results from the combination of bactibilia and biliary obstruction. Choledocholithiasis has been the leading cause of cholangitis. However, in recent years, especially at tertiary referral centers, nonoperative biliary manipulations, often in patients with unresectable malignancies, have become the most common cause of cholangitis. As a result, the complete triad of fever and chills, jaundice, and abdominal pain, as originally described by Charcot, is now seen less frequently. Most patients still have leukocytosis and abnormal liver function tests, but many patients with indwelling tubes may develop cholangitis without significant jaundice. E. coli, Klebsiella species, and the enterococci remain the most frequently isolated organisms, and anaerobes including Bacteroides fragilis are recovered in 15% to 30% of patients. However, Enterobacter and Pseudomonas species, as well as yeasts, are now being isolated more frequently from patients with indwelling tubes, who often have been treated previously with antibiotics. Computed cholangiography usually is necessary to determine the cause and site of biliary obstruction. In the majority of patients with cholangitis, cholangiography can be delayed until the patient has been afebrile for a minimum of 24 to 48 hours. Initial therapy includes bowel rest, intravenous fluids, and antibiotics. Many antibiotic regimens are now available to cover the gram-negative aerobes, the enterococcus, and the anaerobes that are likely to be causing the biliary infection. The combination of a penicillin and an aminoglycoside has been the gold standard. However, recent studies suggest that the newer broad-spectrum penicillins provide adequate therapy for these patients. Only a small percentage (5%-10%) of patients with toxic cholangitis require emergency biliary decompression. The choice of percutaneous or endoscopic drainage should be made on the basis of the presumed site and cause of obstruction as well as local expertise. The nature of the biliary obstruction may be the most important determinant of outcome. At present, patients with end-stage malignant obstruction account for most of the deaths, whereas approximately 95% of patients survive an episode of cholangitis.",urgente,0.8308876156806946,0.169112429022789,0.8308876156806946,urgent,555,True,2|5,digestive system diseases|general pathological conditions,train,Yuvrajxms09/biobert-triage-classifier,0.7,256
"Adenoid cystic carcinoma of the esophagus. A clinicopathologic study of three cases. In a group of 245 cases of primary carcinoma of the esophagus the authors found three cases of adenoid cystic carcinoma (ACC). Clinical and pathologic data of those patients (one female and two male; age range, 49-74 years) were analyzed. Tumors were localized in the middle third of the esophagus. One patient lived 15 months after surgery. Another is a case of early ACC who has been living 4.5 years after surgery and is without specific symptoms. The third patient had not had surgery and died 13 months after the onset of dysphagia. An autopsy showed only a locally invasive tumor growing into the surroundings of the esophagus, and regional lymph node metastases without distant parenchymal metastases. These findings support pathologic and biologic similarities between ACC of the esophagus and ACC of the salivary glands. There are synchronous tumors of the esophagus and the vital localization which makes the prognosis of ACC of the esophagus worse than ACC of the salivary glands.",atenção,0.6076601147651672,0.3923399448394775,0.6076601147651672,urgent,267,True,1,neoplasms,train,Yuvrajxms09/biobert-triage-classifier,0.7,256
Adenomatous polyp of the fallopian tube. A case report. Benign epithelial lesions of the fallopian tube are rare. An adenomatous polyp of the fallopian tube was discovered incidentally at laparotomy.,atenção,0.3801994919776916,0.6198005080223083,0.6198005080223083,non-urgent,60,False,1,neoplasms,train,Yuvrajxms09/biobert-triage-classifier,0.7,256
"A single cholesterol measurement underestimates the risk of coronary heart disease. An empirical example from the Lipid Research Clinics Mortality Follow-up Study. In prospective epidemiologic studies of coronary heart disease, a single measurement of cholesterol is made to assess its relationship to the risk of coronary disease. Statistical theory states that if this measurement is subject to within-individual variability, the strength of the relationship will be underestimated. This is empirically shown for the example of plasma cholesterol. For the Lipid Research Clinics Follow-up Study population (comprising 2170 white men over 30 years of age), the age-adjusted coronary heart disease mortality regression coefficient increases from .453 to .496 if the average of two cholesterol measurements is used instead of a single measurement. Since the correlation between the two repeated cholesterol measurements is .815, an increase in the regression coefficient up to .556 would be expected if the true cholesterol values were available. Thus, epidemiologic studies have substantially underestimated the strength of the relationship between cholesterol levels and the risk of coronary disease by calculating the relationship on the basis of a single cholesterol determination.",normal,0.0552907474339008,0.9447092413902284,0.9447092413902284,non-urgent,277,True,3|4,nervous system diseases|cardiovascular diseases,test|train,Yuvrajxms09/biobert-triage-classifier,0.7,256
"Aerobic and anaerobic bacteriology of wounds and cutaneous abscesses. The aerobic and anaerobic microbiologic characteristics of 584 wounds and 676 skin or soft-tissue abscesses were studied and correlated with the infection site. In wounds, aerobic or facultative bacteria only were present in 223 specimens (38%), anaerobes only in 177 specimens (30%), and mixed flora in 184 specimens (32%). In total there were 1470 isolates, 558 aerobic and 912 anaerobic, an average of 2.5 isolates per wound (1.6 anaerobic and 0.9 aerobic isolates). In abscesses, aerobic or facultative bacteria were recovered in 177 specimens (26%), anaerobes only in 243 specimens (36%), and mixed flora in 256 specimens (38%). In total there were 1702 isolates, 602 aerobic and 1100 anaerobic, an average of 2.5 isolates per abscess. The highest rates of anaerobes in wounds were in the inguinal, buttocks, and trunk areas and in abscesses in the perirectal, external genitalia, neck, and inguinal areas. The predominant aerobic organisms were Staphylococcus aureus (363 isolates), group A streptococci (98 isolates), and Escherichia coli (97 isolates). The predominant anaerobic organisms were Bacteroides species (986 isolates), Peptostreptococcus species (559 isolates), Clostridium species (153 isolates), and Fusobacterium species (109 isolates). The predominance of certain isolates in certain anatomical sites was correlated with their distribution in the normal flora adjacent to the infected site. These data highlight the polymicrobial nature of wounds and cutaneous abscesses.",atenção,0.3197471797466278,0.6802527904510498,0.6802527904510498,non-urgent,466,True,5,general pathological conditions,train,Yuvrajxms09/biobert-triage-classifier,0.7,256
"A controlled trial of early adjunctive treatment with corticosteroids for Pneumocystis carinii pneumonia in the acquired immunodeficiency syndrome. California Collaborative Treatment Group. BACKGROUND. Pneumocystis carinii pneumonia remains a common cause of serious morbidity and mortality in patients with the acquired immunodeficiency syndrome (AIDS). The extensive lung injury that accompanies pneumocystis-associated respiratory failure and the reports of clinical benefit from the use of adjunctive corticosteroids provided the rationale for this prospective multicenter trial. METHODS. A total of 333 patients with AIDS and pneumocystis pneumonia received standard treatment and were randomly assigned to receive either corticosteroids (beginning with the equivalent of 40 mg of prednisone twice daily) or no additional therapy. The primary end points in this unblinded trial were the occurrence of respiratory failure (hypoxemia ratio [partial pressure of arterial oxygen divided by fraction of inspired oxygen] less than 75, intubation, or death), death, and dose-limiting toxicity of the initial standard therapy. RESULTS. Of the patients with confirmed or presumed pneumocystis pneumonia (n = 225 and n = 26, respectively), those assigned to treatment with corticosteroids had a lower cumulative risk at 31 days of respiratory failure (0.14 vs. 0.30, P = 0.004) and of death (0.11 vs. 0.23, P = 0.009), as well as a lower risk of death within 84 days (0.16 vs. 0.26, P = 0.026). The frequency of dose-limiting toxicity of the standard therapy was similar in the two treatment groups. Intention-to-treat analyses of the entire cohort confirmed these findings. Clinical benefit could not be demonstrated, however, for patients with mild disease (hypoxemia ratio, greater than 350), equivalent to a partial pressure of oxygen greater than 75 torr on room air. The patients assigned to corticosteroid treatment had an excess of localized herpetic lesions (26 percent vs. 15 percent, P = 0.04) but not of other infections or of neoplasms. CONCLUSIONS. Early adjunctive treatment with corticosteroids reduces the risks of respiratory failure and death in patients with AIDS and moderate-to-severe pneumocystis pneumonia. Because the adverse effects are few, corticosteroids should be included as part of the initial treatment for persons with AIDS who have moderate-to-severe pneumocystis pneumonia.",urgente,0.7538124918937683,0.2461874932050705,0.7538124918937683,urgent,586,True,5,general pathological conditions,train,Yuvrajxms09/biobert-triage-classifier,0.7,256
"Altered protein tyrosine kinase levels in human colon carcinoma. To further understand the molecular mechanisms and the biological indicators of colonic tumorigenesis, the authors examined tyrosine kinase activity in the cytosol and in the particulate fraction of the homogenates of specimens from 20 human colonic carcinomas and compared them with the adjacent normal mucosal tissues. Total protein tyrosine kinase activity could be precisely detected using miniphosphocellulose column purification and a synthetic peptide, Glu-asparagine (Asp)-alanine (Ala)-Glu-tyrosine (Tyr)-Ala-Ala-arginine (Arg)-Arg-Arg-glycine (Gly) (E11-G1), as an artificial substrate. Tyrosine kinase activity of colonic carcinoma and normal mucosa was reduced in the cytosol fraction whereas activity in the particulate fraction was elevated with respect to protein concentration. The average specific activity ratios were 1.95 +/- 0.27 (normal cytosolic/carcinoma cytosolic) and 0.57 +/- 0.01 (normal particulate/carcinoma particulate) for tyrosine kinase activity. Cellular distribution (% cytosol) of tyrosine kinase activity in normal mucosa and in carcinoma varied from 21.0% to 91.2% and from 7.0% to 61.4%, respectively. In nearly all cases the percentage of cytosolic tyrosine kinase activity in carcinoma tissues was lower than in normal tissues. There was no difference due to histologic type or the presence of adenomatous components. A significant decrease of cytosolic tyrosine kinases was correlated with Dukes' Stage A. With advancing Dukes' stage, the average specific activity ratios (normal cytosol/carcinoma cytosol) were decreased. This study indicates that colonic carcinogenesis might be associated with alterations in cellular levels of tyrosine kinase activity and that the average specific activity ratio (normal cytosol/carcinoma cytosol) had a possible correlation with colonic tumor growth.",normal,0.2332831621170044,0.7667168974876404,0.7667168974876404,non-urgent,505,True,1,neoplasms,train,Yuvrajxms09/biobert-triage-classifier,0.7,256
"Acute and chronic bacterial prostatitis: a review of treatment approaches. Some authors describe acute bacterial prostatitis as a self-limiting disease, and as with any other acute septic condition, parenteral broad-spectrum antibiotic therapy is indicated. Chronic bacterial prostatitis, however, is associated with a causative organism persisting unaltered in prostatic fluid and leading to relapsing urinary tract infections. In the 1970s, several workers produced a classification system and bacteriologic localization cultures for establishing the diagnosis of prostatitis. Krieger and Crawford point to an important factor that is omitted in many clinical trials with episodes of chronic bacterial prostatitis in men. If localization studies of the prostate infection are attempted in the presence of bacteriuria, the urine must be sterilized with nitrofurantoin or penicillin G. Urine cultures obtained from first-voided urine, bladder urine, and urine voided after prostatic massage should show no growth, and the expressed prostatic secretion can then be examined for evidence of prostatic infection. This procedure reduces the contamination of the expressed prostatic secretion by the organism from the urinary tract infection. This is important, because antibiotic treatment is determined by the sensitivity of the organism isolated from the prostate as well as by the ability of the antibiotics to penetrate the prostate. Meares outlines the pharmacokinetic features needed for drug diffusion into prostatic fluid and provides detailed information on the physical characteristics of the prostate during acute and chronic bacterial prostatitis. Unfortunately, the choice of an ideal drug cannot be extrapolated from this information because pharmacodynamic principles cannot predict clinical efficacy. Some authors find that sulfamethoxazole-trimethoprim has the best cure rate in the treatment of chronic bacterial prostatitis.",atenção,0.4234746098518371,0.5765253901481628,0.5765253901481628,non-urgent,391,True,5,general pathological conditions,test,Yuvrajxms09/biobert-triage-classifier,0.7,256
"Abdominal sparganosis in Ecuador: a case report. Sparganosis, infection with plerocercoids of the pseudophyllidean tapeworm Spirometra, rarely has been described in Ecuador. We report the details of a human case of sparganosis identified serendipitously in the course of an abdominal hernia repair. The parasite was found moving freely upon the external oblique fascia adjacent to the site of a direct abdominal hernia. The organism was recovered intact, photographed while alive and preserved for subsequent detailed morphological studies. The presumed route of entry into this patient was percutaneous, after application of a poultice of snake flesh to the site of a painful abdominal hernia. The literature on sparganosis in South America is reviewed. This is the second case of human sparganosis reported from Ecuador.",atenção,0.6343269944190979,0.3656729459762573,0.6343269944190979,urgent,179,False,2,digestive system diseases,train,Yuvrajxms09/biobert-triage-classifier,0.7,256
"A clinical study of acute gastrointestinal hemorrhage associated with various shock states. Gastrointestinal hemorrhage from stress ulceration is a life-threatening complication in a critically ill patient. We retrospectively studied 471 patients admitted to the Department of Traumatology of our hospital who developed shock in their clinical course. Forty-two patients (8.9%) developed gastrointestinal hemorrhage, most within 1 wk (76.2%). The hemorrhage lesion usually was located in the corpus of the stomach. The mortality rate of the shock patients with gastrointestinal hemorrhage was 33.3% (14 of 42). Comparison of different types of shock showed that the incidence, severity, and mortality rates of gastrointestinal hemorrhage were significantly higher in septic shock patients than in hemorrhagic shock patients. These findings show the importance of preventive therapy against progression of early mucosal damage and development of gastrointestinal hemorrhage in shock patients, especially those with sepsis.",urgente,0.8771593570709229,0.1228407248854637,0.8771593570709229,urgent,241,False,5,general pathological conditions,train,Yuvrajxms09/biobert-triage-classifier,0.7,256
"Absence of estrogen receptors in dysplastic nevi and malignant melanoma. Benign nevi, dysplastic nevi, and primary and metastatic malignant melanomas were evaluated for the presence of sex hormone binding and estrogen receptor protein. We have confirmed the observation of Ellis et al. that some pigmented lesions possess sex hormone-binding proteins. We could not demonstrate a true estrogen receptor in any benign nevi, dysplastic nevi, primary melanomas, or metastatic melanomas. Thus the ability to bind estrogen or progesterone does not correlate with the presence of a true estrogen receptor. Lack of nuclear estrogen receptors suggests that the influence of estrogen on the pathophysiology of melanoma or of benign melanocytic nevi may not be significant.",normal,0.1263270825147628,0.8736729025840759,0.8736729025840759,non-urgent,189,False,1,neoplasms,train,Yuvrajxms09/biobert-triage-classifier,0.7,256
"A randomized study of methanol-extraction residue of bacille Calmette-Guerin as postsurgical adjuvant therapy of uveal melanoma. A randomized controlled clinical trial of methanol-extracted residue of bacille Calmette-Guerin adjuvant treatment of posterior uveal melanoma was undertaken. Of 113 patients, 34 patients received adjuvant immunotherapy and 79 patients received no treatment. No difference in survival was observed between the adjuvant-treated group and the control group of patients. This study found that the size of the tumor was a highly significant risk factor for death caused by metastasis of uveal melanomas. The standard deviation of the nucleolar area of the neoplastic cells was a significant risk factor, even though patients with tumors composed of Callender's spindle-type cells were not included in the study.",atenção,0.3444347679615021,0.6555652022361755,0.6555652022361755,non-urgent,200,False,1,neoplasms,train,Yuvrajxms09/biobert-triage-classifier,0.7,256
"A phase II trial of carboplatin and vinblastine in the treatment of advanced squamous cell carcinoma of the esophagus. Cisplatin-containing regimens are active in the treatment of esophageal cancer, with response rates of 25% to 35% in advanced disease. Carboplatin is less toxic than cisplatin; as a single agent, several responses were seen against esophageal tumors. To better define the role of carboplatin in esophageal cancer, the authors treated 19 chemotherapy-naive patients with advanced squamous cell carcinoma of the esophagus with carboplatin and vinblastine. Carboplatin (450 mg/m2 intravenously [IV] on days 1, 29, 57, and every 6 weeks thereafter) was given with vinblastine (5 mg/m2 IV on day 1 and then every 2 weeks). No major responses were seen. No significant renal toxicity and only mild gastrointestinal toxicity (emesis, diarrhea) were observed. Hematologic toxicity was more severe in patients with prior radiation therapy (RT), with three of six patients with prior RT exhibiting Grade 4 hematologic toxicity. Although generally less toxic than cisplatin-containing regimens, carboplatin and vinblastine is also less active in the treatment of squamous cell carcinoma of the esophagus. Hematologic toxicity with this regimen was severe in patients who had received prior RT.",atenção,0.6397953629493713,0.360204666852951,0.6397953629493713,urgent,348,True,1,neoplasms,test,Yuvrajxms09/biobert-triage-classifier,0.7,256
A case of amnesia after excision of the septum pellucidum. Tumours of the septum pellucidum (SP) are rare and seldom associated with memory impairment either before or after operation. A patient is described who developed amnesia after transcallosal excision of a tumour of the SP. Radiology did not show any major lesion of the brain areas traditionally associated with amnesia. Because septal nuclei could have been damaged during surgery their possible role in memory functions is discussed.,atenção,0.3639774322509765,0.6360225081443787,0.6360225081443787,non-urgent,115,False,1|3|5,neoplasms|nervous system diseases|general pathological conditions,train,Yuvrajxms09/biobert-triage-classifier,0.7,256
An evaluation of cocaine-induced chest pain STUDY OBJECTIVE: To determine if enzymatic evidence of acute myocardial injury is present in patients complaining of chest pain after cocaine use when the ECG is normal or nondiagnostic. DESIGN: Serial ECG and creatinine kinase (CK) and CK isoenzymes (CK-ISO) determinations were performed at time of emergency department presentation and every six hours over 12 hours on individuals complaining of chest pain within six hours of last cocaine use. SETTING: ED of an urban tertiary care center. TYPE OF PARTICIPANTS: Forty-two individuals with a mean age of 28.5 years. INTERVENTIONS: Patients with positive CK-ISOs were admitted immediately to formally rule out myocardial infarction. Patients developing ECG changes during observation period also were admitted even if CK-ISOs were normal. Patients with unchanged ECGs and normal CK-ISOs were discharged after 12 hours of observation. RESULTS: Eight patients (19%) had elevated CK and CK-ISO values at presentation. Two of these patients had elevated values on three sequential determinations and were believed to have sustained acute myocardial infarction. Six patients had elevated CK and CK-ISOs at presentation only. ECGs remained normal or nondiagnostic in all patients. CONCLUSIONS: Enzymatic evidence of acute myocardial injury may occur in patients who develop chest pain after cocaine use and have normal or nondiagnostic ECGs. This injury may reflect acute infarction or transient ischemia. Single or serial normal or nondiagnostic ECGs do not rule out ischemia or injury in this group of patients.,urgente,0.8654563426971436,0.1345436722040176,0.8654563426971436,urgent,402,True,4|5,cardiovascular diseases|general pathological conditions,train,Yuvrajxms09/biobert-triage-classifier,0.7,256
"A prospective study of patients with sciatica. A comparison between conservatively treated patients and patients who have undergone operation, Part II: Results after one year follow-up. The prospective study included 122 sciatica patients who had not undergone operation (NOPs) and 220 sciatica patients who had undergone operation (OPs); all had been examined by rhizography. The follow-up study was done on 110 (90%) of the NOPs and 212 (96%) of the OPs. The NOPs were divided into two groups: 30 patients with pathologic rhizography (PR) and 80 patients with negative rhizography (NR). Pain-, ADL-, and occupation-handicap indices showed that after the 1 year follow-up the OP group had the best result and the NR group the lowest result. The PR group had nearly as good a result as the OP group. Thus, sciatica patients are candidates for conservative therapy, even though they have pathologic findings in rhizography, if the symptoms are mild. To improve therapeutic outcome, more accurate diagnostic tools are needed to develop specific therapy especially for those sciatica patients with negative rhizography.",normal,0.0613379664719104,0.938662052154541,0.938662052154541,non-urgent,261,True,5,general pathological conditions,train,Yuvrajxms09/biobert-triage-classifier,0.7,256
"A case-control study of Alzheimer's disease in Australia. We conducted a case-control study of clinically diagnosed Alzheimer's disease (AD) on 170 cases aged 52 to 96 years, and 170 controls matched for age, sex and, where possible, the general practice of origin. Trained lay interviewers naive to the hypotheses and to the clinical status of the elderly person carried out risk-factor interviews with informants. Significant odds ratios were found for 4 variables: a history of either dementia, probable AD, or Down's syndrome in a 1st-degree relative, and underactivity as a behavioral trait in both the recent and more distant past. Previously reported or suggested associations not confirmed by this study include head injury, starvation, thyroid disease, analgesic abuse, antacid use (aluminum exposure), alcohol abuse, smoking, and being left-handed.",normal,0.0728016570210456,0.9271983504295348,0.9271983504295348,non-urgent,187,False,3,nervous system diseases,test,Yuvrajxms09/biobert-triage-classifier,0.7,256
"A retinoic acid response element is part of a pleiotropic domain in the phosphoenolpyruvate carboxykinase gene. Several hormones, including insulin, glucagon, and glucocorticoids, regulate the expression of the rate-limiting gluconeogenic enzyme, phosphoenolpyruvate carboxykinase [GTP: oxaloacetate carboxy-lyase (transphosphorylating); EC 4.1.1.32; PEPCK] in liver. In this report we demonstrate that retinoic acid (RA) also regulates PEPCK expression by inducing a 3-fold increase in the rate of transcription of the PEPCK gene. A RA response element located between -468 and -431 in the PEPCK promoter mediates a 7-fold increase in expression of a chimeric construct containing the basal PEPCK promoter ligated to the chloramphenicol acetyltransferase reporter gene. This element confers RA responsiveness through the heterologous thymidine kinase promoter and functions relatively independent of position and orientation. An 18-base-pair core sequence (-451 to -434) (i) mediates an effect of RA on PEPCK gene expression and contains motifs found in two other RA response elements; (ii) corresponds to AF1, an accessory factor element that is an integral component of the complex glucocorticoid response unit in the PEPCK gene promoter; (iii) is in a region involved in the developmental expression of the PEPCK gene; and (iv) shows homology to elements involved in the tissue-specific regulation of genes, including the hepatic apolipoprotein genes and the alpha 1-antitrypsin gene.",normal,0.177254244685173,0.8227457404136658,0.8227457404136658,non-urgent,408,True,1,neoplasms,train,Yuvrajxms09/biobert-triage-classifier,0.7,256
"Acetazolamide in the treatment of abnormal oculovestibular response. We treated seven patients with incapacitating vertigo elicited by walking down a grocery store aisle or driving a car. Results of neurologic, neuro-ophthalmic, and neuroradiologic examinations were normal. Episodic vertigo secondary to an abnormal oculovestibular response was diagnosed. Each patient was given a trial of 250 to 500 mg of acetazolamide daily. Symptoms resolved completely in four patients, two patients had near resolution of symptoms, and one patient had no relief. Carbonic anhydrase activity has been demonstrated in the inner ear, and acetazolamide has been shown to affect the ion balance of the inner ear fluids.",normal,0.2362717539072036,0.7637282609939575,0.7637282609939575,non-urgent,173,False,5,general pathological conditions,test,Yuvrajxms09/biobert-triage-classifier,0.7,256
"A multifocal schwannoma of the masseteric nerve causing hemicrania. A case is reported of schwannoma of the right masseteric nerve, invading the pterygopalatine fossa and the parapharyngeal space through the mandibular notch in a 61-year-old woman. The tumor in this case was composed of four various-sized interconnected nodules, simulating a string of beads. The tumor was the cause of the patient's chronic hemicrania, as confirmed by the relief from and disappearance of head pain after surgical removal of the tumor. The most important aspects of this case are the anatomic site of the schwannoma and its uncommon clinicopathologic manifestations; this tumor originated from the masseteric nerve and is the first case reported to straddle the mandibular notch.",atenção,0.6037983894348145,0.3962016105651855,0.6037983894348145,urgent,190,False,1|3,neoplasms|nervous system diseases,train,Yuvrajxms09/biobert-triage-classifier,0.7,256
"Allelic loss of chromosomes 16q and 10q in human prostate cancer. Recent advances in understanding the molecular genetics of common adult tumors have indicated that multiple genetic alterations including the activation of oncogenes and the inactivation of tumor suppressor genes are important in the pathogenesis of these tumors. Loss of heterozygosity is a hallmark of tumor suppressor gene inactivation and has been used to identify chromosomal regions that contain these genes. We have examined allelic loss in the most common tumor in men, prostate cancer. Twenty-eight prostate cancer specimens have been examined for loss of heterozygosity at 11 different chromosomal arms including 3p, 7q, 9q, 10p, 10q, 11p, 13q, 16p, 16q, 17p, and 18q. Fifty-four percent (13/24) of clinically localized tumors and 4 of 4 metastatic tumors showed loss of heterozygosity on at least one chromosome. Chromosomes 16q and 10q exhibited the highest frequency of loss of heterozygosity with 30% of tumors showing loss at these chromosomes. These data demonstrate that allelic loss is a common event in prostate cancer and suggest that chromosomes 16q and 10q may contain the sites of tumor suppressor genes important in the pathogenesis of human prostate cancer.",normal,0.284536749124527,0.7154632806777954,0.7154632806777954,non-urgent,296,True,5,general pathological conditions,train,Yuvrajxms09/biobert-triage-classifier,0.7,256
"A clinical triad to diagnose paraneoplastic retinopathy. Two elderly men developed photosensitivity and light-induced glare, transient visual symptoms, and progressive visual loss several months before small cell carcinoma of the lung was discovered. Both patients had impaired visual acuity and color vision, ring scotomas, and attenuated retinal arteriole caliber. Electroretinography demonstrated abnormal cone and rod-mediated responses. Antiretinal antibodies were identified in their serum. Their visual sensory function improved following therapy with immunosuppressive agents. The triad of photosensitivity, ring scotomatous visual field loss, and attenuated retinal arteriole caliber should alert one to a paraneoplastic disorder affecting the retina.",atenção,0.6034858822822571,0.3965141475200653,0.6034858822822571,urgent,170,False,1|3,neoplasms|nervous system diseases,train,Yuvrajxms09/biobert-triage-classifier,0.7,256
"A randomized clinical trial of scatter photocoagulation of proliferative sickle cell retinopathy. A randomized prospective clinical trial of argon laser scatter photocoagulation therapy for proliferative sickle cell retinopathy was performed on 116 patients (174 eyes) in Kingston, Jamaica. Ninety-nine eyes were treated with scatter photocoagulation and 75 eyes served as controls. The average length of follow-up was 42 months for the control eyes and 47 months for the treated eyes. Prolonged loss of visual acuity was statistically significantly reduced in the treated eyes. The incidence of vitreous hemorrhage was also significantly reduced in the treated eyes after controlling for the previously defined risk factors of vitreous hemorrhage and extent of proliferative sickle cell retinopathy at entry into the study. There were no complications associated with argon laser scatter photocoagulation. Scatter photocoagulation of proliferative sickle cell retinopathy is currently the most effective and safe way to treat patients with sea fan neovascularization.",normal,0.2724217474460602,0.7275782823562622,0.7275782823562622,non-urgent,238,False,5,general pathological conditions,train,Yuvrajxms09/biobert-triage-classifier,0.7,256
"Activation of early events of the mitogenic response by a P2Y purinoceptor with covalently bound 3'-O-(4-benzoyl)-benzoyladenosine 5'-triphosphate. 3'-O-(4-Benzoyl)benzoyl-ATP (BzATP), a photoaffinity analog of ATP, was used as a ligand for a P2Y purinoceptor (adenine nucleotide receptor) present in intact Swiss 3T3 and 3T6 cells and A-431 epidermoid carcinoma cells. Photolysis of serum-starved cells in the presence of 10-50 microM BzATP, followed by extensive washing to remove unincorporated BzATP, induced the release of arachidonic acid. A trace (less than 0.01%) of photoincorporated BzATP was as effective as when 50 microM BzATP or ATP was contained in the incubation medium during the assay. Photoincorporated BzATP also stimulated the production of prostaglandin E2 and the accumulation of cyclic AMP. In previous studies, we demonstrated that these three events are obligatory early steps in a pathway leading to DNA synthesis in the above cell lines. The evidence indicated that the purinoceptor activated by extracellular ATP or BzATP was linked to a pertussis toxin-sensitive GTP-binding protein. Consistent with these observations, we now find that pertussis toxin inhibits the effect of photoincorporated BzATP on arachidonic acid release. These results indicate that BzATP is an effective agonist for the P2Y purinoceptor concerned with stimulation of DNA synthesis in 3T3, 3T6, and A-431 cells. Furthermore, after photolysis it becomes irreversibly associated with intact cells and promotes the activation of early events required for DNA synthesis.",normal,0.2332714200019836,0.7667285799980164,0.7667285799980164,non-urgent,430,True,1,neoplasms,train,Yuvrajxms09/biobert-triage-classifier,0.7,256
"A palmar dermatosis linked to occult carcinoma of the upper thorax, head and neck: Bazex's syndrome and tripe palm. An unusual, persistent, corregated-to-honeycombed thickening of the palms accompanied by tenderness around the fingernails was found to be a cutaneous marker for internal malignancy. This combination of signs and symptoms has been reported under two clinical entities: Bazex's syndrome and tripe palm. This paraneoplastic syndrome is of interest to head and neck surgeons due to the location of the primary tumor, the site of metastatic disease, and the ability to cure the cutaneous disease by surgical removal of the primary tumor. In our patient, a squamous cell carcinoma of the lung not detectable on chest x-ray presented as a cervical mass accompanied by cutaneous changes on the palms and fingernails. Recognition of the relationship of the dermatologic changes to malignancy of a specific body region eventually led to the detection of the primary tumor. The characteristics of these paraneoplastic syndromes were reviewed in this report.",atenção,0.4217292964458465,0.578270673751831,0.578270673751831,non-urgent,241,False,1|5,neoplasms|general pathological conditions,test,Yuvrajxms09/biobert-triage-classifier,0.7,256
"A simplified technique for the production of heart failure in the dog by rapid ventricular pacing. Prolonged rapid ventricular pacing (VP) in dogs produces low output heart failure (HF) characterized by cardiomegaly, ascites, and elevated plasma renin and norepinephrine levels. Commercially available pacemaker generators have a protective circuit that prevents pacing at rapid rates. Previously, investigators have had to use either external temporary pacemakers or customized generators to pace at rates greater than 130 beats per minute (bpm). The authors have developed a simple method to perform rapid VP by gluing magnets on Medtronic VVI generators, which allows programming in a temporary mode to sustain rates up to 400 bpm. Our results using 10 generators in 55 dogs demonstrates that HF is produced in all dogs when VP is maintained at 250 bpm for an average of 28 days. Technical difficulties during our early experience with this technique included magnets becoming unglued, loss of capture, and wound complications requiring generator removal. Thus, our method reuses commercially available generators to rapidly pace the ventricles and induce HF.",atenção,0.657520592212677,0.3424794375896454,0.657520592212677,urgent,239,False,4,cardiovascular diseases,train,Yuvrajxms09/biobert-triage-classifier,0.7,256
"A rhesus monkey model for sexual transmission of a papillomavirus isolated from a squamous cell carcinoma. Recently we molecularly cloned and characterized a papillomavirus from a lymph node metastasis of a primary penile carcinoma found in a rhesus monkey; this virus species, rhesus papillomavirus type 1 (RhPV-1), is similar to oncogenic human papillomaviruses (HPVs), such as HPV-16 or HPV-18, in that the RhPV-1 DNA was found to be integrated in the tumor cell DNA. To compare the sexual transmission and oncogenic nature of RhPV-1 with these HPVs, we undertook an extensive retrospective study of a group of rhesus monkeys whose sexual mating and offspring histories were known. These animals had mated directly with the index male mentioned above or were secondarily exposed to this virus through intermediate sexual partners. This study combines cytological, histopathological, and several complementary hybridization and DNA amplification techniques on multiple tissue samples to demonstrate the sexually transmitted nature of RhPV-1. The oncogenic potential of RhPV-1 is suggested in several of the infected animals by the presence of various degrees of neoplasia including squamous cell cancer of the cervix.",atenção,0.3773193359375,0.6226806640625,0.6226806640625,non-urgent,295,True,1,neoplasms,train,Yuvrajxms09/biobert-triage-classifier,0.7,256
"Alanine aminotransferase in clinical practice. A review. Alanine aminotransferase is an enzyme produced mainly in the liver. When serum activity is measured, it provides a marker of hepatic disease. This review explores the biochemistry and laboratory analysis of alanine aminotransferase in terms of its significance in human health and disease. Cut-off levels that define abnormality are rather arbitrary and this decreases the specificity of the test in apparently healthy patients. A small, but important, group of patients with alanine aminotransferase abnormality have underlying liver disease that may be treatable. Most can be diagnosed based on history, physical examination, and biochemical-serological profiles. Liver biopsy can complement the diagnostic process in selected circumstances. Literature pertaining to this is critically reviewed.",normal,0.2400715500116348,0.7599284052848816,0.7599284052848816,non-urgent,173,False,2,digestive system diseases,train,Yuvrajxms09/biobert-triage-classifier,0.7,256
"Accelerated arteriosclerosis in heart transplant recipients is associated with a T-lymphocyte-mediated endothelialitis. Accelerated arteriosclerosis has emerged as a major life-threatening complication in long-term survivors of heart transplantation. It has been proposed that accelerated arteriosclerosis is an immune-mediated complication of rejection. We observed a striking endothelialitis in the coronary arteries of two explanted hearts obtained from patients with severe transplant-related accelerated arteriosclerosis. This finding prompted us to review the pathologic changes in the coronary arteries of 23 autopsied patients who had received heart transplants. The infiltrate in these vessels was characterized using immunohistochemical stains for lymphocytes (CD45), macrophages (MAC-387), T lymphocytes (CD45RO), B lymphocytes (L-26), and smooth muscle cells (actin). In addition, a full panel of monoclonal antibodies was used on the fresh-frozen tissue available from one of the two explanted hearts. Ten of the eleven recipients with accelerated arteriosclerosis had a moderate to marked lymphocytic endothelialitis compared to 3 of 14 without transplant-related arteriosclerosis (P less than 0.005). Immunohistochemical staining of the paraffin-embedded material demonstrated that most of the lymphocytes in the subendothelial space of these vessels were T lymphocytes and that this infiltrate was associated with an accumulation of macrophages and a proliferation of smooth muscle cells in the intima. In the explanted heart from which fresh-frozen tissue was available for more detailed cell typing, the T cells marked predominantly as cytotoxic T lymphocytes (CD8+, CD2+). These results suggest that accelerated arteriosclerosis may be mediated, in part, by a cytotoxic T-lymphocyte-directed endothelialitis.",atenção,0.5595147609710693,0.4404852092266083,0.5595147609710693,urgent,452,True,4,cardiovascular diseases,test,Yuvrajxms09/biobert-triage-classifier,0.7,256
"'Cystic papilloma' in humans? Demonstration of human papillomavirus in plantar epidermoid cysts. Fourteen cases of plantar epidermoid cyst were studied immunohistochemically and five of them were also studied electron microscopically for the presence of human papillomavirus. In eleven cases, the test results were positive for papillomavirus antigens, and in five of them, papillomaviruslike particles were observed by electron microscopy. Histological examination showed most of the cysts to contain intracytoplasmic eosinophilic bodies in cells of the cyst wall as well as the vacuolar structures in the keratinous mass within the cavity. These findings suggest an etiologic association between the papillomavirus and plantar epidermoid cysts. The ""cystic papilloma"" produced in rabbits by the Shope papillomavirus has been clearly demonstrated. We propose that human papillomaviruses play an important role in the genesis of plantar epidermoid cysts. This is the first report on the possible existence of a cystic papilloma in humans.",normal,0.1791831701993942,0.8208167552947998,0.8208167552947998,non-urgent,276,True,1,neoplasms,train,Yuvrajxms09/biobert-triage-classifier,0.7,256
"Alkaline reflux gastritis. Alkaline reflux gastritis and the symptoms associated with alkaline reflux gastritis have been reported in the medical literature since shortly after Billroth successfully performed his first gastrectomy in the 1880s. The disease process is produced by, or at least is associated with, the reflux of alkaline secretions into the gastric remnant. Although it occurs after any procedure that ablates the pylorus including pyloroplasty, it would appear to be most common after a Billroth II gastrojejunostomy. How the alkaline secretions cause the gastritis is still controversial. Clearly, the most effective therapy is to reroute the secretions from the biliary tract, pancreas, and duodenum so that they will not reflux into the gastric remnant. This is most effectively accomplished by a Roux-en-Y gastrojejunostomy with the afferent limb measuring at least 18 inches (40 cm). The surgeon and the patient should be aware that the construction of such a gastric outlet channel is associated with delayed gastric emptying. The etiology of this impaired emptying is also controversial. If the patient has symptoms of dumping (either early or late), these symptoms may also be abated using the Roux limb. At least 40% of patients will have gastric outlet obstruction. Supportive therapy is appropriate in the majority of these patients.",atenção,0.3234797716140747,0.6765202283859253,0.6765202283859253,non-urgent,320,True,2|5,digestive system diseases|general pathological conditions,test|train,Yuvrajxms09/biobert-triage-classifier,0.7,256
"Alkalinisation of prilocaine for intravenous regional anaesthesia. Suitability for clinical use. Eighty unpremedicated patients undergoing day-case hand surgery under intravenous regional anaesthesia were randomly allocated to receive, in a double-blind study, either 40 ml 0.75% prilocaine hydrochloride, with 5 ml 8.4% sodium bicarbonate or 5 ml 0.9% saline. The alkalinised group had significantly less pain on injection (p = 0.0045), during surgery (p = 0.0074) and 5 minutes after the tourniquet was deflated (p = 0.0027). The time elapsed between insertion of the block and commencement of surgery was not affected.",atenção,0.3362624645233154,0.6637375354766846,0.6637375354766846,non-urgent,177,False,3,nervous system diseases,train,Yuvrajxms09/biobert-triage-classifier,0.7,256
"A chronic granulomatous syndrome of unknown origin. A small clinically distinct group of patients with widespread tissue granulomata are described. The principal presenting symptoms are malaise, fever, and weight loss, although a wide variety of complaints are documented. Pulmonary involvement is uncommon. The granulomata are noncaseating with a few multinucleate giant cells and some surrounding chronic inflammatory infiltrate. There is no evidence of an associated arteritis. The disease has a relapsing and remitting course and although it may require treatment with immunosuppressive drugs, particularly if the kidneys are involved, the prognosis is relatively good. We propose that this entity be called granulomatous syndrome of unknown origin. The characteristics that set this syndrome apart from the other granulomatous vasculitides are discussed. The current limited understanding of granuloma formation does not allow us to propose a definite etiology for this condition. It is emphasized that it is not helpful to encompass it within a label of sarcoidosis. First, it may only serve to confuse the doctor in assessing and treating this very particular group of patients. Secondly, it may hinder future attempts to understand the different pathogenetic mechanisms underlying the various conditions in which granulomata may arise.",atenção,0.3414261639118194,0.6585738658905029,0.6585738658905029,non-urgent,283,True,2|5,digestive system diseases|general pathological conditions,test,Yuvrajxms09/biobert-triage-classifier,0.7,256
"A comparative study of naproxen sodium, pizotyline and placebo in migraine prophylaxis. 318 patients satisfying the Ad Hoc Committee's criteria for common or classical migraine were entered into an 8 week single-blind placebo recording phase to establish, by diary cards, the frequency and severity of their attacks. 176 patients completed this and had records indicating 4-8 episodes in the 8 week period, with sufficient severity to reduce activity and/or work; these patients were randomized by a predetermined code, into three double-blinded groups: naproxen sodium 550 mg bid (60 patients), pizotyline 0.5 mg tid (59 patients), or placebo (57 patients). The patients were followed at monthly intervals for 12 weeks, with 25 dropping out (3 on naproxen sodium, and 2 each on pizotyline and placebo because of ""side effects;"" the remaining 18 because of noncompliance or reasons unrelated to therapy). Approximately 25% of patients in each of the 3 groups complained of side effects. Statistical analysis showed that both naproxen sodium and pizotyline were better than placebo, and of overall equivalent (i.e. equal) efficacy in the prophylaxis of migraine. In some respects, naproxen sodium was slightly more effective than pizotyline in the first month of treatment.",normal,0.0782282575964927,0.921771764755249,0.921771764755249,non-urgent,302,True,3,nervous system diseases,test,Yuvrajxms09/biobert-triage-classifier,0.7,256
"A three-year retrospective study of synovectomies in children. The aim of this study was to evaluate the results of synovectomies in children with juvenile arthritis. Five hundred twenty-eight synovectomies and tenosynovectomies were performed over a period of 13 years. The patients were followed for one, two, three, five, and ten years postoperatively. The evaluation after three years was chosen as the basis for this article. One hundred twenty-five children with arthritis who were not evaluated three years postoperatively had less severe arthritis, both locally and generally, than the evaluated group of 389. The rate for good results and tolerability was high at one, two, and three years postoperatively but decreased with time; more patients went from good results to poor rather than vice versa. Global assessment, soft-tissue swelling, and limitation of movement seemed to be the best parameters for evaluating the results of synovectomies. It appears necessary to wait at least three years to evaluate the long-term effect of synovectomies.",normal,0.0603165812790393,0.9396833777427672,0.9396833777427672,non-urgent,240,False,5,general pathological conditions,test,Yuvrajxms09/biobert-triage-classifier,0.7,256
"Acute respiratory failure and pulmonary thrombosis in leukemic children. Acute respiratory failure (ARF) in an 11-year-old child with pre-T acute lymphoblastic leukemia (ALL) at the beginning of induction therapy was observed, connected with a pulmonary thrombosis and not with an infective origin. A systematic search for this pathology identified six other children with the same pulmonary complication, five of whom where in the early phase of acute nonlymphoblastic leukemia (ANLL) and one in induction therapy for ALL in marrow relapse. At the beginning of the symptomatology, all children presented severe hypoxia and hypercapnia, with no or minimal chest radiograph abnormalities and no clear hemodynamic involvement. In all patients the arteriography and nuclear imaging studies confirmed the diagnosis. The causes of the thrombi could be connected with neoplastic emboli after cell lysis and/or with the vascular damage resulting from antiblastic therapy. Intravenous urokinase treatment and respiratory assistance had been successfully carried out in six of seven children.",urgente,0.9091774821281432,0.0908225029706955,0.9091774821281432,urgent,249,False,1|5,neoplasms|general pathological conditions,test|train,Yuvrajxms09/biobert-triage-classifier,0.7,256
"Activation and inducer subset phenotype of the lymphocytic infiltrate around epidermally derived tumors. An in situ analysis of the mononuclear cell infiltrate found in association with a range of benign, premalignant, and malignant epidermal tumors is described. The predominant cell phenotype was that of the recently described immunoregulatory helper/inducer T lymphocyte. A large number of lymphocytes expressed antigens associated with cellular activation, suggesting an ongoing immunologic response by the host against the tumor, although evidence of in situ proliferation of these cells was lacking. These findings suggest that the infiltrate found in association with cutaneous tumors does not represent passive accumulation of lymphocytes from the circulation but rather an active antitumor response.",normal,0.2124176919460296,0.787582278251648,0.787582278251648,non-urgent,183,False,1,neoplasms,train,Yuvrajxms09/biobert-triage-classifier,0.7,256
"A clinically applicable method for long-term salvage of postischemic skeletal muscle. The clinical significance and applicability of interventions aimed at reducing reperfusion injury in postischemic skeletal muscle remain unproven, since long-term muscle salvage has not been demonstrated by most treatment protocols that attenuate early reperfusion injury. We have shown that reperfusion of ischemic skeletal muscle results in an early and prolonged sequestration of white blood cells and activation of the alternative complement cascade. The purpose of this study was to determine if 40 minutes of reperfusion with blood depleted of white blood cells and complement proteins, followed by 2 days of normal perfusion, would reduce muscle necrosis after 5 hours of ischemia. The isolated paired canine gracilis muscle model was used. The treatment muscle was initially reperfused with arterial blood that had been spun, washed, passed through a leukocyte removal filter, and resuspended in hydroxyethyl starch (greater than 99.9% removal of white blood cells and the complement proteins factor B and C4). The contralateral control muscle was subjected to unaltered reperfusion. Blood flow (ml/min/100 gm) was measured by timed collection of gracilis venous blood. Myeloperoxidase activity (absorbance at 655 nm/min/mg tissue protein) in muscle biopsies was used to monitor white blood cell sequestration. After 48 hours of reperfusion in vivo, necrosis was quantified by nitroblue tetrazolium staining. Initial reperfusion with white blood cell and complement depleted blood significantly reduced muscle necrosis (53% +/- 3% vs 29% +/- 8%, p less than 0.0025, paired t test). Early blood flow was improved, (p = 0.0025, repeated measure-ANOVA), but subsequent white blood cell sequestration was not altered (p = 0.33, repeated measure-ANOVA). This suggests that a significant amount of white blood cell mediated injury occurs during the first 40 minutes of reperfusion. Preventing early complement activation and white blood cell mediated reperfusion injury is an intervention that is feasible during surgery and may result in clinically significant salvage of postischemic skeletal muscle.",atenção,0.5060732364654541,0.4939267635345459,0.5060732364654541,urgent,498,True,4|5,cardiovascular diseases|general pathological conditions,train,Yuvrajxms09/biobert-triage-classifier,0.7,256
"Adjuvant, specific, active immunotherapy for resectable squamous cell lung carcinoma: a 5-year survival analysis. In 1976 Stewart et al. (Annals of the New York Academy of Sciences 277:436-466) reported the effectiveness of adjuvant specific active immunotherapy of lung carcinoma in improving the postoperative survival of stage I lung carcinoma patients in a phase II study using lung carcinoma-associated antigen (TAA) and complete Freund's adjuvant (CFA). A phase III study was then designed by the authors to see the effects of specific active immunotherapy compared to the conventional management (no treatment) and to nonspecific immunotherapy. From 1976 to 1981, 85 patients with resectable (stages I and II) squamous cell lung carcinoma were entered into a randomized study: 1) control group; 2) specific immunotherapy group--three monthly doses of 500 micrograms of TAA emulsified with CFA; 3) nonspecific immunotherapy group--three monthly doses of CFA emulsified in saline. All the patients in the study received skin tests with 100 micrograms of the same TAA used for the immunotherapy. Recently, a 5-year follow-up of all the patients became available: The life table 5-year survival of group 1 was 34%, of group 2 was 75%, and of group 3 was 53%. The median survivals for the three groups were group 1, 38 months; group 2, 106 months; and group 3, 71 months. The difference was significant at P = .007 (Cox-Mantel test).",normal,0.2480872571468353,0.7519127726554871,0.7519127726554871,non-urgent,390,True,1,neoplasms,train,Yuvrajxms09/biobert-triage-classifier,0.7,256
"6-[18F]fluoro-L-fucose: a possible tracer for assessing glycoconjugate synthesis in tumors with positron emission tomography. The potential of 6-[18F]fluoro-L-fucose (6-[18F]FFuc) for assessing glycoconjugate synthesis in tumors with positron emission tomography (PET) was investigated. Using the tissue sampling method with five tumor models, different time-radioactivity profiles were found: a nearly constant level in Lewis lung carcinoma (3LL) and different clearance patterns in others. Rapid clearance in normal tissues resulted in preferable uptake ratios for tumor imaging of brain and pancreas. Metabolic studies and the L-fucose loading effects on the tissue uptake proved the tracer to be a biochemically active L-fucose analog. Imaging of the intracranial rat glioma and 3LL in lungs or hepatomas in mice by autoradiography (ARG) and intramuscular VX-2 carcinoma in rabbits by PET was demonstrated. Using double-radionuclide ARG, similar distribution images of 6-[18F]FFuc and 14C-L-fucose but different tumor-to-liver uptake ratios were found. A metastasis model seemed to show a higher uptake of both tracers as compared to a primary tumor model.",atenção,0.4814711511135101,0.5185288190841675,0.5185288190841675,non-urgent,317,True,1,neoplasms,train,Yuvrajxms09/biobert-triage-classifier,0.7,256
"Acute hemorrhagic edema of infancy (AHEI)--a variant of Henoch-Schonlein purpura or a distinct clinical entity? Acute hemorrhagic edema of infancy (AHEI) is an acute cutaneous leukocytoclastic vasculitis (LCV) of infants. The clinical picture has a violent onset with a short benign course followed by spontaneous complete recovery. We report 12 infants with AHEI who were studied clinically, serologically, and immunohistologically. Edema and palpable purpuric skin lesions were present in all infants who were in good general condition. Serologic studies were unremarkable. Light microscopic examination of the skin biopsy specimens revealed LCV as in Henoch-Schonlein purpura (HSP). Direct immunofluorescent study revealed depositions of various immunoreactants, including fibrinogen, C3, IgG, IgM, IgA, and IgE (100%, 100%, 22%, 78%, 33%, and 33%, respectively) in the wall and around the small vessels. Similar deposition of Clq was also present in three infants in whom Clq could be studied (100%). The clinical similarities and differences between AHEI and HSP have been discussed in the literature. AHEI is observed before 2 years of age and is confined to the skin. The skin lesions of HSP are more polymorphic. Although histopathologic findings are similar, the immunohistologic pattern found in our series of AHEI is rather different from the pattern of HSP. Taking all of these findings into account, we suggest that AHEI should be considered as a separate, clinicopathologic entity or a possible variant of HSP. The more descriptive term ""acute benign cutaneous LCV of infancy"" is offered for this clinicopathologic entity.",atenção,0.5444733500480652,0.4555267095565796,0.5444733500480652,urgent,440,True,4|5,cardiovascular diseases|general pathological conditions,train,Yuvrajxms09/biobert-triage-classifier,0.7,256
"A randomized trial of cisplatin, vinblastine, and bleomycin versus vinblastine, cisplatin, and etoposide in the treatment of advanced germ cell tumors of the testis: a Southwest Oncology Group study This is a Southwest Oncology Group (SWOG) prospective randomized trial of cisplatin, vinblastine, and bleomycin (PVB) versus vinblastine, cisplatin, and etoposide (VP-16) (VPV) in the treatment of advanced germ cell tumors of the testis. The study objective was to determine what effect the replacement of bleomycin with VP-16 has on complete response (CR), survival, and drug toxicity. One hundred sixty-nine patients were registered and randomized. Of these patients, 160 were assessable for response. All had histologically confirmed disseminated germ cell neoplasms of testicular origin. Forty-six had minimal metastatic disease, and 114 had maximal disease. Seventy-seven were randomized to PVB and 83 to VPV chemotherapy. There was no significant difference in pretreatment characteristics between the two arms with regard to tumor burden, histologic type, and overall performance status. Patients received four courses of induction chemotherapy, either PVB (cisplatin 120 mg/m2 day 3, vinblastine 12 mg/m2 day 1, bleomycin 15 U/m2 twice per week) or VPV (vinblastine 8 mg/m2 day 1, cisplatin 120 mg/m2 day 3, VP-16 50 mg/m2 days 2 to 5). Chemotherapy was given every 3 weeks. Cytoreductive surgery was done postinduction if a chemotherapy CR was not achieved. There was no difference in the percentage of patients achieving a disease-free status between PVB (77%) and VPV (73%). The mean leukocyte nadir was similar for both treatments, but the mean platelet nadir was significantly lower (P = .003) in the VPV arm. All bleomycin-related toxicities (pulmonary, mucositis, skin) were avoided in the VPV arm. We conclude that bleomycin can be replaced in first-line therapy for advanced germ cell tumors without sacrificing efficacy and with the advantage of avoiding unnecessary drug toxicity.",atenção,0.481118768453598,0.5188812017440796,0.5188812017440796,non-urgent,544,True,5,general pathological conditions,test,Yuvrajxms09/biobert-triage-classifier,0.7,256
"Alanine-based oral rehydration therapy for infants with acute diarrhea. Twenty male infants less than 1 year of age with acute diarrhea and dehydration were randomly assigned to a study group and studied in blind fashion in a metabolic unit to assess the efficacy of the addition of 30 mmol/L alanine to the standard World Health Organization (WHO) oral rehydration solution (ORS). Patients were exclusively rehydrated with one of two types of ORS during the first 24 hours of treatment. On the second day, oral feedings were started with a lactose-free formula, and ORS was given to replace stool losses. Body weight, ORS, food intake, vomitus, stool, and urine output were recorded at 6-hour intervals. Blood was drawn at the time of admission, after rehydration, and at 24 and 48 hours of hospitalization to monitor blood gases and electrolytes. Rehydration was satisfactory in both groups of patients. ORS that contained alanine did not reduce the purging rates of the infants compared with those who received standard ORS. Clinically no adverse effect of the alanine-based ORS was observed during hospitalization. None of the patients had significant hypernatremia or hyponatremia, and serum amino acid levels were not altered. These data show that the addition of 30 mmol/L alanine to the standard WHO-ORS produces no further improvement in the outcome of the infants with acute diarrhea compared with those fed the standard WHO-ORS.",atenção,0.533129870891571,0.4668700993061065,0.533129870891571,urgent,340,True,2|5,digestive system diseases|general pathological conditions,test|train,Yuvrajxms09/biobert-triage-classifier,0.7,256
"Adjuvant antiestrogen therapy for breast cancer. Past, present, and future. Laboratory investigations using animal models of breast cancer growth have indicated that the antiestrogenic compound tamoxifen is a tumoristatic agent. It is therefore effective in suppressing, rather than destroying, the breast tumor. Its use as an adjuvant in breast cancer management has been successful, with a proportion of women benefiting from long periods of tamoxifen treatment. All the initial studies recruited postmenopausal women, but tamoxifen is now proposed for the treatment of premenopausal women for an extended time. Naturally, there are many aspects of the toxicology of tamoxifen to consider; however, careful monitoring of clinical trials will determine the safety of the drug for the general patient population.",normal,0.1233182176947593,0.8766818046569824,0.8766818046569824,non-urgent,171,False,1,neoplasms,test,Yuvrajxms09/biobert-triage-classifier,0.7,256
"Acquired Lutembacher syndrome or mitral stenosis and acquired atrial septal defect after transseptal mitral valvuloplasty. Critical mitral stenosis in selected patients may be treated successfully with percutaneous mitral valvuloplasty. Complications of this procedure, particularly an atrial septal defect following transseptal approach, are generally of minor clinical significance. We describe a woman who initially underwent a successful percutaneous double-balloon mitral valvuloplasty via the transseptal approach. Three months later she presented with right-sided heart failure. Color Doppler echocardiography and cardiac catheterization demonstrated an atrial septal defect (ASD) as well as restenosis of the mitral valve. We conclude that significant ASDs may occur following transseptal mitral valvuloplasty with appearance of right ventricular failure and that color Doppler imaging aids in the diagnosis of this new variant of the classical Lutembacher syndrome.",urgente,0.7446896433830261,0.2553103566169739,0.7446896433830261,urgent,229,False,4,cardiovascular diseases,train,Yuvrajxms09/biobert-triage-classifier,0.7,256
"Adjuvant chemotherapy with 5-fluorouracil, vincristine and CCNU for patients with Dukes' C colorectal cancer. The Swedish Gastrointestinal Tumour Adjuvant Therapy Group. A prospective controlled randomized trial testing adjuvant postoperative combination chemotherapy (5-fluorouracil, lomustine (CCNU) and vincristine) versus no adjuvant therapy in patients operated on for Dukes' C colorectal cancer is reported. In total 334 patients aged less than 70 years were recruited: 205 patients with colonic and 99 with rectal cancer, but there were three protocol violations and these cases are excluded from further consideration. Twenty-seven patients had a limited resection of their cancer. After 5 years' follow-up there was no significant difference in the tumour-free survival rate or in the survival rate between the treated and control groups. Twenty-nine of the 147 patients who started chemotherapy discontinued this treatment because of side-effects, mainly from the gastrointestinal tract. In 30 patients treatment was discontinued because of recurrent disease. The conclusion is that systemic administration of combination chemotherapy for colorectal cancer after operation is not worthwhile in routine clinical practice.",atenção,0.3402694463729858,0.6597304940223694,0.6597304940223694,non-urgent,269,True,1,neoplasms,train,Yuvrajxms09/biobert-triage-classifier,0.7,256
"Adenotin and adenotin-like proteins coexist with adenosine receptors in mammalian tissues. The relationship of adenotin, a low-affinity adenosine-binding protein, to adenosine receptors was examined in two human tissues and two mammalian cultured cell lines. An adenosine A2 receptor exists in the membranes from platelets, PC-12 cells, and JAR cells as shown by a stimulation of adenylate cyclase related to 5'-N-ethylcarboxamidoadenosine (NECA) or a NECA-related increase in intracellular cAMP levels. In contrast, binding studies with tritiated NECA revealed typical adenotin-like low-affinity binding sites on the membranes from the sources studied with agonist potencies as follows: NECA greater than 2-chloroadenosine greater than R-PIA. No evidence was found of coupling to a guanine nucleotide regulatory protein. Solubilization of platelet and placental membranes and precipitation with polyethylene glycol separated adenotin or the adenotin-like protein from a second adenosine binding site in each tissue. The pharmacologic properties of the precipitated binding sites were compatible with an adenosine A2 receptor in platelets and an adenosine A1 receptor in placenta. Our observations indicate that adenotin-like proteins exist outside the placenta. In addition, adenotin and adenotin-like proteins coexist with the adenosine A1 or A2 receptor in a number of cells and tissues and do not couple to a guanine nucleotide regulatory protein and stimulate adenylate cyclase. Therefore, adenotin is pharmacologically distinct from adenosine receptors, and its function remains to be discovered.",normal,0.2310564666986465,0.7689435482025146,0.7689435482025146,non-urgent,411,True,1,neoplasms,train,Yuvrajxms09/biobert-triage-classifier,0.7,256
"Acute myocardial infarction and chest pain syndromes after cocaine use. Seventy patients hospitalized with chest pain after cocaine use were retrospectively evaluated to define the risk and clinical course of acute myocardial infarction (AMI). AMI developed in 22 patients (31%) and transient myocardial ischemia was seen in an additional 9 patients (13%). Coronary risk factors did not distinguish those who developed AMI from those who did not. The presenting electrocardiogram was abnormal in 20 of 22 patients who evolved AMI and in 19 of 48 of those who did not. Creatine kinase levels were elevated in 75% of the patients, including 65% of those who did not develop AMI, but creatine kinase-MB elevations were only observed in the AMI group. The route of cocaine administration did not predict AMI and there was no predilection for a particular coronary vascular bed. The length of time between drug use and onset of AMI pain was often quite prolonged (median interval, 18 vs 1 hour in the non-AMI group). Eight of the patients with AMI underwent cardiac catheterization and 4 had significant coronary narrowing.",urgente,0.8648404479026794,0.1351595073938369,0.8648404479026794,urgent,261,True,4|5,cardiovascular diseases|general pathological conditions,test|train,Yuvrajxms09/biobert-triage-classifier,0.7,256
"Afibrinogenemia and hypobetalipoproteinemia in a kindred. A 3-year-old boy with minor bleeding problems had no plasma fibrinogen measured by both clottable assay and immuno-precipitation. Low normal fibrinogen levels were present in the mother and father. Markedly decreased plasma cholesterol and apolipoprotein B levels were found in the father, proband's brother, and the paternal side of the kindred. The proband and his mother had normal plasma total cholesterol and apolipoprotein B levels. These findings are compatible with autosomal dominant transmission of hypobetalipoproteinemia and autosomal recessive transmission of afibrinogenemia. Two members of the father's family had plasma cholesterol levels below the fifth percentile but elevated levels of fibrinogen (6.0 and 4.4 g/L). Both have symptomatic coronary heart disease. Finding coronary heart disease with very low cholesterol but elevated fibrinogen levels is consistent with fibrinogen levels being an independent risk factor for coronary heart disease.",normal,0.2905867099761963,0.7094132900238037,0.7094132900238037,non-urgent,261,True,4,cardiovascular diseases,test,Yuvrajxms09/biobert-triage-classifier,0.7,256
"An immunofluorescence study of cerebral malaria. A correlation with histopathology. Histopathologic and immunopathologic features of cerebral malaria have been defined in a study of six autopsy cases with severe Plasmodium falciparum infection. In five cases, immunofluorescent studies demonstrated intense deposition of P falciparum antigen, IgG, and fibrin in cerebral vessels associated with the histopathologic finding of hemorrhage in the white matter of cerebrum and cerebellum regardless of the presence of parasitized erythrocytes in the cerebral vessels. Immunofluorescent study also demonstrated the extravascular deposits of P falciparum granular antigen associated with acute inflammatory lesion in cerebral tissue in one case. These findings suggested that the immunopathogenic mechanism may in some way play a role in the pathogenesis of cerebral malaria.",atenção,0.6090785264968872,0.3909214735031128,0.6090785264968872,urgent,211,False,3,nervous system diseases,train,Yuvrajxms09/biobert-triage-classifier,0.7,256
"A study of fatigue in systemic lupus erythematosus. Fifty-nine patients with systemic lupus erythematosus were evaluated by questionnaires, histories, physical examinations and routine laboratory studies in order to better understand their fatigue. The fatigue severity scale (scored from 1 to 7) was used to measure fatigue and yielded a mean score +/- SD of 4.6 +/- 1.5. Fifty-three percent of the patients reported that fatigue was their most disabling symptom. Although perceived as severe, the symptom of fatigue did not correlate significantly with any of the laboratory measures. However, there was a significant correlation between fatigue and the physician's rating of disease activity. Fatigue also correlated significantly with depression which accounted for 21% of the variation in fatigue scores.",normal,0.0859492495656013,0.914050817489624,0.914050817489624,non-urgent,175,False,5,general pathological conditions,train,Yuvrajxms09/biobert-triage-classifier,0.7,256
"Adenocarcinoma of the appendiceal stump. We have reported the case of a 58-year-old woman with nonspecific abdominal complaints in whom barium enema and subsequent colonoscopy showed a 3 cm lobulated adenocarcinoma within a villous adenoma arising from the appendiceal stump. Because such appendiceal malignancies have no specific clinical signs, symptoms, or radiologic features, preoperative diagnosis is extremely difficult, and colonoscopy may be required to clarify radiologically demonstrated irregularities.",atenção,0.5882964730262756,0.4117034673690796,0.5882964730262756,urgent,131,False,1|2|5,neoplasms|digestive system diseases|general pathological conditions,train,Yuvrajxms09/biobert-triage-classifier,0.7,256
"A coproporphyria-like syndrome induced by glipizide. A 49-year-old man with a 1-month history of episodic, severe abdominal pain sought medical attention. The patient's history was remarkable for type II diabetes, for which glipizide therapy had been initiated 2 months earlier. No other medications were being taken at the time the paroxysms of pain began. During the episodes of pain, both examination of the abdomen and abdominal roentgenograms revealed normal findings. Initial assessment, including ultrasonography and computed tomographic scanning of the abdomen, upper gastrointestinal and colon roentgenograms, and esophagogastroduodenoscopy, revealed no cause of the pain. Empiric trials of famotidine, sucralfate, and antacids failed to relieve the pain. Both urine and fecal specimens collected after an attack demonstrated substantially increased coproporphyrins. The glipizide regimen was discontinued; 2 months later, the stool coproporphyrins had decreased to normal levels. At follow-up more than 1 year later, the patient had had no recurrence of abdominal pain. Although other orally administered hypoglycemic agents and other sulfa compounds have been reported to precipitate acute attacks of porphyria, to our knowledge this is the first such case associated with glipizide. We suggest that glipizide be added to the list of medications to be avoided in patients with porphyria.",atenção,0.5315505862236023,0.4684493839740753,0.5315505862236023,urgent,336,True,2|5,digestive system diseases|general pathological conditions,train,Yuvrajxms09/biobert-triage-classifier,0.7,256
"Acute biologic response to excimer versus thermal laser angioplasty in experimental atherosclerosis. Vascular injury and platelet accumulation after balloon angioplasty are two potentially important triggers of the process of restenosis that may be minimized by the use of laser energy to ablate atherosclerotic plaque. The type of laser most suitable to achieve these goals remains unknown. Accordingly, angiographic and histologic studies and quantitative platelet deposition analysis were performed on 27 atherosclerotic rabbit iliac arteries randomized to treatment with excimer laser or thermal laser angioplasty. Excimer laser angioplasty was achieved with 35 to 40 mJ/mm2 of 308 nm xenon chloride irradiation delivered through a 4.5F catheter made of 13 concentrically arranged 200 microns fiber optics, at a repetition rate of 25 to 30 Hz and a pulse duration of 135 ns; thermal laser angioplasty was achieved with a 1.7 mm metal probe heated with 10 W of continuous wave argon laser energy. The baseline and post-laser luminal diameters of excimer laser-treated vessels (0.92 +/- 0.28 and 1.56 +/- 0.48 mm, respectively) were similar to those observed in thermal laser-treated vessels (1.05 +/- 0.44 and 1.61 +/- 0.41 mm, respectively). Perforation occurred in 4 (29%) of 14 thermal laser-treated arteries and in 0 of 13 excimer laser-treated arteries (p = 0.04); spasm was observed in only 1 thermal laser-treated vessel. On the basis of a quantitative histologic grading scheme (damage scores of 0 to 4), greater degrees of injury were measured in thermal versus excimer laser-treated vessels (2.4 +/- 1.0 versus 1.3 +/- 0.4, p = 0.009).",atenção,0.4349711239337921,0.5650288462638855,0.5650288462638855,non-urgent,442,True,5,general pathological conditions,train,Yuvrajxms09/biobert-triage-classifier,0.7,256
"An epitope on the transferrin receptor preferentially exposed during tumor progression in human lymphoma is close to the ligand binding site. We have previously reported an anti-transferrin receptor antibody, Trump, which was originally selected for its ability to discriminate low- and high-grade lymphomas. This feature was distinct from the other anti-transferrin receptor antibodies such as OKT9. In the present study, further immunochemical analysis was performed to define the nature of the antigenic site recognized by the Trump antibody. Trump was found to block the binding of transferrin both to solubilized and to surface transferrin receptors; conversely, transferrin could block the binding of Trump only to surface transferrin receptors. Therefore, the epitope recognized by Trump is near but not identical to the transferrin binding site. Stimulation of peripheral blood lymphocytes with phytohemagglutinin induced both the OKT9 epitope and the Trump epitope, but 12-phorbol 13 myristate acetate induced only the OKT9 epitope. Growth of some cell lines was inhibited by Trump but not by OKT9. No structural difference was found between transferrin receptor molecules reactive with Trump and those reactive with OKT9. In support of these results, Trump was able to immunoprecipitate transferrin receptor molecules solubilized from low-grade follicular lymphoma cells even though it did not bind to the receptors exposed on the surface of these cells. These findings imply that low-grade lymphoma cells differ from high-grade lymphoma cells not in the structures of their transferrin receptors but in their exposure of the molecule on the cell surface.",normal,0.2196052968502044,0.7803947329521179,0.7803947329521179,non-urgent,370,True,1,neoplasms,train,Yuvrajxms09/biobert-triage-classifier,0.7,256
"An improved technique for development of the pectoralis major myocutaneous flap. The pectoralis major myocutaneous flap is the most commonly employed muscle skin transfer used in soft-tissue reconstruction of defects of the upper neck and jaw region. This article presents conceptual and technical changes in the development of the pectoralis major myocutaneous flap that preserve a greater vascular pedicle and enhance the flap's arc of rotation. Data from 54 consecutive cases using this modified approach show a reduction in complications, a greater range of use, and consistent healing in radiated and nonradiated tissues without requiring sectioning or removing the clavicle or causing significant chest deformities. These modifications have produced a more predictable transfer compared with other reported techniques.",normal,0.1922773271799087,0.8077226877212524,0.8077226877212524,non-urgent,158,False,5,general pathological conditions,train,Yuvrajxms09/biobert-triage-classifier,0.7,256
"Accuracy of exercise electrocardiography in detecting physiologically significant coronary arterial lesions. The accuracy of exercise electrocardiography in detecting a physiologically significant coronary artery stenosis has been assessed previously by comparing the exercise test with a coronary arteriogram. The inherent inaccuracy of visually determined percent diameter stenosis measurements might have lead to the conclusion that the exercise electrocardiogram was less accurate than it truly was. To determine the accuracy of the exercise electrocardiography in detecting a physiologically significant coronary stenosis, we studied 40 patients with one-vessel, one-lesion coronary artery disease, a normal resting electrocardiogram, and no hypertrophy or prior infarction. Each patient underwent exercise electrocardiography (Bruce protocol) that was interpreted as abnormal if the ST segment developed 0.1-mV or greater depression 80 msec after the J point. The physiological significance of each coronary stenosis was assessed by measuring of coronary flow reserve (peak divided by resting blood flow velocity) in the stenotic artery using a Doppler catheter and intracoronary papaverine (normal, 3.5 or greater peak/resting velocity). The percent diameter and percent area stenosis produced by each lesion were determined using quantitative angiography (Brown/Dodge method). Of the 17 patients with reduced coronary flow reserve (3.5 or greater peak/resting blood flow velocity) in the stenotic artery, 14 had an abnormal exercise electrocardiogram (sensitivity, 0.82; 95% confidence interval, 0.70-0.94). Conversely, 20 of 23 patients with normal coronary flow reserves had normal exercise tests (specificity, 0.87; 95% confidence interval, 0.77-0.97). The exercise electrocardiogram was abnormal in each of 11 patients with markedly reduced coronary flow reserve (less than 2.5 peak/resting velocity) and in three of six patients with moderately reduced reserve (2.5-3.4 peak/resting velocity). The products of systolic blood pressure and heart rate at peak exercise were significantly correlated with coronary reserve in patients with truly abnormal exercise tests. In comparison, the sensitivity (0.61; 95% confidence interval, 0.46-0.76) and specificity (0.73; 95% confidence interval, 0.60-0.86) of exercise electrocardiography in detecting a 60% or greater diameter stenosis may be significantly lower (p less than 0.05). Exercise electrocardiography, therefore, was a good predictor of the physiological significance (assessed by coronary flow reserve) of a coronary stenosis in patients with a normal resting electrocardiogram and no hypertrophy or prior infarction. Its value in a broader and larger patient population will require further study. These results, however, underscore the importance of a physiological gold standard in assessing the accuracy of noninvasive studies for detecting coronary artery disease.",atenção,0.443065732717514,0.5569342970848083,0.5569342970848083,non-urgent,669,True,4,cardiovascular diseases,train,Yuvrajxms09/biobert-triage-classifier,0.7,256
"Adverse treatment effects in the trial of the European Working Party on High Blood Pressure in the Elderly. Adverse treatment effects were assessed in 840 elderly hypertensive patients randomly assigned to active treatment (a combination of triamterene and hydrochlorothiazide) or placebo; methyldopa was added to the regimen in one third of the treated patients. Symptoms of dry mouth, nasal stuffiness, and diarrhea were reported by significantly more treated patients than placebo control subjects. More patients receiving diuretics plus methyldopa than diuretics alone reported dry mouth and diarrhea. Significantly more treated patients than control subjects showed evidence of a high serum creatinine level, mild hypokalemia, and gout. More treated patients tended to have diabetes. The benefits of treatment outweighed these adverse treatment effects.",normal,0.1114649474620819,0.8885350823402405,0.8885350823402405,non-urgent,192,False,4,cardiovascular diseases,train,Yuvrajxms09/biobert-triage-classifier,0.7,256
"A retrospective outcome study and review of hypnosis as treatment of adults with sleepwalking and sleep terror. Hypnosis has been described anecdotally to be effective in the treatment of sleepwalking and sleep terror, potentially dangerous parasomnias. The authors report the use of hypnosis in the treatment of 27 adult patients with these disorders. A total of 74% of these individuals reported much or very much improvement when followed over substantial periods after instruction in self-hypnotic exercises that were practiced in the home. Hypnosis, often preferred over pharmacotherapy by patients, required one to six office visits (mean = 1.6). This represents a very cost-effective and noninvasive means of treatment, especially when constrasted with lengthy psychotherapy and pharmacotherapy.",normal,0.0991707220673561,0.9008293151855468,0.9008293151855468,non-urgent,183,False,3,nervous system diseases,train,Yuvrajxms09/biobert-triage-classifier,0.7,256
"Acute syphilitic posterior placoid chorioretinitis. Six patients with evidence of secondary syphilis presented with visual loss in both eyes caused by large, placoid, yellowish lesions with faded centers at the level of the pigment epithelium in the macula and juxtapapillary areas. All eyes had vitreitis. All of the lesions showed a similar fluorescein angiographic pattern of early hypofluorescence and late staining. Five patients had mucocutaneous lesions typical of secondary syphilis. All five patients treated with antibiotics had prompt improvement in visual function and resolution of the fundus lesions. The ophthalmoscopic and angiographic appearance of these posterior fundus lesions was sufficiently characteristic to suggest a diagnosis of secondary syphilis. Modification of the host response to syphilis by human immune deficiency virus (HIV) infection may be partly responsible for this peculiar fundus picture. Three of the four patients tested positive for HIV.",atenção,0.4622229039669037,0.5377770662307739,0.5377770662307739,non-urgent,226,False,3|5,nervous system diseases|general pathological conditions,train,Yuvrajxms09/biobert-triage-classifier,0.7,256
"A 27-year experience with splenectomy for Gaucher's disease. Gaucher's disease is an inherited metabolic disorder caused by the defective activity of acid beta-glucosidase and the resultant accumulation of glucosyl ceramide-laden macrophages in the liver, bone, and spleen. Splenectomy is the preferred treatment for patients with Gaucher's disease who develop massive splenomegaly with accompanying hypersplenism and/or mechanical pressure symptoms. The charts of 48 patients with Gaucher's disease undergoing splenectomy at our institution between January 1963 and December 1989 were analyzed to determine the short- and long-term results of this procedure. Thirty-five (73%) patients had total splenectomy, whereas 13 (27%) patients had partial splenectomy. There was one postoperative death (after total splenectomy), and 13 patients (27%) had postoperative complications. Eleven patients (23%) presented with accelerated bone disease after total splenectomy (mean follow-up: 96 months). No patients having partial splenectomy (mean follow-up: 25 months) developed progressive bone disease. Eight patients have died since surgery. All four deaths due to malignant disease occurred in patients after total splenectomy. The results of this largest-ever reported series of splenectomy for Gaucher's disease confirm that while either total or partial splenectomy can be performed with minimal morbidity and mortality, total splenectomy is accompanied by more aggressive bone disease and a predisposition to malignancy. Prospective, randomized trials are needed to substantiate whether partial splenectomy is indeed the treatment of choice for splenomegaly associated with Gaucher's disease.",atenção,0.4796879291534424,0.5203120708465576,0.5203120708465576,non-urgent,399,True,5,general pathological conditions,test,Yuvrajxms09/biobert-triage-classifier,0.7,256
"An eosinophilia-myalgia syndrome associated with an L-tryptophan containing product. A syndrome of eosinophilia and myalgias associated with the usage of L-tryptophan containing products has been recently described by the Centers for Disease Control. We report a case of this new clinical entity, highlighted by severe myositis, and compare this illness with similar reported syndromes.",atenção,0.3693768382072449,0.6306232213973999,0.6306232213973999,non-urgent,89,False,3|5,nervous system diseases|general pathological conditions,train,Yuvrajxms09/biobert-triage-classifier,0.7,256
"Abdominal aneurysms in childhood: report of a case and review of the literature. Abdominal aneurysms are rare in children and are usually found in association with congenital cardiac or aortic malformations, connective tissue disorders, trauma, or previous arterial catheter placement. A 4-year-old girl who had a common iliac artery aneurysm, who had no history of arterial catheter placement or trauma, and who had no evidence of Marfan's or Ehlers-Danlos syndrome, arteritis, coarctation of the aorta, or other diseases associated with childhood aneurysms is presented. Resection of the aneurysm and arterial reconstruction were performed without the use of prosthetic material or vein graft. Pathologic examination showed no evidence of inflammation or medial degeneration in any of the layers of the arterial wall. This is the fourth report found in the literature of documented idiopathic abdominal aneurysm in a child. The conditions associated with abdominal aneurysms in childhood are discussed, and the literature is reviewed.",atenção,0.6317378878593445,0.3682621121406555,0.6317378878593445,urgent,243,False,4,cardiovascular diseases,train,Yuvrajxms09/biobert-triage-classifier,0.7,256
"Advantages of a narrow-range, medium molecular weight hydroxyethyl starch for volume maintenance in a porcine model of fecal peritonitis OBJECTIVE: To compare the effectiveness of two hydroxyethyl starch solutions of different molecular weight ranges for volume maintenance in a porcine model of fecal peritonitis. DESIGN: Randomized prospective trial. SETTING: Laboratory investigation. SUBJECTS: Adolescent female pigs weighing approximately 30 kg. INTERVENTIONS: We compared diafiltered 6% pentastarch with 6% high molecular weight hetastarch for volume maintenance in a porcine model of fecal peritonitis. The number average molecular weight of pentastarch is higher than hetastarch, although the weight average molecular weight is lower, i.e., a narrow range of medium weight molecules. The infusion rate of each agent was adjusted to maintain baseline arterial Hct for less than or equal to 7 hr after instrumentation and induction of fecal peritonitis. MAIN OUTCOME MEASUREMENTS: The volume of fluid required to maintain arterial Hct was compared along with comparisons of hemodynamic and histologic responses associated with the two agents. RESULTS: Significantly less pentastarch was required to prevent hemoconcentration than hetastarch (109 +/- 22.8 vs. 150 +/- 10.3 mL/kg; p less than .05) while hemodynamics, colloid osmotic pressure, and oxygen transport responses were similar. Capillary patency was greater (21.99 +/- 3.68 vs. 10.09 +/- 1.17%; p less than .05) and mean alveolar capillary barrier thickness was less (2.36 +/- 0.13 vs. 3.06 +/- 0.17 microns; p less than .05) with pentastarch than with hetastarch, as judged by electron microscopy. CONCLUSIONS: These data suggest that pentastarch is better retained in the circulation in capillary leak syndromes compared with hetastarch.",atenção,0.5738494992256165,0.4261505305767059,0.5738494992256165,urgent,499,True,2,digestive system diseases,test,Yuvrajxms09/biobert-triage-classifier,0.7,256
"Adjuvant therapy for node-negative breast cancer. The use of prognostic factors in selecting patients. Patients with invasive breast cancer and pathologically negative lymph nodes (NO) have a favorable 10-year survival rate, particularly with small (less than 1 cm) primary tumors. Overall, however, 20% to 35% will experience recurrence with local therapy only. Adjuvant chemotherapy or tamoxifen have prolonged disease-free survival (DFS), but not overall survival (OS). Unanswered questions of optimal end point (DFS or OS) and the risk of treating many to benefit few have prompted clinicians to use prognostic indicators to facilitate treatment recommendations. Currently, the most readily available and accurate information comes from TNM staging, pathologic features, and hormone receptors. Ploidy, S-phase fraction, HER-2-neu amplification or over-expression, and cathepsin-D may be useful prognostic indices. Until a more precise system of weighing several prognostic variables is developed, the decision to recommend adjuvant systemic therapy in this generally good prognosis group will have to be thoughtfully considered by patient and physician. Whenever possible, patients should be encouraged to enter clinical trials.",atenção,0.3842430114746094,0.6157569885253906,0.6157569885253906,non-urgent,270,True,1,neoplasms,train,Yuvrajxms09/biobert-triage-classifier,0.7,256
"A distinctive triad of malformations of the central nervous system in the Meckel-Gruber syndrome. A distinct triad of central nervous system (CNS) malformations (prosencephalic dysgenesis, occipital exencephalocele and rhombic roof dysgenesis) was present in seven cases of the Meckel-Gruber syndrome examined at autopsy. We compared our findings with those previously described. Microcephaly, sloping forehead, posterior occipital exencephalocele, cerebellar hypoplasia, Chiari malformation, hydrocephalus, polymicrogyria, arhinencephaly, holoprosencephaly and anencephaly constituted a broad spectrum of the reported CNS anomalies. Few reports contained a comprehensive description of the observed CNS malformations. In those reports, and in our cases, features of prosencephalic dysgenesis included agenesis of olfactory bulbs and tracts (arhinencephaly), hypoplasia of optic nerves and chiasm, agenesis of corpus callosum, fused thalami or complete holoprosencephaly. The occipital encephalocele has consisted of a displacement of rhombic roof elements, including caudal third ventricle, cerebellar vermis and fourth ventricle, extruded through an enlarged posterior fontanelle rather than through an occipital cranium bifidum and is thus more precisely labeled an exencephalocele. Different degrees of dysgenesis of posterior fossa structures, described by some as a variant of Dandy-Walker cyst with features of a Chiari malformation, were often associated with this occipital exencephalocele. This pattern of CNS anomalies represents a triad of malformations probably associated with defective ventral induction of the developing CNS by the prechordal mesoderm.",atenção,0.406168669462204,0.5938313603401184,0.5938313603401184,non-urgent,443,True,5,general pathological conditions,train,Yuvrajxms09/biobert-triage-classifier,0.7,256
"A new syndrome of congenital hypoparathyroidism, severe growth failure, and dysmorphic features. Twelve infants (six boys, six girls) with severe hypocalcaemic tetany or convulsions were seen over a three year period. Nine patients were symptomatic in the newborn period. Their hypocalcaemia was associated with hyperphosphataemia and very low concentrations of immunoreactive parathyroid hormone. None of the babies suffered from congenital cardiac disease. Cell mediated immunity, measured in five patients, was normal. There were no chromosomal abnormalities but all patients shared several dysmorphic features including deep set eyes, microcephaly, thin lips, beaked nose tip, external ear anomalies, micrognathia, and depressed nasal bridge. Mental retardation of varying degree was found in all patients. All had severe intrauterine and postnatal growth retardation. Four patients have died. The remaining eight patients are on treatments with vitamin D and calcium supplements with no change in their growth pattern. We believe that this association of congenital hypoparathyroidism with severe growth failure and dysmorphism represents a new syndrome.",atenção,0.4466556906700134,0.5533443093299866,0.5533443093299866,non-urgent,267,True,3|5,nervous system diseases|general pathological conditions,train,Yuvrajxms09/biobert-triage-classifier,0.7,256
"A preliminary report of arthroscopic findings following acute condylar trauma Standard therapy in orthopedics dictates that joints with suspected hemarthrosis be considered for irrigation or exploration, especially when immobilization is part of the treatment plan. In this preliminary report, 14 patients who had condylar/subcondylar fractures underwent superior joint space arthroscopy as part of the evaluation and treatment of their fractures. In all but two patients, blood was found in the superior joint space. Length of time from injury to time of examination correlated with the quantities of blood found. The severity and direction of the blow seemed to influence the findings in the joints. Synovial ecchymosis was a consistent finding. The disc appeared to be grossly intact and within the glenoid fossa in all cases, even when the condyle was grossly displaced. These findings raise questions about the role of direct disc injury as a source of postoperative temporomandibular joint (TMJ) symptoms, as well as about the practice of immobilization of fractures immediately after trauma. Further studies will be necessary to compare the treatment results in patients who have had arthroscopy versus those who have not.",atenção,0.3288399577140808,0.6711600422859192,0.6711600422859192,non-urgent,261,True,5,general pathological conditions,train,Yuvrajxms09/biobert-triage-classifier,0.7,256
"Alterations in brain electrical activity may indicate the onset of malignant hyperthermia in swine. The time course of changes in brain electrical activity during halothane anesthesia was examined in 12 malignant hyperthermia-susceptible (MHS) and 14 normal (nMHS) swine. Power densities in selected frequency bands were calculated from the electroen-cephalogram (EEG). EEG and systemic variables were determined over a period of 60 min after starting halothane (1% inspired). Malignant hyperthermia (MH) was triggered in all susceptible pigs. Initial changes in the EEG during development of MH consisted of a decrease in total power and a shift to lower frequencies (delta-theta activity) in all animals. These EEG alterations were noted when there was an increase in heart rate, but other systemic variables were still normal. EEG changes in all MHS animals started at an arterial oxygen tension (PaO2) greater than 90 mmHg and an arterial carbon dioxide tension (PaCO2) less than 50 mmHg. In 5 MHS animals EEG became isoelectric at a PaO2 of 61-82 mmHg and a PaCO2 of 53-68 mmHg. Mean arterial blood pressure at this time was 54-66 mmHg. To determine the effects of hypoxia on the EEG in 7 nMHS animals, oxygen was decreased over a period of 45-60 min to 7% inspired. In 7 other nMHS animals, hypercarbia was produced by admixture of carbon dioxide to the fresh gas supply to achieve incremental increases of PaCO2 to 110-120 mmHg. Significant EEG changes during hypoxia comparable to those seen at the onset of MH were noted at a PaO2 below 40 mmHg and during hypercarbia at a PaCO2 greater than 68 mmHg.",atenção,0.5640255212783813,0.435974508523941,0.5640255212783813,urgent,420,True,5,general pathological conditions,train,Yuvrajxms09/biobert-triage-classifier,0.7,256
"Amplification of oncogenes in mammary carcinoma shown by fine-needle biopsy. A procedure that measures the amplification of oncogenes in human cancer cells is described. The cells were obtained by fine-needle biopsy to allow repeated sampling from individual metastases. A drawback was the low number of cells obtained, but this could be overcome by using a slot-blot hybridization technique to measure gene amplification. Two patients with mammary cancer (primary tumors or metastases), analyzed for the levels of amplification of the oncogene erb-B2, are described in detail. This technique is suitable for analyzing alterations occurring during cancer progression and for identifying subgroups of mammary cancer with different characteristics.",atenção,0.3497713804244995,0.6502286195755005,0.6502286195755005,non-urgent,163,False,1,neoplasms,test,Yuvrajxms09/biobert-triage-classifier,0.7,256
"A phase I study including pharmacokinetics of polyethylene glycol conjugated interleukin-2. A more soluble formulation of recombinant interleukin-2 with a prolonged half-life would allow alternate routes or schedules of administration and enhance patient comfort. The covalent attachment of polyethylene glycol to recombinant interleukin-2 provides an analog with preclinical data suggesting those desired characteristics while maintaining biologic activity. This is the report of a phase I study in which we sought to determine the maximum tolerated dose of polyethylene glycol interleukin-2, observe biologic activity, and confirm the prolonged half-life in vivo. Sixty-six patients were entered into the study during 19 months. Polyethylene glycol interleukin-2 was administered intravenously once a week over 15 minutes. The maximum tolerated dose was 20 x 10(6) U/M2. The pattern of toxicity was quite similar to that of the parent compound. Four patients had evidence of tumor regression (three partial remission; one minor response). The pharmacokinetic data confirmed a 10- to 20-fold prolongation in half-life compared with recombinant interleukin-2. No neutralizing antibodies were detected. This study provides sufficient impetus for the ongoing phase II studies of polyethylene glycol interleukin-2.",atenção,0.4231093525886535,0.5768907070159912,0.5768907070159912,non-urgent,329,True,1,neoplasms,train,Yuvrajxms09/biobert-triage-classifier,0.7,256
"Airway luminal liquid. Sources and role as an amplifier of bronchoconstriction. The release of mediators from inflammatory cells into the airway lumen can initiate a series of events leading to airway obstruction, particularly smooth muscle contraction and alteration of endothelial and epithelial permeability leading to mucosal edema and subsequent influx of liquid into the airway lumen. In this report we briefly review the effects of several inflammatory mediators, including eicosanoids, platelet-activating factor, and histamine, as well as the effects of plasma proteins and tachykinins that may be secondarily released because of the presence of inflammatory mediators on endothelial and epithelial permeability. We then consider physical mechanisms whereby the resulting airway luminal liquid could amplify the response of an airway previously constricted because of smooth muscle contraction. Specifically, liquid in the interstices between epithelial projections that are formed during muscular contraction could amplify the degree of luminal compromise by (1) further decreasing luminal cross-sectional area by occupying space, and (2) providing an additional source of inward recoil because of the surface tension of the air-liquid interface.",normal,0.1640824526548385,0.8359175324440002,0.8359175324440002,non-urgent,273,True,5,general pathological conditions,train,Yuvrajxms09/biobert-triage-classifier,0.7,256
"A controlled clinical trial to assess the effect of a calcium channel blocker on the progression of coronary atherosclerosis To determine whether calcium channel blockers influence the progression of coronary atherosclerosis, 383 patients age 65 years or less with 5-75% stenoses in at least four coronary artery segments were selected at random within 1 month of coronary arteriography to participate in double-blind therapy with a placebo or nicardipine 30 mg three times daily. Coronary events (5 deaths, 22 myocardial infarctions, and 28 unstable anginas) occurred in 28 of 192 nicardipine patients and 23 of 191 placebo patients (p = NS). At 24 months coronary arteriography was repeated in 335 patients. Progression, defined as a 10% or more worsening in diameter stenosis, measured quantitatively, was found in 147 of 1,153 lesions (12.7%) in 168 nicardipine patients and in 170 of 1,170 lesions (14.5%) in 167 placebo patients (p = NS). Ninety-two nicardipine patients (55%) and 95 placebo patients (57%) had progression at one or more sites (p = NS). Regression, that is, an improvement by 10% or more in diameter stenosis, was seen in 140 of 2,323 lesions (6.0%) overall, with no significant intergroup difference. Among the 217 patients with 411 stenoses of 20% or less in the first study, such minimal lesions progressed in only 15 of 99 nicardipine patients compared with 32 of 118 placebo patients (15% versus 27%, p = 0.046). In this subgroup, 16 of 178 minimal lesions in nicardipine patients and 38 of 233 minimal lesions in placebo patients progressed (p = 0.038). By stepwise logistic-regression analysis, baseline systolic blood pressure (p = 0.04) and the change in systolic blood pressure between baseline and 6 months (p = 0.002) correlated with progression of minimal lesions. This suggested blood pressure reduction may account for the beneficial action of nicardipine. These results suggested nicardipine has no effect on advanced coronary atherosclerosis but may retard the progression of minimal lesions.",normal,0.1536087393760681,0.8463912010192871,0.8463912010192871,non-urgent,520,True,4|5,cardiovascular diseases|general pathological conditions,train,Yuvrajxms09/biobert-triage-classifier,0.7,256
"Acute renal failure associated with the use of intraperitoneal carboplatin: a report of two cases and review of the literature. Carboplatin, a new analogue of cisplatin used in the treatment of ovarian carcinoma, has been demonstrated to be less nephrotoxic than its predecessor. To date, hundreds of cycles of therapy have been given without a significant incidence of renal failure. We report herein two cases of acute, nonoliguric renal failure in patients receiving intraperitoneal (IP) carboplatin as chemotherapy for advanced ovarian carcinoma. Each patient had received extensive previous treatment with cisplatin. The baseline serum creatinine levels in the patients were 0.9 and 1.1 mg/dL, respectively. After four cycles of IP carboplatin in Patient 1 and five cycles of IP carboplatin in Patient 2, the serum creatinine levels abruptly rose to 9.0 and 9.5 mg/dL, respectively, within a week after administration of therapy. No other primary etiologies for acute renal failure could be identified in either patient. One patient required hemodialysis briefly. Renal biopsy specimens were obtained from both patients. Patient 1 had focal and moderate interstitial nephritis with mild periglomerular fibrosis. Patient 2 had an edematous interstitium with a diffuse mononuclear cell infiltrate, focal interstitial hemorrhage, and toxic changes in proximal and distal tubules on electron microscopy. Treatment with oral prednisone at 1 mg/kg/day with a rapid taper over 4 weeks was done in both cases with the serum creatinine levels eventually dropping to 4.6 and 2.0 mg/dL, respectively. Acute interstitial nephritis and renal failure to this extent have not been previously reported with carboplatin therapy. The literature regarding carboplatin is reviewed with respect to the pathophysiology of its nephrotoxicity.",urgente,0.8883811235427856,0.1116188317537307,0.8883811235427856,urgent,476,True,1,neoplasms,train,Yuvrajxms09/biobert-triage-classifier,0.7,256
"1,25-Dihydroxyvitamin D3 receptor RNA: expression in hematopoietic cells. 1,25-Dihydroxyvitamin D3 [1,25(OH)2D3] induces differentiation and inhibits proliferation of myeloid leukemic cells from various lines and patients; these effects are probably mediated through the 1,25(OH)2D3 receptor. Little is known of expression of 1,25(OH)2D3 receptor RNA in hematopoietic cells. We examined the expression and modulation of expression of 1,25(OH)2D3 receptor RNA in various proliferating and nonproliferating hematopoietic cells. Constitutive expression of 1,25(OH)2D3 receptor RNA was detected in various kinds of hematopoietic cells, including macrophages and activated T lymphocytes, as well as in cell lines KG-1 (myeloblasts), HL-60 (promyelocytes), ML-3 (myelomonoblasts), U937, THP-1 (monoblasts), K562 (erythroblasts), and S-LB1 (HTLV-1-transfected T lymphocytes). Receptor transcripts were 4.6 kilobases (kb), and no variant sizes were observed. All cell lines examined in this group also expressed 1,25(OH)2D3 receptors. Most B lymphocyte lines expressed negligible levels of 1,25(OH)2D3 receptor RNA and protein; however; analysis of a lymphoid/myeloid somatic hybrid suggested that suppression of expression of 1,25(OH)2D3 receptor RNA in B lymphocytes may be a dominant characteristic. HL-60 cells were cultured with 10(-7) mol/L 1,25(OH)2D3 for 24 to 72 hours, and levels of expression of 1,25(OH)2D3 receptor and its RNA were examined. Levels of RNA coding for the receptor were not modulated by exposure to high levels of ligand. Levels of occupied 1,25(OH)2D3 receptor protein increased in these HL-60 cells; but the total number of 1,25(OH)2D3 receptors decreased about 50% at 24 hours and returned toward normal at 72 hours. Steady-state levels of 1,25(OH)2D3 receptor RNA were not affected by terminal differentiation of HL-60 toward either granulocytes or macrophages. Nondividing macrophages from normal individuals also expressed 1,25(OH)2D3 receptor RNA. In contrast, nondividing peripheral blood lymphocytes from normal individuals did not express 1,25(OH)2D3 receptor RNA; with stimulation of proliferation of these cells, accumulation of 1,25(OH)2D3 receptor RNA increased markedly. Half-life (t1/2) of 1,25(OH)2D3 receptor RNA in T lymphocytes was short (1 hour) as determined by measuring decay of the message after addition of actinomycin D. Consistent with this short t1/2, accumulation of 1,25(OH)2D3 receptor RNA increased in cells as their protein synthesis was inhibited. Further studies are required to understand the physiologic role of 1,25(OH)2D3 receptors in myeloid cells and proliferating T lymphocytes.",normal,0.1780013889074325,0.8219985961914062,0.8219985961914062,non-urgent,762,True,1,neoplasms,train,Yuvrajxms09/biobert-triage-classifier,0.7,256
"A study of the effectiveness of the iron-chelating agent deferoxamine as vasospasm prophylaxis in a rabbit model of subarachnoid hemorrhage. The pathogenesis of cerebral vasospasm occurring after subarachnoid hemorrhage (SAH) is unknown. Several lines of experimentation have suggested a free radical mechanism in the etiology of vasospasm. Iron is an important catalyst in the generation of free radicals and lipid peroxides in response to tissue injury. We hypothesize that the elaboration of iron from the subarachnoid clot might result in enhanced generation of free radicals and lipid peroxidation. If so, then treatment with deferoxamine, an iron-chelating compound, might reduce the formation of free radicals and thereby ameliorate vasospasm. This hypothesis was examined in a rabbit model of experimental cerebral vasospasm. New Zealand White rabbits were divided into the following experimental groups: control (normal) animals (n = 7), control animals treated with deferoxamine (n = 3), animals subjected to SAH and killed on Day 2 (n = 7), animals subjected to SAH on Day 2 and treated with deferoxamine (n = 9), animals subjected to SAH killed on Day 3 (n = 7), and animals subjected to SAH on Day 3 and treated with deferoxamine (n = 7). Deferoxamine treatment (50 mg/kg/8 hours) was begun 16 hours before the induction of SAH and continued until the animals were killed by perfusion fixation. The basilar artery caliber was assessed using morphometric techniques. The diameter of the basilar arteries in the control animals was 0.64 +/- 0.02 mm. Deferoxamine treatment alone did not alter the artery diameter.",atenção,0.6005398631095886,0.3994601368904114,0.6005398631095886,urgent,414,True,4,cardiovascular diseases,train,Yuvrajxms09/biobert-triage-classifier,0.7,256
"A longitudinal study of respiratory symptoms in a community population sample. Correlations with smoking, allergen skin-test reactivity, and serum IgE Chronic cough and/or phlegm, wheeze in the absence of colds, and rhinitis attributed to allergies are three of the most common respiratory symptoms encountered in community populations. In this study, we have determined the prevalence of these complaints in a random population sample (n = 1,109) using standardized questionnaires at two points in time, eight years apart. Cross-sectional prevalence and changes in symptom occurrence have been correlated with smoking status, allergen skin test reactivity, and total serum IgE levels. Our objective was to determine the individual and combined influence of these three variables on symptom prevalence. Initially, 19.2 percent of the population admitted to wheeze, 17.9 percent to cough, and 44.1 percent to allergic rhinitis. Cough and wheeze prevalence changed little over the eight-year period, while rhinitis increased 11 percent by the second survey. The occurrence of chronic cough was strongly correlated with smoking, and was not further influenced by either allergen skin reactivity or IgE level. Conversely, rhinitis prevalence was related to skin test reactivity with no additional association with smoking or IgE level. The occurrence of wheeze in the absence of colds was associated with both smoking and allergen skin reactivity. Among smokers, the prevalence was over 30 percent and was similar in both skin test positive (STP) and skin test negative (STN) individuals. However, on both surveys, STP ex-smokers and nonsmokers had significantly more wheeze than those who were STN. While the prevalence of wheeze in STN nonsmokers was low (6.8 percent), an IgE-wheeze relationship was also suggested on the second survey. In addition to these cross-sectional symptom relationships, changes in either smoking status or allergen skin reactivity during the study period were associated with changes in the prevalence of each symptom.",normal,0.0408794693648815,0.959120512008667,0.959120512008667,non-urgent,459,True,5,general pathological conditions,train,Yuvrajxms09/biobert-triage-classifier,0.7,256
"Acute urinary retention in a child with appendiceal abscess: diagnostic dilemma. Rarely do children with appendiceal abscess present with acute urinary retention as the only sign or symptom. This presentation may delay diagnosis and definitive therapy, thereby causing additional morbidity and possible mortality. We report the eighth case of acute urinary retention in a child associated with an appendiceal abscess.",urgente,0.8777437806129456,0.1222562566399574,0.8777437806129456,urgent,98,False,2|5,digestive system diseases|general pathological conditions,train,Yuvrajxms09/biobert-triage-classifier,0.7,256
"An evaluation of the distinction of ectopic and pituitary ACTH dependent Cushing's syndrome by clinical features, biochemical tests and radiological findings. The efficiency of various laboratory and radiological investigations in the differentiation of ectopic from pituitary dependent Cushing's syndrome was studied, based on findings in 23 patients with verified Cushing's disease and seven patients with the ectopic ACTH syndrome. Clinical features strongly favouring the ectopic type were male sex and history for less than 18 months. Basal biochemical features strongly indicating the ectopic syndrome included plasma K+ less than 3.0 mmol/l and HCO3 greater than 30 mmol/l; serum cortisol at 9 a.m. or midnight of greater than 800 nmol/l; urine free cortisol greater than 1300 nmol/24 hours; plasma ACTH greater than 100 ng/l. In the high-dose dexamethasone suppression test, suppression by less than 50 per cent of 9 a.m. serum cortisol, urine free cortisol or 17-oxogenic steroids was usually indicative of an ectopic source of ACTH. A mean suppressed value of greater than 450 nmol/l for the 9 a.m. and midnight cortisol combined occurred in all of those with the ectopic syndrome, but in none of the 23 patients with Cushing's disease. For urine free cortisol, a mean suppressed value of less than 1000 nmol/24 hours was found in all patients with Cushing's disease, but in none of those in the ectopic group. In the metyrapone test, there was an increase of less than or equal to 3-fold in 11-deoxycortisol at 24 hours in patients with ectopic ACTH; the increase was greater than 3-fold in all but one of the patients with Cushing's disease. Failure to respond to either dexamethasone or metyrapone was found in only one of the patients with Cushing's disease (Patient 16); in the ectopic group, all patients except Patient D failed to respond to either test. It is concluded that patients presenting with clinically obvious Cushing's syndrome along with measurable plasma ACTH can be reliably divided by conventional tests into those that are driven from the pituitary and those driven by ectopic ACTH.",normal,0.2396370023488998,0.7603630423545837,0.7603630423545837,non-urgent,536,True,1,neoplasms,train,Yuvrajxms09/biobert-triage-classifier,0.7,256
"Advances in medical imaging for cancer diagnosis and treatment. Over the last several decades, significant ""new eyes"" have been developed that improve the diagnosis, treatment, planning, and monitoring of human cancer: computer tomography (CT), magnetic resonance imaging (MRI) and spectroscopy (MRS), single photon emission computed tomography (SPECT), and positron emission tomography (PET). Innovative advances in both morphologic and functional imaging have led to a dramatic improvement in our ability to diagnose and monitor human cancer. Frequently, anatomic detail can be demonstrated in ways that exceed views at surgery, and functional biochemical imaging is being used to show the metabolic activity and receptor status of normal and pathologic states. In vivo functional and biochemical studies differentiate normal from neoplastic or nonviable tissue, and make it possible to measure progression or regression of the disease. Because physiologic changes often precede morphologic findings in many disease processes, the use of in vivo biochemical probes can demonstrate disease before anatomic abnormalities become evident. Gross changes in anatomy are no longer adequate endpoints for therapy protocols. Today, using physiologic imaging, we can evaluate the response to treatment within hours of administration of therapy. Adjuvant metabolic tumor imaging studies provide complimentary information to morphologic evaluation of human cancers that will ultimately lead to better patient care.",atenção,0.3771951496601105,0.6228048205375671,0.6228048205375671,non-urgent,317,True,1,neoplasms,train,Yuvrajxms09/biobert-triage-classifier,0.7,256
"Alcohol consumption in patients with colorectal adenomatous polyps. The risk of developing colorectal adenomatous polyps is probably increased by a variety of dietary and environmental factors. We found an association with current alcohol and cigarette consumption. The risk of polyps was increased three times in drinkers who did not smoke and two times in smokers who did not drink, with those who both drank and smoked having 12 times the risk of total abstainers. Since colonic adenomatous polyps are generally regarded as premalignant lesions, these results lend support to the view that alcohol consumption may be an important factor in the pathogenesis of colorectal neoplasia, thus reinforcing the proposed polyp/carcinoma sequence in colorectal carcinogenesis. The role of smoking, however, is less clear particularly since the lack of association of colorectal carcinoma and smoking has been reported in many other studies.",normal,0.1019642055034637,0.8980357646942139,0.8980357646942139,non-urgent,210,False,1|2,neoplasms|digestive system diseases,test,Yuvrajxms09/biobert-triage-classifier,0.7,256
"Adenomyomatosis of the gallbladder. A premalignant lesion? Gallbladder cancer is the most common malignant tumor of the biliary tract, but its early diagnosis is uncommon. The use of ultrasonography has increased the detection of benign gallbladder tumors, and the premalignant potential of gallbladder adenomas is now undisputed. Adenomyomatosis of the gallbladder has recently been suggested to have malignant potential, and we report a case of adenocarcinoma of the gallbladder occurring in localized adenomyomatosis that was successfully treated by radical curative surgery. The more rigorous use of ultrasonography and a more aggressive approach to ""benign"" polypoid lesions of the gallbladder may represent the best way of achieving early diagnosis and cure in gallbladder cancer.",atenção,0.5212570428848267,0.4787430167198181,0.5212570428848267,urgent,191,False,1|2,neoplasms|digestive system diseases,test|train,Yuvrajxms09/biobert-triage-classifier,0.7,256
"A blinded comparison of noninvasive, in vivo phosphorus nuclear magnetic resonance spectroscopy and the in vitro halothane/caffeine contracture test in the evaluation of malignant hyperthermia susceptibility. Malignant hyperthermia (MH) is a potentially fatal, anesthetic-induced syndrome. Currently, the only accurate means of diagnosing susceptibility to this syndrome is the testing of biopsied skeletal muscle for its contracture response to halothane and caffeine. A less invasive means of diagnosis is needed. The authors previously reported that MH-susceptible patients studied by in vivo phosphorus nuclear magnetic resonance (31P NMR) spectroscopy demonstrated a higher resting inorganic phosphate (Pi) to phosphocreatine (PCr) ratio in their skeletal muscle, as well as a slower postexercise recovery of PCr/Pi, when compared to normal controls. In the present blinded study, the authors compared in vivo 31P NMR determination of resting Pi/PCr and recovery rate of PCr/Pi in forearm muscles to in vitro halothane/caffeine contracture test results in 42 patients. Forty-three control subjects were studied to establish normal NMR values of resting Pi/PCr and recovery rate of PCr/Pi. Their findings were compared with those of 27 patients shown to be MH-susceptible and 15 patients MH-negative by contracture testing. The MH-susceptible group had a significantly (P less than 0.005) higher resting Pi/PCr value (0.202 +/- 0.044) than either the MH-negative (0.152 +/- 0.043) or the control (0.141 +/- 0.026) group. The MH-susceptible group also had a significantly (P less than 0.02) slower postexercise recovery rate of PCr/Pi (1.50 +/- 0.872 PCr.Pi-1.min-1) than either the MH-negative (2.11 +/- 1.07 PCr.Pi-1.min-1) or control (2.25 +/- 0.828 PCr.Pi-1.min-1) group. Twenty-six of the 27 MH-susceptible patients demonstrated abnormal NMR test results (a resting Pi/PCr greater than or equal to 0.18 or recovery rate less than 1.0 PCr.Pi-1.min-1), and 13 of the 15 MH-negative patients had normal NMR results. Although neither NMR parameter alone was diagnostically reliable, an NMR test utilizing both parameters was quite accurate. The NMR test and contracture test demonstrated an overall agreement of 93% with a copositivity of 96% and conegativity of 87%. The sensitivity and specificity of the NMR test is estimated to be 98.8% +/- 11.8% and 95.3% +/- 20.3%, respectively. The role of 31P NMR in the diagnosis of MH susceptibility and possible mechanisms underlying the observations are discussed.",normal,0.2065471559762954,0.7934528589248657,0.7934528589248657,non-urgent,689,True,5,general pathological conditions,test,Yuvrajxms09/biobert-triage-classifier,0.7,256
"Advances in the treatment of complex cerebrovascular disorders by interventional neurovascular techniques. Treatment of complex cerebrovascular disorders, including intracranial aneurysms, carotid cavernous sinus fistulas, vertebral fistulas, arteriovenous malformations, atherosclerosis of brachiocephalic vessels, and arterial vasospasm, is being performed in selected cases by interventional neurovascular techniques. Recent advances in microballoon technology, permanent solidifying polymers, newer embolic agents, high-resolution digital subtraction angiography with road-mapping technique, and steerable micro-guide wires and catheters have greatly improved access in the distal intracranial circulation and markedly reduced the morbidity associated with these procedures. Interventional neuroradiology is emerging as an important adjunct to neurosurgery for selected cerebrovascular disorders.",urgente,0.7390129566192627,0.2609870433807373,0.7390129566192627,urgent,212,False,3,nervous system diseases,train,Yuvrajxms09/biobert-triage-classifier,0.7,256
"A prospective study of the incidence and natural history of femoral vascular complications after percutaneous transluminal coronary angioplasty. Over a 14-month period patients undergoing 144 percutaneous transluminal coronary angioplasty procedures were evaluated for the presence of complications at the femoral puncture site. After percutaneous transluminal coronary angioplasty each patient was examined by a surgeon, and then a color-flow duplex scan of the groin was obtained. On the initial scan eight pseudoaneurysms, three arteriovenous fistulas, one combined arteriovenous fistula-pseudoaneurysm, and one thrombosed superficial femoral artery were detected for a major vascular complication rate of 9%. Pseudoaneurysm formation was associated with the use of heparin after removal of the arterial sheath. Seven pseudoaneurysms (initial extravascular cavity size range 1.3 to 3.5 cm) were followed with weekly duplex scans, and all thrombosed spontaneously within 4 weeks of detection. The three patients with isolated arteriovenous fistulas were each followed for at least 8 weeks, and the arteriovenous fistulas persisted. Early surgical intervention for postcatheterization femoral pseudoaneurysms is usually unnecessary as thrombosis often occurs spontaneously. We would advocate an operative approach for pseudoaneurysms that are symptomatic, expanding, or associated with large hematomas. Iatrogenic femoral arteriovenous fistulas should be considered for elective repair, but this may be delayed for several weeks without adverse sequelae.",atenção,0.6482135653495789,0.3517864942550659,0.6482135653495789,urgent,367,True,4|5,cardiovascular diseases|general pathological conditions,train,Yuvrajxms09/biobert-triage-classifier,0.7,256
"A new method for mapping hepatic subsegment: counterstaining identification technique. Hepatic subsegmentectomy requires identification of the borders of tumor-bearing subsegment, usually achieved by injecting dye into the portal veins feeding the domain. We describe an alternative technique for performing systematic subsegmentectomy in patients with cirrhosis and hepatocellular carcinoma, in whom hepatic arterial and portal venous embolizations were already performed as a preoperative adjuvant. Under ultrasonic guidance, each of the neighboring portal units is sequentially stained, thus defining the avascular subsegment to be resected as the nonstaining area. This allows the subsegment to be totally resected. This counterstaining identification technique can be used for all subsegments undergoing complete embolization and for other situations in which the usual staining method is impossible because of the presence of arterioportal shunting or portal tumor thrombus.",atenção,0.5642940998077393,0.4357058405876159,0.5642940998077393,urgent,216,False,1|2,neoplasms|digestive system diseases,train,Yuvrajxms09/biobert-triage-classifier,0.7,256
"Amenorrhea. Amenorrhea, the lack of menstruation, is a gynecologic disorder that may arise from a variety of causes. If a logical and orderly schema is followed, the correct diagnosis and appropriate management plan can be formulated.",atenção,0.3282453715801239,0.6717545986175537,0.6717545986175537,non-urgent,59,False,5,general pathological conditions,train,Yuvrajxms09/biobert-triage-classifier,0.7,256
"A hematologist's view of contrast media, clotting in angiography syringes and thrombosis during coronary angiography. While ionic contrast media (CM) are stronger anticoagulants and antiplatelet agents, both nonionic and ionic CM retard clotting, fibrinopeptide A generation and platelet aggregation (at least by Born-O'Brien aggregometry). Thus, nonionic CM do not cause clots and thrombi. Rather, the driving force for clot or thrombus formation, when it occurs, is blood contact with and activation by the foreign surface of a syringe or catheter itself. A marked enhancement of clotting by glass syringes in comparison to plastic ones supports this view. Blood in any syringe or catheter, therefore, will clot more slowly in the presence of nonionic or ionic CM, the inhibitory effects of the latter being more profound. With respect to models of thrombosis at sites of vascular injury or stenosis, the antithrombotic effects of CM may either be transient owing to the dynamic nature of blood flow (local endothelial cell denudation model), or as in the case of ionic CM, actually to enhance local platelet aggregation (stenosis model). In these situations, preservation of the antithrombotic functions of endothelium with nonionic CM may be quite critical.",atenção,0.334443598985672,0.6655564308166504,0.6655564308166504,non-urgent,337,True,4,cardiovascular diseases,test,Yuvrajxms09/biobert-triage-classifier,0.7,256
"A blood-liquid interface for prolonged extracorporeal oxygenation with excellent antithrombogenicity. The authors verified the excellent antithrombogenicity of a blood-liquid interface (BLI) and introduced an oxygenator based on the principle of gas exchange across direct BLI. In a newly developed oxygenator, three layers of liquid flowed horizontally, contacting one another: O2 saturated silicone oil on the top, O2 saturated fluorcarbon at the bottom, and blood in the middle. Gas exchange was carried out across both direct BLIs. This system provided excellent antithrombogenicity as well as good gas exchange. The results indicate that this method will become a promising modality for prolonged extracorporeal oxygenation.",atenção,0.3618837296962738,0.6381163001060486,0.6381163001060486,non-urgent,162,False,4,cardiovascular diseases,train,Yuvrajxms09/biobert-triage-classifier,0.7,256
"A randomized controlled trial of allopurinol in coronary bypass surgery. A plethora of experimental evidence indicates that allopurinol reduces the formation of cytotoxic free radicals during myocardial ischemia and reperfusion. The purpose of this study was to evaluate the effect of allopurinol on cardiac performance and early mortality after coronary bypass surgery. Allopurinol (n = 89) or placebo (n = 80) was administered to 169 patients before surgery. Randomization produced groups evenly matched for surgical risk factors. Hospital mortality rate in the placebo group was 14 of 80 (18%) in the allopurinol group 4 of 89 (4%), p = 0.014. Cardiac performance, scored by cardiac index and the need for ionotropic or mechanical support, was significantly better in the allopurinol group. More nonfatal complications occurred in the allopurinol group. When either a complication or death is termed an event, the proportion of events was equal in the two groups. No side effects were identified. We now administer allopurinol to all patients who are undergoing bypass surgery unless specifically contraindicated.",atenção,0.6005009412765503,0.3994990885257721,0.6005009412765503,urgent,263,True,4|5,cardiovascular diseases|general pathological conditions,train,Yuvrajxms09/biobert-triage-classifier,0.7,256
"Amebic meningoencephalitis in a patient with AIDS caused by a newly recognized opportunistic pathogen. Leptomyxid ameba. A fatal case of meningoencephalitis due to a leptomyxid ameba in a patient with the acquired immunodeficiency syndrome is presented. This opportunistic organism has not been previously recognized as a human pathogen. A 36-year-old male intravenous drug abuser died after an 18-day hospital course heralded by fever and headache and followed by nuchal rigidity and hemiparesis. Computed tomography of the head showed multiple hypodense lesions. Neuropathologic examination showed that in addition to human immunodeficiency virus encephalomyelitis, there was multifocal meningoencephalitis with trophozoites and cysts morphologically indistinguishable from those of Acanthamoeba. These organisms were also found in the kidneys and adrenal glands. By immunofluorescence, the parasites showed antigenic identity with a free-living leptomyxid ameba and failed to react with any of a spectrum of antiacanthamoeba antisera. This emphasizes the importance of immunofluorescence identification of morphologically indistinguishable ameba species.",urgente,0.8610092401504517,0.1389908194541931,0.8610092401504517,urgent,314,True,3,nervous system diseases,train,Yuvrajxms09/biobert-triage-classifier,0.7,256
"Accumulation of p21ras.GTP in response to stimulation with epidermal growth factor and oncogene products with tyrosine kinase activity. The ras gene product (p21) is a GTP-binding protein and has been thought to transduce signals regulating proliferation or differentiation of cells. Like other GTP-binding proteins, p21.GTP is an active conformation, which can transduce the signals downstream, whereas p21.GDP is an inactive one. Recently, we have shown that p21.GTP levels increased in cells treated with fetal bovine serum or platelet-derived growth factor to initiate DNA synthesis. In this paper, we report that epidermal growth factor can also increase the amounts of p21.GTP in the cells. Effects of epidermal growth factor and platelet-derived growth factor are not additive. In contrast, mutant [Val12]p21, which has transforming activity, responded neither to platelet-derived growth factor nor to epidermal growth factor. We also found that the ratio of p21.GTP to p21.GDP increased 3- to 4-fold in transformants carrying activated erbB-2/neu or v-src oncogenes. These results strongly suggest an important role of p21 in transduction of signals for both normal proliferation and malignant transformation through growth factor receptors with tyrosine kinase activity or related oncogene products.",normal,0.2235579192638397,0.7764420509338379,0.7764420509338379,non-urgent,313,True,5,general pathological conditions,train,Yuvrajxms09/biobert-triage-classifier,0.7,256
"A phase I clinical, plasma, and cellular pharmacology study of gemcitabine. A novel deoxycytidine analog, gemcitabine (2',2'-difluorodeoxycytidine [dFdC]), has been studied in a phase I clinical and pharmacology trial. Doses ranging from 10 to 1,000 mg/m2 were administered over 30 minutes weekly times 3 weeks every 4 weeks. The maximum-tolerated dose (MTD) was 790 mg/m2. The dose-limiting toxicity was myelosuppression, with thrombocytopenia and anemia quantitatively more important than granulocytopenia. Nonhematologic toxicity was minimal. Two responses in patients with adenocarcinomas of the colon and lung were documented. The maximum dFdC plasma concentration, reached after 15 minutes of infusion, was proportional to the total dose administered. Elimination, due mainly to deamination, was rapid (terminal half-life [t1/2], 8.0 minutes) and dose independent. The deamination product 2',2'-difluorodeoxyuridine (dFdU) was eliminated with biphasic kinetics characterized by a long terminal phase (t1/2, 14 hours); it was the sole metabolite detected in urine. The concentration of dFdC 5'-triphosphate in circulating mononuclear cells increased in proportion to the dFdC dose at infusions between 35 and 250 mg/m2. No further increment in dFdC 5'-triphosphate (dFdCTP) was observed at higher doses, which resulted in plasma dFdC concentrations greater than 20 mumol/L (350 to 1,000 mg/m2), suggesting saturation of dFdC 5'-phosphate accumulation. The recommended dose for phase II clinical trials in solid tumors is 790 mg/m2/wk.",atenção,0.5743809342384338,0.4256191253662109,0.5743809342384338,urgent,443,True,1,neoplasms,train,Yuvrajxms09/biobert-triage-classifier,0.7,256
"Adjacent solid boundaries alter the size of regurgitant jets on Doppler color flow maps. Recent studies have attempted to predict the severity of regurgitant lesions from jet size on Doppler flow maps. Jet size is a function of both regurgitant volume and fluid entrained from the receiving chamber and, for a free jet, is a function of its momentum at the orifice. However, regurgitant jets often approach or attach to cardiac walls, potentially altering their momentum and ability to expand by entrainment. Therefore, this study addressed the hypothesis that adjacent walls influence regurgitant jet size as seen on Doppler flow maps. Steady flow was driven through circular orifices (0.02 to 0.05 cm2) at physiologic velocities of 2 to 5 m/s. At a constant flow rate and orifice velocity, orifice position was varied to produce three jet geometries: free jets, jets adjacent to a horizontal chamber wall lying 1 cm below the orifice and wall jets with the orifice at the level of the wall. Doppler color flow imaging was performed at identical instrument settings for all jets. Two long-axis views of the jet were obtained: a vertical view perpendicular to the wall, resembling that most commonly used in patients to image the length of the jet, and a horizontal view parallel to the chamber wall. Velocities along the jet were also measured by Doppler mapping.",normal,0.2955911755561828,0.7044088840484619,0.7044088840484619,non-urgent,317,True,4,cardiovascular diseases,train,Yuvrajxms09/biobert-triage-classifier,0.7,256
"Alterations in opioid parameters in the hypothalamus of rats with estradiol-induced polycystic ovarian disease. The distribution and density of selectively labeled mu-, delta-, and kappa-opioid binding sites were examined by in vitro radioautography in the hypothalamus of normal, estradiol valerate (EV)-injected, and estradiol (E2)-implanted female rats. Hypothalamic beta-endorphin concentration was also examined by RIA in these three groups of animals. Quantitative analysis of film radioautographs demonstrated a selective increase in mu-opioid binding in the medial preoptic area of EV-treated, but not of E2-implanted rats. However, both these estrogenized groups exhibited a reduction in the density of delta-opioid binding in the suprachiasmatic nucleus. Statistically significant changes between either estrogenized groups were not observed for kappa-opioid binding. Results on the hypothalamic concentration of beta-endorphin indicated a marked reduction in EV-injected animals with respect to controls. In contrast, the E2-implanted animals exhibited beta-endorphin concentrations similar to controls. The present results confirm the increase in opioid receptor binding previously reported in the hypothalamus of EV-treated rats and further demonstrate that this increase is confined to the medial preoptic area and exclusively concerns mu-opioid receptors. The concomitant reduction in beta-endorphin levels observed in the same group of animals suggests that the observed increase in mu-opioid binding could reflect a chronic up-regulation of the receptor in response to compromised beta-endorphin input. Given the restriction of this effect to the site of origin of LHRH neurons and the demonstrated inhibitory role of opioids on LHRH release, it is tempting to postulate that such up-regulation could lead to the suppression of the plasma LH pattern that characterizes polycystic ovarian disease in the EV-treated rat.",normal,0.1871282309293747,0.8128717541694641,0.8128717541694641,non-urgent,463,True,1,neoplasms,train,Yuvrajxms09/biobert-triage-classifier,0.7,256
"A critical analysis of the largest reported mass fecal occult blood screening program in the United States. Fecal occult blood testing for the detection of colon cancer remains controversial. We performed a mass screening program from January 24, 1988, to February 19, 1988, with intensive media promotion, including 121 minutes of televised air time. A total of 5,000 primary practitioners were notified by mail. Hemoccult-II tests were distributed to 156,000 individuals; 55,051 (35%) were returned. Ninety-five percent of the respondents were informed of the program by television. A total of 3,375 persons (6%) tested positive for fecal occult blood; of these, 2,469 (73%) informed the center that they saw their physician to initiate a work-up. Information from physicians regarding work-ups was returned on only 1,356 (55%) patients. Diagnostic tests numbered 2,227 (1.6 tests per patient). However, 5% had no testing, 16% had a repeat Hemoccult only, and 35% had neither a barium enema nor colonoscopy performed. Thirty-six colorectal cancers and 212 polyps were identified. The predictive value (i.e., number of cancers per number of patients who tested positive) increased directly by decade. Thirty-three of 36 patients (92%) with cancer underwent either a barium enema or colonoscopy versus only 185 of 438 (42%) patients with a ""negative"" work-up. Cancers found were carcinoma in situ in 10 patients (29%), Dukes A in 12 (35%), Dukes B in 4 (12%), and Dukes C in 8 (24%); distant metastases were not found in any participant. Thirty-six percent of the tumors were located in either the right or transverse colon. We conclude that: (1) Screening identified early cancers. All were potentially curable and 64% were limited to the bowel wall. (2) Massive Hemoccult distribution was possible over a short interval, but patient and physician compliance was disturbingly low. (3) Total colonic evaluation is mandatory, since at least 36% of tumors were beyond the reach of the flexible sigmoidoscope. (4) Many work-ups were unnecessary (repeat Hemoccults) or inadequate, indicating a need for physician education.",normal,0.2159353345632553,0.7840647101402283,0.7840647101402283,non-urgent,528,True,1,neoplasms,train,Yuvrajxms09/biobert-triage-classifier,0.7,256
"A rodent model of cirrhosis, ascites, and bacterial peritonitis. We sought to develop a rodent model of spontaneous bacterial peritonitis and report here the preliminary results of carbon tetrachloride-induced cirrhosis in which ascites and bacterial peritonitis predictably develop. Of 41 rats that survived the initial carbon tetrachloride toxicity, 38 (92.7%) developed cirrhosis with ascites. Of these 38, 21 (55.3%) developed 24 episodes of ascitic fluid infection without iatrogenic colonization. No surgically treatable source of infection was identified at autopsy in any rat; therefore, the infections were presumed to be ""spontaneous."" Eight (50%) of the 16 rats with culture-positive ascitic fluid at postmortem examination also had spontaneous pleural fluid infection with the same organism. Escherichia coli and Proteus sp. were the organisms most commonly isolated. This rodent model of cirrhosis with ascites appears to be the first high-yield animal model of spontaneous bacterial peritonitis. Ascitic fluid infection in these rats resembles ascitic fluid infection in humans. This model will allow further investigation of the mechanisms of pathogenesis of ascitic fluid infection and provide insight into the prevention and treatment of spontaneous bacterial peritonitis and pleural fluid infection in patients with cirrhosis.",urgente,0.7108200192451477,0.2891799807548523,0.7108200192451477,urgent,316,True,2|5,digestive system diseases|general pathological conditions,train,Yuvrajxms09/biobert-triage-classifier,0.7,256
"Acute reduction of mitral valve area after percutaneous balloon mitral valvuloplasty: assessment with Doppler continuity equation method. Mitral valve areas before and after balloon mitral valvuloplasty were serially determined by the Doppler continuity equation method in 16 patients. Ultrasound examinations were performed before and immediately after balloon inflation and 24 hours, 1 week, and 1 month after valvuloplasty. Mitral valve area determined by the Doppler continuity equation method correlated well with that determined at catheterization by the Gorlin formula, not only before but also immediately after balloon inflation (y = 0.87 x + 0.05, standard error of estimate = 0.22 cm2, r = 0.90). Serial calculation of mitral valve area by the Doppler continuity equation method showed a slight but significant decrease in the valve area at 24 hours after balloon mitral valvuloplasty but no change after that. We conclude that the Doppler continuity equation method provides an accurate estimation of mitral valve area before and even after balloon valvuloplasty. Mitral valve area dilated by balloon inflation is decreased slightly within 24 hours after the procedure, which corroborates valve stretch as one mechanism for increasing mitral valve area with balloon valvuloplasty. Estimation of mitral valve area immediately after balloon mitral valvuloplasty may overestimate the long-term efficacy of the procedure.",normal,0.234167218208313,0.7658328413963318,0.7658328413963318,non-urgent,315,True,4,cardiovascular diseases,test,Yuvrajxms09/biobert-triage-classifier,0.7,256
"Aminoglycosides: assessing the potential for nephrotoxicity. Although aminoglycosides have been a mainstay of antibiotic therapy in postsurgical infections, certain patients may be at risk for potential aminoglycoside induced toxicities. Aminoglycoside nephrotoxicity is one of the most frequent causes of iatrogenic renal failure. A narrow toxicity to therapeutic ratio, a relatively long serum half-life and concentration in the renal cortex all contribute to renal dysfunction. Patients at greatest risk for aminoglycoside-induced nephrotoxicity include the elderly, patients with pre-existing renal disease and those who are volume depleted. Calculations based on the results of a multicenter study demonstrate that the average additional cost incurred for each patient who had aminoglycoside-related nephrotoxicity was $2,501. Methods are reviewed for prospectively assessing the potential for development of nephrotoxicity to identify patients for whom effective therapeutic substitutes for aminoglycosides should be sought.",atenção,0.6575724482536316,0.3424275517463684,0.6575724482536316,urgent,230,False,5,general pathological conditions,train,Yuvrajxms09/biobert-triage-classifier,0.7,256
"An epidemiologic study of abuse of analgesic drugs. Effects of phenacetin and salicylate on mortality and cardiovascular morbidity (1968 to 1987) BACKGROUND. Phenacetin abuse is known to produce kidney disease; salicylate use is supposed to prevent cardiovascular disease. We conducted a prospective, longitudinal epidemiologic study to examine the effects of these drugs on cause-specific mortality and on cardiovascular morbidity. METHODS. In 1968 we evaluated a study group of 623 healthy women 30 to 49 years old who had evidence of a regular intake of phenacetin, as measured by urinary excretion of its metabolites, and a matched control group of 621 women. Salicylate excretion was also measured. All subjects were examined over a period of 20 years. RESULTS. Life-table analyses of mortality during the 20 years, with adjustment for the year of birth, cigarette smoking, and length of follow-up, revealed significant differences between the groups in overall mortality (study group vs. control group, 74 vs. 27 deaths; relative risk, 2.2; 95 percent confidence interval, 1.5 to 3.3), deaths due to urologic or renal disease (relative risk, 16.1; 95 percent confidence interval, 3.9 to 66.1), deaths due to cancer (relative risk, 1.9; 95 percent confidence interval, 1.1 to 3.3), and deaths due to cardiovascular disease (relative risk, 2.9; 95 percent confidence interval, 1.5 to 5.5). The relative risk of cardiovascular disease (fatal or nonfatal myocardial infarction, heart failure, or stroke) was 1.8, and the 95 percent confidence interval 1.3 to 2.6. The odds ratio for the incidence of hypertension was 1.6, and the 95 percent confidence interval 1.2 to 2.1. The effects of phenacetin on morbidity and mortality, with adjustment for base-line salicylate excretion, were similar. In contrast, salicylate use had no effect on either mortality or morbidity. CONCLUSIONS. Regular use of analgesic drugs containing phenacetin is associated with an increased risk of hypertension and mortality and morbidity due to cardiovascular disease, as well as an increased risk of mortality due to cancer and urologic or renal disease. The use of salicylates carries no such risk.",normal,0.0739422813057899,0.926057755947113,0.926057755947113,non-urgent,563,True,1|4,neoplasms|cardiovascular diseases,train,Yuvrajxms09/biobert-triage-classifier,0.7,256
"Acute upper gastrointestinal bleeding in elderly persons [clinical conference] We have seen that UGI bleeding is a serious and apparently growing problem for seniors. Of special concern in the older patient are the frequency with which serious peptic disease presents silently, the limitation frequently imposed on adequate pain relief from NSAIDs, and the higher complication rates from most of the causes of UGI bleeding. Care of the elderly would be enhanced by research focused on defining those older patients most at risk of experiencing NSAID-induced peptic complications, improved methods for preventing or treating NSAID-induced ulceration that are well tolerated and cost-effective, and better regimens for preventing the recurrence of ulcers and UGI bleeding in these patients. In regard to the last, future investigation of the role of H. pylori, methods for successfully eliminating the organism, and the effect of eradication on patients' subsequent course may be particularly helpful.",atenção,0.3863968551158905,0.6136031746864319,0.6136031746864319,non-urgent,199,False,2|5,digestive system diseases|general pathological conditions,test,Yuvrajxms09/biobert-triage-classifier,0.7,256
"Adjunctive surgery after chemotherapy for nonseminomatous germ cell tumors: recommendations for patient selection. One hundred eighty-five patients who underwent surgery within 6 months of completing chemotherapy were identified from 360 patients with nonseminomatous germ cell tumors (NSGCT) treated with Memorial Hospital front-line cisplatin- or carboplatin-based combination chemotherapy protocols between 1979 and 1988. Clinical, pathologic, and radiologic features were correlated with the pathologic findings at surgery. The size of a residual retroperitoneal mass, the degree of shrinkage that occurred with chemotherapy, and the presence of teratomatous elements in pretreatment pathology specimens were each correlated with the pathologic findings of retroperitoneal resections after chemotherapy. Multivariable logistic regression analysis of those undergoing retroperitoneal resections identified the size and shrinkage of the residual mass and the prechemotherapy lactate dehydrogenase (LDH) and alphafetoprotein (AFP) levels as the best predictors of finding only necrotic debris. No factors could be found, however, that could selectively exclude patients who had residual viable malignancy or teratoma in the retroperitoneum. Of 39 patients with residual retroperitoneal masses measuring less than or equal to 1.5 cm in maximal diameter, three had residual malignancy and five had teratoma resected. No factors were identified for residual lung or mediastinal masses that could be used to select a group of patients who could safely avoid surgery. If serum markers have normalized after chemotherapy for NSGCT, resection of all residual abnormalities on imaging studies of the retroperitoneum, lungs, and mediastinum is recommended. In addition, retroperitoneal lymph node dissection (RPLND) is recommended for all patients with initial bulky metastases (greater than or equal to 3 cm in diameter) in the retroperitoneum, irrespective of the findings of postchemotherapy computed tomography (CT).",atenção,0.5650060772895813,0.4349938929080963,0.5650060772895813,urgent,487,True,1,neoplasms,train,Yuvrajxms09/biobert-triage-classifier,0.7,256
"Amphotericin B vs high-dose ketoconazole for empirical antifungal therapy among febrile, granulocytopenic cancer patients. A prospective, randomized study. We compared high-dose ketoconazole (800 mg/kg per day, orally) with amphotericin B (0.5 mg/kg per day, intravenously) for empirical antifungal therapy in a prospective, randomized study of persistently or recurrently febrile granulocytopenic cancer patients. Among 97 patients eligible for empirical antifungal therapy, 20 (21%) of these patients were ineligible for randomization to ketoconazole treatment because of their inability to tolerate oral medications. Among 72 patients eligible for randomization, 64 were assessable (32 in each arm of the study). Five of six patients with proved fungal infections who were randomized to receive ketoconazole treatment required crossover to amphotericin B treatment because of progressive infection. The conditions of three of these five patients improved after receiving amphotericin B. The frequency of transaminase elevation was higher in those receiving ketoconazole, while the frequency of azotemia was higher in those receiving amphotericin B. Bioavailability of ketoconazole was unpredictable. Amphotericin B remains the drug of choice for empirical antifungal therapy in granulocytopenic patients; whereas, lack of a parenteral formulation, ineffectiveness against proved mycoses, and unreliable bioavailability preclude high-dose ketoconazole from being an appropriate compound for this purpose.",urgente,0.7468073964118958,0.2531925737857818,0.7468073964118958,urgent,366,True,1|5,neoplasms|general pathological conditions,train,Yuvrajxms09/biobert-triage-classifier,0.7,256
"A randomised double-blind study of interpleural analgesia after cholecystectomy. Continuous interpleural analgesia provided by 4 hourly injections of 20 ml bupivacaine 0.5% with adrenaline 5 micrograms/ml was compared with placebo in a randomised, double-blind study after cholecystectomy. All patients self-administered intravenous morphine using a patient-controlled analgesia device. There was a highly significant difference in mean morphine consumption between the groups (72 mg as compared with 22 mg). Visual analogue pain scores tended to be lower in the bupivacaine group throughout and this was significant at 2 hours. Respiratory function measurements were not significantly different between the groups. The mean peak venous plasma bupivacaine concentration after the sixth dose was 3.03 micrograms/ml and no symptoms suggestive of local anaesthetic toxicity occurred. It is concluded that this regimen can provide effective and continuous analgesia after cholecystectomy and that combined administration of interpleural bupivacaine and systemic morphine is more effective than morphine alone in the immediate postoperative period. The doses of bupivacaine required for optimal use of the technique lead to significant total plasma bupivacaine concentrations within 24 hours.",atenção,0.4320947527885437,0.5679052472114563,0.5679052472114563,non-urgent,295,True,5,general pathological conditions,train,Yuvrajxms09/biobert-triage-classifier,0.7,256
"A multifaced DNA ploidy analysis to determine ovarian carcinoma aggressiveness. A microfluorometric DNA study was conducted on isolated cells from 64 fragments of ovarian epithelial tumors. Data analysis considered the DNA content of the main stemline and the prevalence of cells in the different compartments of the DNA ploidy histogram in relation to the mitotic activity index and the histologic architecture. Main stemlines were found remarkably stable in different parts of the same tumor. Peridiploid (1.8c to 2.2c) stemlines were found both in well-differentiated and in poorly differentiated tumors. However, low aneuploid (2.2c to 3.0c) stemlines were mostly found in nonsolid tumors and high ploidy (3.2 to 5.04 c) stemlines were prevalent in solid tumors. A comparative analysis between DNA ploidy parameters and mitotic activity was useful to evaluate the expanding modalities of neoplastic cell populations. This analysis revealed that several tumors accumulate an excessive amount of heteroploid cells and others an excessive amount of G2 cells. Yet, most neoplastic cell populations vary from slow to rapidly growing patterns without relevant abnormalities in their ploidy graphic profiles. No relationship was found between stemline ploidy and histologic architecture compared with expanding modalities. These findings indicate that multifaced criteria combining features such as main ploidy, graphic profile, mitotic rate, and histologic architecture measured on one or more microsamples of the same tumor may help to objectively estimate the aggressiveness reached by the neoplastic cells at the time of clinical presentation.",normal,0.1638870537281036,0.836112916469574,0.836112916469574,non-urgent,367,True,1,neoplasms,train,Yuvrajxms09/biobert-triage-classifier,0.7,256
"An adult with common acute lymphoblastic leukaemia (C-ALL) presenting with skin infiltration. A 22-year-old man presented with multiple raised erythematous skin lesions, pyrexia and epistaxis. A diagnosis of common acute lymphoblastic leukaemia (C-ALL) was made by morphological, cytochemical, immunological and cytogenetic examination of peripheral blood and bone marrow. Biopsy of the skin revealed leukaemic infiltration by similar cells.",urgente,0.7083317041397095,0.2916683256626129,0.7083317041397095,urgent,122,False,1,neoplasms,train,Yuvrajxms09/biobert-triage-classifier,0.7,256
"Adrenergic stimulation of renal prostanoids in the Lyon hypertensive rat. Young, genetically hypertensive Lyon (LH) rats exhibited an increased renal in vivo turnover of norepinephrine and an elevated urinary excretion of thromboxane B2 when compared with normotensive (LN) and low blood pressure (LL) controls. Therefore, the effects of norepinephrine (1.2 x 10(-8) to 9.6 x 10(-7) M) and of phenylephrine (5 x 10(-8) to 1.9 x 10(-6) M) on renal function and the urinary excretion of prostanoids were assessed in isolated perfused kidneys of 8-week-old LH, LN, and LL rats. In addition, the effects of norepinephrine were assessed before and during thromboxane A2/prostaglandin H2 receptor blockade by AH23848 (4 x 10(-6) M). Before drug infusion, LH kidneys differed from those of LN and LL controls by having an elevated renal vascular resistance and a decreased natriuresis and glomerular filtration rate; the urinary output of prostaglandin E2 and F2 alpha, of 6-ketoprostaglandin F1 alpha, and of thromboxane B2 was similar in the three strains. The constrictor effects of norepinephrine and phenylephrine were significantly increased in LH rat kidneys compared with LL but not with LN controls, and their pressure-natriuresis was markedly reduced. Norepinephrine and phenylephrine induced a 10- to 20-fold dose-dependent increase in the synthesis of the four prostanoids, which was more pronounced in LH than in LN and LL rats for thromboxane B2 only. AH23848 infusion significantly reduced the vascular effects of norepinephrine and increased the natriuretic response of LH but not of LN and LL rat kidneys.",normal,0.2341462969779968,0.7658536434173584,0.7658536434173584,non-urgent,465,True,4,cardiovascular diseases,train,Yuvrajxms09/biobert-triage-classifier,0.7,256
"Absorption of carbon 13-labeled rice in milk by infants during acute gastroenteritis. To determine whether rice cereal could be used to complement a cow milk-based diet in the nutritional management of infants with acute diarrhea, we assessed its digestion and absorption in eight affected male infants, 69 to 131 days of age. They received cow milk formula with 5.4% lactose (diluted 1:1 with water and precooked rice cereal) 5 to 22 hours after admission and rehydration. The first feeding consisted of milk diluted with carbon 13-enriched rice cereal. A 48-hour fecal collection and balance study was performed. Rice cereal was reasonably well absorbed (84.0% to 95.8%) by seven of the eight infants. The study was repeated in seven of the infants after they had recovered. Our results indicated that rice cereal is well absorbed by young infants with acute diarrhea and that it is an adequate nutrient supplement for this patient population.",normal,0.2106809467077255,0.7893190383911133,0.7893190383911133,non-urgent,218,False,2|5,digestive system diseases|general pathological conditions,test|train,Yuvrajxms09/biobert-triage-classifier,0.7,256
"A controlled clinical comparison of 6 and 8 months of antituberculosis chemotherapy in the treatment of patients with silicotuberculosis in Hong Kong. Hong Kong Chest Service/tuberculosis Research Centre, Madras/British Medical Research Council. Patients with silicotuberculosis have been reported to respond poorly to antituberculosis chemotherapy. Therefore, in a study in Hong Kong, 240 Chinese male patients with both silicosis and pulmonary tuberculosis were all prescribed treatment three times weekly with streptomycin, isoniazid, rifampin, and pyrazinamide, allocated at random to be given for a total duration of either 6 (M6 regimen) or 8 months (M8 regimen) in a concurrent comparison. Those with a history of previous antituberculosis chemotherapy received ethambutol as well for the first 3 months. The intake in the M6 regimen was terminated when preliminary results showed that it was inadequate, and a further 53 patients were assigned to the M8 series. Of 91 assessable patients in the concurrent comparison with susceptible strains pretreatment, 44% were culture negative at 1 month, 80% at 2 months, and 98% at 3 months, and 1 had an unfavorable bacteriologic response during chemotherapy. During 3 yr of assessment, bacteriologic relapse after chemotherapy occurred in 22% of the M6 compared with 7% of the M8 patients (p less than 0.025, log-rank test). Inadequate chemotherapy was received by 12% of the 240 patients in the concurrent comparison because of default and by 22% because of adverse effects, but by 3 yr 92% of patients with susceptible strains pretreatment in each series had a favorable status following retreatment for relapse or for initially inadequate chemotherapy when required. The results show that patients with silicosis require at least 8 months of treatment.",normal,0.169581189751625,0.8304187655448914,0.8304187655448914,non-urgent,425,True,5,general pathological conditions,train,Yuvrajxms09/biobert-triage-classifier,0.7,256
"Allopurinol and thiazide effects on new urinary stone formed after discontinued therapy in patients with urinary stones. We treated 87 patients with calcium-containing urinary stones with either allopurinol alone (44 patients) or in combination with thiazide (43 patients) and studied new stone formation before, during, and after the discontinuation of the drug therapy. The number of stones formed were 1.18, 0.24, and 0.13 before, during, and after discontinuation of the drug therapy, respectively, in the patients treated with allopurinol alone and 1.32, 0.20, and 0.09 in those treated in combination with thiazide. No differences were observed in these values and the duration of each observation period between the two groups. Decreases in the incidence of stone formation even after interruption of drug therapy suggested that recurrence-preventive effects observed following administration of these drugs include the effects of medical guidance. However, allopurinol therapy was effective in preventing recurrence in patients with hyperuricosuria.",normal,0.1254035234451294,0.8745964765548706,0.8745964765548706,non-urgent,237,False,5,general pathological conditions,train,Yuvrajxms09/biobert-triage-classifier,0.7,256
"Adverse effects of aspirin, acetaminophen, and ibuprofen on immune function, viral shedding, and clinical status in rhinovirus-infected volunteers. A double-blind, placebo-controlled trial was conducted to study the effects of over-the-counter analgesic/antipyretic medications on virus shedding, immune response, and clinical status in the common cold. Sixty healthy volunteers were challenged intranasally with rhinovirus type 2 and randomized to one of four treatment arms: aspirin, acetaminophen, ibuprofen, or placebo. Fifty-six volunteers were successfully infected and shed virus on at least 4 days after challenge. Virus shedding, antibody levels, clinical symptoms and signs, and blood leukocyte levels were carefully monitored. Use of aspirin and acetaminophen was associated with suppression of serum neutralizing antibody response (P less than .05 vs. placebo) and increased nasal symptoms and signs (P less than .05 vs. placebo). A concomitant rise in circulating monocytes suggested that the suppression of antibody response may be mediated through drug effects on monocytes and/or mononuclear phagocytes. There were no significant differences in viral shedding among the four groups, but a trend toward longer duration of virus shedding was observed in the aspirin and acetaminophen groups.",normal,0.1650864630937576,0.8349134922027588,0.8349134922027588,non-urgent,309,True,5,general pathological conditions,train,Yuvrajxms09/biobert-triage-classifier,0.7,256
"A randomized comparison of manipulation of the fractured nose under local and general anaesthesia. Reduction of simple nasal fractures may be performed under local or general anaesthesia: the latter is by far the most popular method in Britain, though why is hard to define. We have attempted to compare the 2 approaches by means of a randomized, prospective trial. Fifty consecutive, adult patients with radiologically proved fractures of the nasal bones were randomized to a local or general anaesthesia group and underwent manipulation with Asch's and Walsham's forceps between 7 and 15 days post-injury. Analysis of results at 4 h and 8 weeks post-operatively showed no significant benefit conferred by fracture reduction under general anaesthesia as opposed to local anaesthesia with respect to post-operative airway patency or cosmesis. It is suggested that significant benefits can be obtained in terms of patient convenience and cost effectiveness if nasal fractures are reduced under local anaesthesia as an outpatient procedure.",normal,0.2123977690935135,0.7876022458076477,0.7876022458076477,non-urgent,215,False,3,nervous system diseases,train,Yuvrajxms09/biobert-triage-classifier,0.7,256
"Alternate-day prednisone treatment and treatment maintenance in Crohn's disease. We have reviewed our data from 55 patients with Crohn's disease (CD) treated with alternate-day prednisone (average dose: 25 mg every other morning) between 1966 and 1989 for a mean duration of 6.6 yr. Daily divided corticosteroid doses were given to all patients with active disease that had not been responsive to supportive measures and, in almost all cases, not responsive to sulfasalazine alone. After initial remission was achieved, patients were switched to alternate-day doses. Treatment evaluations utilized global assessment and the CD activity index of Harvey and Bradshaw (CDAI-HB) shown to correlate closely with the National Cooperative Crohn's Disease Study (NCCDS) activity index (CDAI). CDAI-HB scores of 0-1 indicated no or minimal activity, whereas scores of 2-15 indicated progressive activity. With the CDAI-HB and global assessments, in agreement in all cases, 33 patients (60%) showed favorable responses with 95% confidence intervals (CI) of 46.8 to 73.2. Comparing the results with a literature-based 20% spontaneous long-term remission rate, the data are significant at p less than 0.01. Serious complications were gratifyingly low, with no observed instances of osteonecrosis. It is concluded that alternate-day prednisone treatment and treatment maintenance, with or without concomitant sulfasalazine, after conventional induction of remission with daily steroid doses, is a reasonable treatment option for patients with CD not responsive to sulfasalazine alone.",normal,0.1628215163946151,0.8371784687042236,0.8371784687042236,non-urgent,378,True,2,digestive system diseases,train,Yuvrajxms09/biobert-triage-classifier,0.7,256
"An effective treatment protocol for intraarterial drug injection. Between 1972 and 1988, 48 patients with extremity ischemia after an intraarterial drug injection were treated with the following protocol: heparin, dextran 40, dexamethasone, elevation, and early mobilization of the extremity. A tissue ischemia score, derived by assessing the color, capillary refill, sensory function, and temperature of the extremity, was used to assess the ischemic injury. Each sign was scored either normal = 0 or abnormal = 1; then summed to provide the tissue ischemia score (range, 0 to 4). Twenty-four (50%) patients had an extremity tissue ischemia score less than or equal to 2. After treatment 22 of the 24 patients had a normal extremity, and 2 required limited digital amputations. In this group, outcome was comparable regardless of the time interval from intraarterial drug injection to treatment. Ten of 24 (50%) patients with an extremity tissue ischemia score greater than 2 had a normal extremity, 3 had a functional deficit, and 11 required digital amputations. Twelve of the 24 patients were treated within 24 hours and had a significantly superior outcome when compared to the 12 who were treated more than 24 hours after intraarterial drug injection (p less than 0.001, Fisher's exact test). The tissue ischemia score is a useful predictor of extremity outcome in patients with intraarterial drug injection. The outlined treatment protocol is effective in minimizing tissue injury caused by intraarterial drug injection. Institution of treatment within 24 hours of intraarterial drug injection is particularly important in patients who manifest severe ischemia.",atenção,0.5675662755966187,0.4324336946010589,0.5675662755966187,urgent,377,True,4|5,cardiovascular diseases|general pathological conditions,train,Yuvrajxms09/biobert-triage-classifier,0.7,256
"Adenocarcinomas of the colon and rectum in persons under 40 years old. A population-based study. Data collected by nine population-based tumor registries participating in the Surveillance, Epidemiology, and End Results Program of the National Cancer Institute were analyzed to characterize the epidemiology of noncarcinoid adenocarcinomas of the colon and rectum in young adults. Tumors diagnosed in persons under 40 years old between 1973 and 1984 (n = 1736) were compared with those in persons 40 years and older (n = 106,760). This first large U.S. population-based study of colorectal adenocarcinomas in the young shows a higher incidence in blacks than whites and later detection in black males. It also shows a higher proportion of tumors of mucinous and signet ring histological type than in older age groups. Among the younger group, the average annual age-adjusted incidence rate was 34% higher in black males than in white males (12.6 vs. 9.4 per million persons) and 46% higher in black females than in white females (13.0 vs 8.9 per million persons). The proportion of tumors that were right-sided varied by age: 0-29 years, 30%; 30-39 years, 26%; 40-49 years, 22%; 50-59 years, 21%; 60-69 years, 24%; 70-79 years, 30%; and 80+ years, 35%. Males under age 40 were less likely to present with localized disease (whites, 27%; blacks, 21%) than were those aged 40 and older (whites, 39%; blacks, 36%). The proportion of tumors classified as mucinous decreased with age, from 28% among those aged 0-19 years to 5% among those 40 years and older. A similar trend was observed for signet ring tumors. Although this latter type accounted for 10% of large-bowel tumors among subjects aged 0-19 years, this proportion decreased with age to 0.2% in those 40 years and older.",normal,0.1497918665409088,0.8502081036567688,0.8502081036567688,non-urgent,455,True,1,neoplasms,train,Yuvrajxms09/biobert-triage-classifier,0.7,256
"A rational attitude toward serum alanine aminotransferase measurement by blood banks, based on a longitudinal study of a cohort of repeat blood donors. A cohort of 879 blood donors was followed over a 3-year period. Of the 3858 units of blood collected, 112 (2.9%), obtained from 64 donors, had an alanine aminotransferase (ALT) activity over 45 IU per L; of these, 39 had a single ALT elevation. The incidence of ALT increase was 2.01 per 100 units, or 5.1 per 100 donors, per year. The pattern of elevated ALT was followed in 72 donors, 54 of whom were from the 64 cited above. At the second blood donation (BD2), about 5 months later, 62.5 percent had a normal ALT value, and most (91%) retained those values at blood donation 3 (BD3). However, 19 (70.3%) of the 27 whose ALT levels had not returned to normal at BD2 had an increased value at BD3. These results led to the formulation of the following algorithm to improve the management of blood donors; at the first donation, the ALT assay is done after the blood collection, but, at the next donation, the ALT level is measured before donation if the preceding ALT activity had been abnormal. If ALT is elevated, blood is not collected. Three consecutive ALT elevations are a criterion for permanent exclusion of the donor.",normal,0.1285115778446197,0.8714884519577026,0.8714884519577026,non-urgent,321,True,2,digestive system diseases,train,Yuvrajxms09/biobert-triage-classifier,0.7,256
"A prospective comparison of laser therapy and intubation in endoscopic palliation for malignant dysphagia. There is little objective long-term follow-up comparing laser therapy with intubation for palliation of malignant dysphagia. In a prospective, nonrandomized two-center trial 43 patients treated with the neodymium:yttrium-aluminum-garnet laser were compared with 30 patients treated by endoscopic intubation; the two groups were comparable for mean age and tumor position, length, and histology. Dysphagia was graded from 0 to 4 (0, normal swallowing; 4, dysphagia for liquids). Pretreatment mean dysphagia grades were similar: laser-treated group, 2.9 (SD, 0.6); intubated group, 3.2 (SD, 0.55). For thoracic esophageal tumors, the percentage of patients achieving an improvement in dysphagia grade by greater than or equal to 1 grade initially and over the long term was similar (laser, 95% and 77%; intubation, 100% and 86%). For tumors crossing the cardia, intubation was significantly better (laser, 59% and 50%; intubation, 100% and 92%, respectively; P less than 0.001). In patients palliated over a long period, however, the mean dysphagia grade over the remainder of their mean dysphagia grade over the remainder of their lives (mean survival: laser, 6.1 months; intubation, 5.1 months) was better in the laser group (1.6 vs. 2.0; P less than 0.01); 33% of laser-treated and 11% of intubated patients could eat most or all solids (P less than 0.05). For long-term palliation, laser-treated patients required on average more procedures (4.6 vs. 1.4; P less than 0.05) and days in the hospital (14 vs. 9; P less than 0.05). The perforation rate was lower in the laser-treated group (2% vs. 13%; P less than 0.02); no treatment-related deaths occurred in either group. For individual patients, the best results are likely to be achieved when the two techniques are used in a complementary fashion in specialist centers.",atenção,0.3543442487716675,0.6456558108329773,0.6456558108329773,non-urgent,524,True,2,digestive system diseases,test,Yuvrajxms09/biobert-triage-classifier,0.7,256
"A strategy to reduce infant mortality. Using maternal mortality reviews as an historic model, fetal and infant mortality reviews are proposed to reduce infant mortality in the United States. The national program has three elements: 1) guidelines and direction from a national multidisciplinary steering panel and staff, 2) a technical advisory capacity to translate guidelines and to work with local and regional review committees, and 3) local review committees. A special emphasis, lacking in the limited efforts of previous infant mortality reviews, would be given to fetal mortality. The plan proposes a broad classification of potential contributing causes of mortality, from those related strictly to medical care, to the health system, and to individual patient factors. This will allow different and more effective targeted responses to factors identified locally. Critical impetus will be gained with The American College of Obstetricians and Gynecologists leading the effort from the private medical sector in partnership with national, state, and local public health agencies and other national medical societies.",normal,0.138497844338417,0.8615021705627441,0.8615021705627441,non-urgent,199,False,5,general pathological conditions,test,Yuvrajxms09/biobert-triage-classifier,0.7,256
"Adventitial red blood cells produce intimal platelet accumulation in cerebral arteries of cats following subarachnoid hemorrhage. After dividing 21 cats into three equal groups, we exposed their right middle cerebral arteries transorbitally and adventitially irrigated them with 2 ml washed red blood cells, blood plasma, or saline. To determine arterial intimal platelet accumulation in each cat, we injected [111In]oxine-labeled platelets intravenously immediately before injecting the various experimental solutions. Animals were sacrificed 2 or 4 hours following the injection of labeled platelets. Irrigation with washed red blood cells produced a significantly greater intraluminal accumulation of platelets than irrigation with saline (p less than 0.05). Plasma tended to have less of an effect on platelet accumulation than washed red blood cells, but this difference was not significant. These data suggest that the adventitial blood fraction responsible for intimal platelet accumulation in cerebral arteries following subarachnoid hemorrhage may be derived mainly from the red blood cell fraction.",atenção,0.4596826136112213,0.5403174161911011,0.5403174161911011,non-urgent,239,False,4,cardiovascular diseases,test,Yuvrajxms09/biobert-triage-classifier,0.7,256
"A prospective clinical evaluation of autogenous vein grafts used as a nerve conduit for distal sensory nerve defects of 3 cm or less. The purpose of this study was to determine the efficacy of autogenous vein grafts as nerve grafts (AVNC) for bridging of small peripheral sensory nerve gaps as compared with direct repair and with conventional nerve grafting techniques (ANG). Patients with painful neuroma or segmental nerve injury of 3 cm were chosen as the test group. Those amenable to direct repair were classified as controls. Between 1982 to 1988, a total of 22 patients were enrolled in this study. A total of 34 nerves were repaired, 15 with a venous nerve conduit, 4 with a sural nerve graft, and 15 with direct repair. Significant symptom relief and satisfactory sensory function return were uniformly observed. The two-point discrimination measurements indicated superiority of direct repair and probably of conventional nerve grafting. However, the universally favorable patient acceptance and the return of measurable two-point discrimination indicates the effectiveness of autogenous vein grafts as nerve conduits when selectively applied to bridge a small nerve gap (less than or equal to 3 cm) on nonessential peripheral sensory nerves.",normal,0.1144952625036239,0.8855047821998596,0.8855047821998596,non-urgent,270,True,1,neoplasms,test,Yuvrajxms09/biobert-triage-classifier,0.7,256
"A systemic non-lytic state and local thrombolytic failure of anistreplase (anisoylated plasminogen streptokinase activator complex, APSAC) in acute myocardial infarction. The relation between coronary thrombolysis and coagulation variables after administration of anistreplase (anisoylated plasminogen streptokinase activator complex, APSAC) was studied in patients with an acute myocardial infarction. Fifty eight consecutive patients with acute myocardial infarction were given 30 U of anistreplase intravenously within 4 hours of the onset of symptoms. A fall in the plasma concentration fibrinogen to less than 1.0 g/l 90 minutes after administration of anistreplase was considered to reflect a systemic lytic state. Coronary angiography was performed 48 hours after thrombolytic treatment. The overall patency rate was 74% (43/58). Patency rates were significantly different in patients with a systemic lytic (83% (43/52)) and a systemic non-lytic state (0% (0/6)). The absence of a systemic lytic state after anistreplase administration seemed to be highly predictive of the failure of coronary thrombolysis. Coagulation studies showed evidence of inhibition of anistreplase induced fibrinolytic activity which may explain the failure of thrombolytic treatment in patients with evidence of a systemic non-lytic state.",urgente,0.7327417731285095,0.2672581970691681,0.7327417731285095,urgent,345,True,4,cardiovascular diseases,train,Yuvrajxms09/biobert-triage-classifier,0.7,256
Acute pulmonary oedema on the Ruwenzori mountain range. A 40 year old man had an episode of severe pulmonary oedema at 4000-5000 m during the ascent of the Margherita peak (5109 m) of Mount Stanley on the Ruwenzori. He had taken acetazolamide and high dose dexamethasone to treat symptoms of acute mountain sickness. Six years before he had been studied by right heart catheterisation as a healthy volunteer during hypoxic breathing at sea level. His pulmonary vascular reactivity had been within the normal range for 32 healthy subjects. This man had high altitude pulmonary oedema despite currently recommended treatments for acute mountain sickness and normal pulmonary vascular reactivity to hypoxia at sea level.,urgente,0.7694309949874878,0.2305690497159958,0.7694309949874878,urgent,163,False,5,general pathological conditions,train,Yuvrajxms09/biobert-triage-classifier,0.7,256
"An analysis of outcome following percutaneous transluminal coronary artery angioplasty. An autopsy series. We analyzed autopsy findings on 26 patients who died following percutaneous transluminal coronary angioplasty (PTCA). Twenty-one patients died within 3 weeks of undergoing PTCA; demonstrable cardiac complications were found in 19 patients: platelet-fibrin thrombi (10 patients [48%]), coronary artery dissections (17 patients [81%]), thromboemboli (13 patients [62%]), atheroemboli (seven patients [33%]), and myocardial infarcts (17 patients [81%]). An increased incidence of coronary platelet-fibrin thrombi was noted when compared with a non-PTCA cardiac autopsy population (five of 53 patients). Apparently there was an increased incidence of coronary atheroemboli and thromboemboli in the patients with coronary platelet-fibrin thrombi (eight patients) when compared with patients who did not have platelet-fibrin thrombi (five patients), although this was not statistically significant. There was no evidence of a systemic hypercoagulable state or of disseminated intravascular coagulation. The pathogenesis of this is unclear; however, vasospasm and a disruption of the endothelial surface induced by PTCA with subsequent platelet activation are possible causes. Although not statistically significant, there was a proponderance of female subjects (seven patients) and an increased incidence of diabetes mellitus (six patients) and hypertension (13 patients) when compared with a control population of all patients undergoing PTCA at The Cleveland (Ohio) Clinic Foundation in 1987, suggesting that diabetes mellitus, hypertension, and female sex may be clinical risk factors for fatal complications following PTCA.",urgente,0.7907271981239319,0.2092727720737457,0.7907271981239319,urgent,427,True,4,cardiovascular diseases,test,Yuvrajxms09/biobert-triage-classifier,0.7,256
"Adverse impact of fibrin clot inhibitors on intravesical bacillus Calmette-Guerin therapy for superficial bladder tumors. Although intravesical bacillus Calmette-Guerin therapy has proved to be efficacious in the treatment and prophylaxis against tumor recurrence of superficial bladder tumors, its mechanism of action has not been fully elucidated. Previous work has suggested that bacillus Calmette-Guerin organisms attach to the matrix protein, fibronectin, during fibrin clot formation at sites of urothelial disruption and that this attachment was required for the antitumor effect of bacillus Calmette-Guerin to be expressed. Furthermore, drugs inhibiting clot formation were found to abrogate the antitumor effect of intravesical bacillus Calmette-Guerin therapy in a murine bladder tumor model. To examine the effect of inhibitors of fibrin clot formation on the results of intravesical bacillus Calmette-Guerin therapy, a retrospective analysis of 149 evaluable patients receiving intravesical bacillus Calmette-Guerin for superficial bladder tumors was performed. The over-all response rate free of tumor for 29 patients who concomitantly received inhibitors of fibrin clot formation with bacillus Calmette-Guerin therapy was 48%, as compared with 67% for 120 patients who were not receiving these medications (p = 0.0655, chi-square). The most striking difference was noted for patients who failed with recurrent superficial disease. Of the patients who received fibrin clot inhibitors during intravesical bacillus Calmette-Guerin therapy 35% had recurrent superficial tumors compared to only 8% of those who did not receive these drugs during a mean followup of 29.8 plus or minus 11 months (p = 0.005, chi-square). Our study suggests that inhibitors of fibrin clot formation may have an adverse influence on the results of intravesical bacillus Calmette-Guerin therapy for superficial bladder tumors.",atenção,0.434957355260849,0.5650426745414734,0.5650426745414734,non-urgent,483,True,1,neoplasms,train,Yuvrajxms09/biobert-triage-classifier,0.7,256
"Alterations in collateral blood flow produced by isoflurane in a chronically instrumented canine model of multivessel coronary artery disease. The actions of isoflurane and adenosine on left ventricular myocardial perfusion during a total occlusion of the left anterior descending coronary artery and concomitant stenosis of the left circumflex coronary artery were investigated in dogs chronically instrumented for measurement of systemic and coronary hemodynamics, regional myocardial contractile function (via ultrasonic sonomicrometers), and myocardial blood flow (via the radioactive microsphere technique). An Ameroid constrictor was implanted on the left circumflex coronary artery to produce a slowly progressive stenosis that gradually depleted the coronary reserve of the distal vascular bed. The reductions in reserve were evaluated by daily measurement of baseline left circumflex coronary blood flow velocity and the hyperemic response to injection of adenosine. At a stage of moderate or severe left circumflex stenosis development, the left anterior descending coronary artery was totally occluded via a hydraulic occluder to simulate multivessel coronary artery disease, and control measurements of hemodynamics, regional contractile function, and myocardial blood flow were completed. In separate groups of experiments, either adenosine (0.64 and 1.28 mg/min) or isoflurane (1.6-1.8 and 2.3-2.5%, end-tidal) was administered and measurements remade during steady state hemodynamic conditions. Finally, diastolic aortic pressure and heart rate were adjusted to levels present in the control state during administration of adenosine or isoflurane, and additional measurements were recorded. Isoflurane reduced mean arterial pressure, left ventricular systolic pressure, and the rate of increase of left ventricular pressure at 50 mmHg (positive dP/dt50) without change in heart rate. Administration of isoflurane decreased blood flow in normal, stenotic, and occluded regions; however, when arterial pressure and heart rate were restored to levels present in the conscious state, myocardial perfusion in all regions was maintained at control levels. Ratios of flow between occluded and normal or stenotic zones remained unchanged from the conscious state during a constant aortic pressure and heart rate. Similar results were obtained in dogs with either a moderate or severe left circumflex coronary artery stenosis. In contrast, adenosine produced a dose-related decrease in collateral flow and occluded-to-normal or occluded-to-stenotic zone flow ratio. The results of this investigation indicate that adenosine but not isoflurane redistributes blood flow away from collateral-dependent myocardium to other regions in a chronically instrumented canine model of multivessel coronary artery disease.(ABSTRACT TRUNCATED AT 400 WORDS).",atenção,0.638317883014679,0.3616821467876434,0.638317883014679,urgent,697,True,4,cardiovascular diseases,train,Yuvrajxms09/biobert-triage-classifier,0.7,256
"Acute and long-term changes in serum lipids after acute stroke. We studied serum lipid profiles in 171 patients less than or equal to 48 hours after the onset of acute stroke and 3 months later. The 83 patients suffering cerebral infarction had significantly higher serum concentrations of total cholesterol, low density lipoprotein-cholesterol, and apolipoprotein B and significantly lower serum concentrations of triglycerides and lipoprotein (a) less than or equal to 48 hours after ictus than 3 months later. The lipid profiles of the 53 patients suffering lacunar infarction were similar on both occasions, the only significant differences being higher total cholesterol and low density lipoprotein-cholesterol concentrations less than or equal to 48 hours after ictus. No significant changes were observed among the 35 patients suffering cerebral hemorrhage apart from a significantly higher concentration of high density lipoprotein3-cholesterol less than or equal to 48 hours after ictus. Our study, with many patients classified according to stroke subtype, gives results different from those of previous studies with much fewer patients. We conclude that in studies of serum lipid and lipoprotein concentrations as risk factors for cerebral infarction, comparing values obtained less than or equal to 48 hours after admission with control values may incorrectly identify certain lipid fractions as risk factors.",atenção,0.407577782869339,0.5924222469329834,0.5924222469329834,non-urgent,295,True,3,nervous system diseases,test,Yuvrajxms09/biobert-triage-classifier,0.7,256
"Acute axonal polyneuropathy associated with anti-GM1 antibodies following Campylobacter enteritis. We report 2 patients with Guillain-Barre syndrome (GBS) following Campylobacter jejuni enteritis. Electrophysiologic studies indicated that the predominant process was axonal degeneration of motor nerves, and clinical recovery was poor. Serum testing by thin-layer chromatography and enzyme-linked immunosorbent assay revealed that the sera from both patients contained high titers of IgG antibody against GM1 ganglioside. These cases may represent a subgroup of GBS as acute axonal polyneuropathy following C jejuni enteritis associated with anti-GM1 antibodies.",atenção,0.6170947551727295,0.3829052448272705,0.6170947551727295,urgent,167,False,2,digestive system diseases,train,Yuvrajxms09/biobert-triage-classifier,0.7,256
"24-hour intragastric acidity and plasma gastrin after omeprazole treatment and after proximal gastric vagotomy in duodenal ulcer patients The relationship between suppressed gastric acidity and the increase in plasma gastrin levels after pharmacological and surgical treatment of peptic ulcer disease were compared in this study. Eight patients with chronic duodenal ulcer and referred for proximal gastric vagotomy were studied. 24-hour intragastric acidity and plasma gastrin levels were investigated in the same patients on three consecutive occasions: preentry without any treatment; after 4 weeks of administration of 20 mg of omeprazole daily, and 4-6 months after proximal gastric vagotomy. Intragastric acidity was slightly more reduced by omeprazole (94%) than after proximal gastric vagotomy (78%), with no difference found during the day or night with either. Plasma gastrin levels increased slightly more after proximal gastric vagotomy [284% (median, 2120 pmol.h/L; range, 733-2831 pmol.h/L)] than after omeprazole administration [186% (median, 1586 pmol.h/L; range, 495-2573 pmol.h/L)]. There is strong evidence that the increased plasma gastrin concentration following omeprazole treatment is caused by the reduced intragastric acidity. The slight increase in plasma gastrin concentration following proximal gastric vagotomy despite a lesser reduction in intragastric acidity may be the result of additional effects on gastrin release by the vagotomy. Both treatments resulted in a modest increase in plasma levels of gastrin that were far below the gastrin levels observed in achlorhydric patients, e.g., patients with pernicious anemia.",normal,0.1044788360595703,0.8955211639404297,0.8955211639404297,non-urgent,424,True,2,digestive system diseases,test,Yuvrajxms09/biobert-triage-classifier,0.7,256
"Alterations of muscarinic acetylcholine receptors in the nasal mucosa of allergic patients in comparison with nonallergic individuals. Cholinergic nasal hyperresponsiveness in nasal allergy may be due to changes of the characteristics in muscarinic cholinergic receptors. Radioligand receptor binding and in vitro autoradiographic studies of nasal mucosa in nonallergic (NA) and allergic patients were performed to investigate this hypothesis. The heterogeneous NA group was subdivided into control individuals and patients with chronic sinusitis and vasomotor rhinitis. The 3H-(-)-Quinuclidinylbenzilate binding to muscarinic receptors in human nasal mucosa membranes was saturable and of high affinity in all groups. No significant differences could be demonstrated between the subgroups of the NA patients. In allergic patients the dissociation constants and receptor densities were significantly decreased in comparison with those of NA and with those of control individuals. No differences in agonist binding or coupling of the muscarinic receptor to the effector system via the G protein could be observed in allergic patients. In vitro autoradiographic experiments demonstrated specific 3H-(-)-Quinuclidinylbenzilate labeling of the glandular acini in NA and allergic patients. No specific labeling could be observed in the epithelium, blood vessels, or connective tissue. In conclusion, the increased sensitivity and decreased muscarinic receptor number may reflect the cholinergic-induced hypersecretion in nasal allergy but are probably too small to explain the complex allergic reaction.",normal,0.0965600982308387,0.9034398794174194,0.9034398794174194,non-urgent,376,True,5,general pathological conditions,train,Yuvrajxms09/biobert-triage-classifier,0.7,256
"A prospective study of acute central retinal artery obstruction. The incidence of secondary ocular neovascularization. We conducted a prospective study to determine the incidence of ocular neo-vascularization following acute central retinal artery obstruction. Only patients initially evaluated within 7 days of visual loss were eligible. Any patient with pre-existing ocular neovascularization or clinical evidence of the ocular ischemic syndrome noted at the initial evaluation was excluded. During the 18-month study, 33 consecutive patients were enrolled. Six patients subsequently developed neovascularization of the iris, an incidence of 18.2%. In these six patients, neovascularization of the iris appeared as early as 12 days to as late as 15 weeks following the artery obstructions. Five of the six patients (15.2% of the total) later developed neovascular glaucoma. Another patient in this series developed neovascularization of the optic disc without neovascularization of the iris, an incidence of 3.0%. Only two of the seven patients with ocular neovascularization had ipsilateral hemodynamically significant carotid artery disease as determined by noninvasive carotid artery testing. This study confirms results of previous retrospective studies that the incidence of ocular neovascularization after central retinal artery obstruction is higher than commonly thought. It also shows that, in the majority of cases, carotid artery disease is not responsible for the neovascularization seen after central retinal artery obstruction.",atenção,0.6631673574447632,0.3368326127529144,0.6631673574447632,urgent,331,True,4|5,cardiovascular diseases|general pathological conditions,train,Yuvrajxms09/biobert-triage-classifier,0.7,256
"AIDS-associated polyclonal lymphoma: identification of a new HIV-associated disease process. High-grade non-Hodgkins B-cell lymphoma is one of the principle malignancies that occurs in individuals infected with the human immunodeficiency virus (HIV-1). Immunoblastic lymphomas that arise in immunosuppressed transplant patients have been described as both monoclonal and polyclonal, and occur in association with Epstein-Barr virus (EBV) infection. To test whether polyclonal lymphoma occurred in patients with AIDS we studied tumors from multiple sites in three patients who died with widespread AIDS-associated large cell or large cell immunoblastic lymphoma. All biopsy specimens contained invasive lymphoma. Tumor cells were mature IgM-positive immunoblasts by immunohistochemical analysis, with the same B-cell phenotype observed in all tumor sites. Only a minority of sites from all patients analyzed were monoclonal as measured by immunoglobulin gene rearrangements, with one case having several foci of monoclonal disease with other histologically identical metastases showing no evidence of monoclonal proliferation. Similar to the transplant-associated polyclonal B-cell proliferations. EBV gene sequences were present in multiple sites from one autopsy. In the other two autopsies, polyclonal B-cell proliferations occurred in the absence of EBV involvement except at one site, where a minor clone of EBV-infected cells was found. In contrast to HIV-associated Burkitt's lymphoma, no c-myc rearrangements were found at any site. These studies describe the occurrence of polyclonal lymphoma in AIDS and suggest that EBV-negative polyclonal lymphoma may be a distinct disease entity unique to HIV-infected individuals.",atenção,0.5790407657623291,0.4209592044353485,0.5790407657623291,urgent,433,True,1,neoplasms,train,Yuvrajxms09/biobert-triage-classifier,0.7,256
"Abnormal blood pressure response during exercise in hypertrophic cardiomyopathy. To investigate the incidence of abnormal exercise blood pressure responses in hypertrophic cardiomyopathy (HCM) and the potential role of hemodynamic instability as a mechanism of sudden death, 129 consecutive patients with HCM underwent maximal symptom-limited treadmill exercise testing with blood pressure recording. Four patterns of blood pressure response were observed. Forty-three patients had significant exercise hypotension, with either a continuous fall in systolic blood pressure (n = 5) from the start of exercise or a sudden fall in systolic blood pressure (20-100 mm Hg; mean, 40 mm Hg) from the peak value (n = 38), 23 patients had a normal response during exercise but an abnormal blood pressure response in the recovery period, and the remaining 62 patients demonstrated a normal blood pressure response. Patients with exercise hypotension were younger (33 +/- 14 versus 46 +/- 14 years) and more of them had a family history of HCM and sudden death compared with those with a normal blood pressure response (15 of 43 versus 6 of 62 patients). Similarly, the 23 patients with abnormal recovery blood pressure responses were younger (43 +/- 16 versus 46 +/- 14 years) and had a higher incidence of a family history of sudden death (10 of 24 versus 6 of 62 patients). Left ventricular cavity dimensions were smaller in those with exercise hypotension, but 11 other clinical, echocardiographic, and arrhythmic variables were similar. To assess the mechanism of exercise hypotension, 14 patients who demonstrated exercise hypotension and 14 symptomatic patients with a normal exercise blood pressure response underwent invasive hemodynamic exercise testing.",normal,0.2679260969161987,0.7320739030838013,0.7320739030838013,non-urgent,392,True,4,cardiovascular diseases,test,Yuvrajxms09/biobert-triage-classifier,0.7,256
"Alterations of adrenoceptors in the nasal mucosa of allergic patients in comparison with nonallergic individuals. Nasal hyperreactivity in nasal allergy may be due to changes of the characteristics in adrenergic receptors. Radioligand receptor-binding studies with the antagonists, 3H-prazosin (alpha 1-adrenoceptor), 3H-rauwolscine (alpha 2-adrenoceptor), and 125I-(-)-Cyanopindolol (beta-adrenoceptor) were performed in homogenates of nasal mucosa of allergic and nonallergic (NA) patients to investigate this hypothesis. The heterogeneous NA group was subdivided into control individuals and patients with chronic sinusitis and vasomotor rhinitis. No significant differences in affinities or densities of alpha 1- and alpha 2-adrenoceptors could be demonstrated in allergic patients in comparison with NA and control individuals. The beta-adrenoceptor density was significantly reduced in allergic patients in comparison with that of control individuals. Neither changes in agonist binding or in the effect of Gpp(NH)p on the agonist binding to beta-adrenoceptors could be observed in allergic patients. The subtype selective antagonist, LK203-030, demonstrated the presence of a homogeneous population of beta 2-adrenoceptors in human nasal mucosa of both NA and allergic patients. In vitro, autoradiography demonstrated specific 125I-(-)-Cyanopindolol labeling of the epithelium in NA and allergic patients. In conclusion, no changes in characteristics of alpha 1- or alpha 2-adrenoceptors in the nasal mucosa could be demonstrated in nasal allergy. However, a decreased number of beta-adrenoceptors may reflect a beta-adrenergic abnormality in nasal allergy.",normal,0.097586765885353,0.902413249015808,0.902413249015808,non-urgent,440,True,5,general pathological conditions,train,Yuvrajxms09/biobert-triage-classifier,0.7,256
"A community-based study of acute respiratory tract infection in Thai children. A 2-year longitudinal study was conducted among the population of a socioeconomically depressed urban community in Bangkok, Thailand, from January 1986 through December 1987 to determine the incidence, etiologic agents, and risk factors associated with acute respiratory tract infection (ARI) in children less than 5 years of age. Data were obtained for a total of 674 children, who were visited twice weekly for detection of signs and symptoms of ARI. During the first year of the study, throat-swab specimens were obtained for bacterial culture from both ill and healthy children and a nasal wash was performed on mildly ill children for detection of virus. During both years of the study, nasopharyngeal aspiration for identification of virus was performed for children with more severe infection. The overall incidence of ARI was 11.2 episodes per child-year. The highest (14.9) and lowest (8.8) rates per child-year occurred in age groups 6-11 months and 48-59 months, respectively. Respiratory syncytial virus, parainfluenza virus, adenovirus, Streptococcus pneumoniae, and Haemophilus influenzae were the prevalent pathogenic agents identified. Factors associated with higher risk of ARI were low family income, working mothers, mothers with allergies, chronic malnutrition, and crowding in the home.",atenção,0.3661757111549377,0.6338242292404175,0.6338242292404175,non-urgent,303,True,5,general pathological conditions,train,Yuvrajxms09/biobert-triage-classifier,0.7,256
"A histological and flow cytometric study of dog brain endothelial cell injuries in delayed radiation necrosis. The pathogenesis of delayed cerebral radiation necrosis was studied histologically and biochemically in 25 dogs with special attention to vascular endothelial cell injuries. The dogs were sacrificed 3 to 30 months after irradiation with a single dose of 15 Gy to the head. Brain specimens were appropriately fixed for light and electron microscopic studies, and capillary endothelial cells were isolated for flow cytometric study. The endothelial cells were stained with acridine orange, then the cell ratios in the reproductive phase (S + G2 + M) were investigated with flow cytometry. Thereafter, Feulgen hydrolysis and computer analysis of the hydrolysis curves were performed to examine the qualitative changes in deoxyribonucleic acid (DNA) of endothelial cells after irradiation. Under light microscopy, spongy degeneration with small cell infiltration was observed, especially in the frontal white matter, at 6 months after irradiation. At 9 months, necrotic foci appeared and developed until 15 months after irradiation. Blood vessels around the necrotic area showed luminal narrowing with endothelial hyperplasia and proliferation. At 30 months, no fresh necrotic lesions were observed. Under electron microscopy, endothelial cells of capillaries and small vessels around the necrotic area showed an increase of pinocytosis, and in the nuclei there was an increase of infoldings and euchromatin. The cell ratios in the reproductive phase were 14.5% to 23.3% (maximum at 9 months) in the irradiated group compared to 6.4% in the control group. The rate constant of apurinic acid production, a parameter correlating with DNA transcriptional activity, was minimum at 3 months and maximum at 9 months after irradiation. The data suggest that impairment of the microcirculation plays an important role in the pathogenesis of delayed radiation necrosis, and that the time of necrosis occurrence closely correlates with the cell cycle of vascular endothelial cells.",atenção,0.3710781335830688,0.6289218664169312,0.6289218664169312,non-urgent,492,True,5,general pathological conditions,train,Yuvrajxms09/biobert-triage-classifier,0.7,256
"Ampullary carcinoma in patients under 50 years of age with a poor prognosis. Clinicopathologic features of 145 Japanese patients with ampullary carcinoma were compared among three age groups. The 145 patients were divided into three groups by the patient's age at the time of operation; there were 24 patients in group I (younger) aged less than or equal to 50 years, 99 in group II (ordinary) aged 51-69, and 22 in group III (elderly) aged greater than or equal to 70. The three groups showed no significant difference in sex, icterus, duration of icterus, size of the tumor, year of operation, macroscopic type, histopathologic type, tumor margin, lymphatic permeation, venous invasion, or pancreatic invasion. The survival curve of group I was worse than those of groups II and III. Multivariate regression analysis using 11 prognostic variables failed to reveal that the age of the patient at the time of operation was an independent factor. The younger patients aged less than or equal to 50 fared worse than the elderly patients aged greater than or equal to 70, because the group I tumors included a significantly greater number of advanced ampullary carcinoma with more frequent perineural invasion than did the group III tumors.",normal,0.2852616310119629,0.7147383689880371,0.7147383689880371,non-urgent,281,True,1,neoplasms,train,Yuvrajxms09/biobert-triage-classifier,0.7,256
"Actin architecture of cultured human thyroid cancer cells: predictor of differentiation? The actin cytoskeleton is important for cell structure and motility. A disordered actin architecture has been correlated with a high metastatic potential in melanoma, fibrosarcoma, and colon cancer models. Thyrotropin is known to induce growth and differentiation in cultured thyroid cells, whereas the carcinogenic phorbol ester 12-O-tetradecanoylphorbol 13-acetate (TPA) causes dedifferentiation and malignant transformation in many cell lines. We therefore assessed the effect of thyrotropin and TPA on the actin architecture of FTC-133 human follicular thyroid cancer cells in continuous culture. Staining of filamentous actin with rhodamine phalloidin showed that 1 mU/ml or 30 mU/ml thyrotropin-induced actin polymerization was detectable at 1 hour but more notable at 24 hours. Similarly TPA (0.008 to 10 mumol/L) caused rapid actin fiber disruption and redistribution to the cell periphery. Secondary antibody staining for alpha-actinin, a protein that binds and crosslinks actin, was more prominent after treatment with thyrotropin but decreased after TPA. These findings indicate that the actin cytoskeleton has a dynamic response to trophic factors. Thyrotropin promoted actin polymerization, but TPA caused depolymerization. These effects may correlate with cellular alpha-actinin levels. Actin architecture may therefore reflect the state of differentiation of thyroid tumor cells.",normal,0.254757285118103,0.7452426552772522,0.7452426552772522,non-urgent,369,True,1,neoplasms,test,Yuvrajxms09/biobert-triage-classifier,0.7,256
"Adenocarcinoma of the colon occurring with intussusception in an adolescent. Hydrostatic reduction of intussusception is definitive therapy in most infants with this abnormality. In the older child, adolescent, and adult, a polyp or tumor is often present. Operative intervention should be considered earlier in the clinical course both to relieve the intussusception and to define the nature of the lead point.",urgente,0.7236452102661133,0.2763547599315643,0.7236452102661133,urgent,90,False,1|2,neoplasms|digestive system diseases,test|train,Yuvrajxms09/biobert-triage-classifier,0.7,256
"Acute coronary artery occlusion during and after percutaneous transluminal coronary angioplasty. Frequency, prediction, clinical course, management, and follow-up [published erratum appears in Circulation 1991 Jul;84(1):446] BACKGROUND. Acute coronary artery occlusion after percutaneous transluminal coronary angioplasty (PTCA) continues to remain a serious complication despite significant improvement in operator performance and technological advancements. This retrospective study was performed to ascertain the frequency, predictive variables, management, and outcome of acute coronary artery occlusion. METHODS AND RESULTS. The study was based on data from 1,423 consecutive patients who underwent an elective coronary angioplasty between January 1986 and December 1988. Acute coronary artery occlusion occurred in 104 patients (7.3%). Acute occlusion developed during the dilatation procedure in 80 patients (5.6%) and within 24 hours after the procedure in 24 patients (1.7%). Four clinical and 14 angiographic variables predictive for acute coronary artery occlusion were analyzed in these 104 patients with a complicated procedure and were compared with those in 104 representative patients with successful attempts. Multivariate analysis found three independent predictive variables: unstable angina, multivessel disease, and complex lesions. The overall clinical outcome after management of acute coronary artery occlusion including immediate repeat dilatation (95 patients), use of intracoronary streptokinase (34 patients), or autoperfusion catheter (12 patients) was successful (reduction of lumen diameter to less than 50%, no death, no myocardial infarction [MI], and no emergency surgery) in 42 patients (40%), was a failure without major complication in four patients (4%), and was a failure with major complication (death, MI, and emergency surgery) in 58 patients (56%). The overall mortality rate was 6% (six patients), the overall MI rate was 36% (37 patients), and emergency bypass surgery was required in 30% of patients (31 patients). At 6 months' follow-up of 42 patients with successful management, recurrent angina pectoris due to restenosis occurred in 10 patients (24%), and a late MI occurred in one patient (3%). At 6 months' follow-up of 56 survivors with unsuccessful management (development of MI or need for emergency bypass surgery), recurrent angina occurred in nine patients (16%), and cardiac death in two patients (4%). However, the majority of patients in both groups were either symptom free or had mild angina pectoris. CONCLUSION. Acute coronary artery occlusion during PTCA is often unpredictable, but its frequency is higher in patients with unstable angina, multivessel disease, and complex lesions. Despite immediate redilatation, use of intracoronary streptokinase, and emergency bypass surgery, PTCA is associated with a high mortality and morbidity.",urgente,0.7720490097999573,0.2279510051012039,0.7720490097999573,urgent,706,True,4|5,cardiovascular diseases|general pathological conditions,test|train,Yuvrajxms09/biobert-triage-classifier,0.7,256
"Ability of circular extrachromosomal DNA molecules to carry amplified MYCN proto-oncogenes in human neuroblastomas in vivo. Amplification of the proto-oncogene MYCN (also known as N-myc) in neuroblastomas has been shown to correlate with both disease stage and prognosis, yet little is known about the DNA structures that carry amplified MYCN genes in neuroblastomas in vivo. We have used DNA irradiation and pulsed-field gel electrophoresis to analyze MYCN amplification structures in eight neuroblastomas from separate patients (four primary tumors and four metastatic lesions exhibiting MYCN amplification). Six of the eight neuroblastomas (three primary tumors and three metastatic lesions) exhibited MYCN DNA irradiation profiles consistent with the presence of circular extrachromosomal DNA amplification structures. Five neuroblastomas possessed amplification structures within the size range of double minute chromosomes, and one contained smaller DNA circles. Two neuroblastomas exhibited MYCN DNA irradiation patterns consistent with larger (presumably chromosomal) amplification structures. Multiple sizes of DNA circles were observed in the neuroblastomas of four different patients, implying in vivo multimerization of amplification structures. The presence of circular MYCN amplification structures in six of eight neuroblastomas examined suggests that circular DNA molecules are important structures in in vivo gene amplification.",normal,0.2012864053249359,0.7987136244773865,0.7987136244773865,non-urgent,343,True,1,neoplasms,train,Yuvrajxms09/biobert-triage-classifier,0.7,256
"A prospective analysis of 1518 laparoscopic cholecystectomies. The Southern Surgeons Club. BACKGROUND AND METHODS. The Southern Surgeons Club conducted a prospective study of 1518 patients who underwent laparoscopic cholecystectomy for treatment of gallbladder disease in order to evaluate the safety of this procedure. RESULTS. Seven hundred fifty-eight operations (49.9 percent) were performed at academic hospitals, and 760 (50.1 percent) at private hospitals. In 72 patients (4.7 percent) the operation was converted to conventional open cholecystectomy; the most common reason for the change was the inability to identify the anatomy of the gallbladder as a result of inflammation in the region of this organ. A total of 82 complications occurred in 78 (5.1 percent) of the patients; this is comparable with the rates of 6 to 21 percent that have been reported for conventional cholecystectomy. Overall, the most common complication was superficial infection of the site of insertion of the umbilical trocar. A total of seven injuries to the common bile duct or the hepatic duct occurred during the operation, for a rate of 0.5 percent. Four of the seven injuries were simple lacerations, which were repaired after conversion to conventional cholecystectomy. The incidence of bile-duct injury in the first 13 patients operated on by each surgical group was 2.2 percent, as compared with 0.1 percent for subsequent patients. No complications were attributed directly to either cautery or laser-surgical technique, and similar numbers of complications occurred in academic and private hospitals. The mean hospital stay for the entire group was 1.2 days (range, 6 hours to 30 days). CONCLUSIONS. The results of laparoscopic cholecystectomy compare favorably with those of conventional cholecystectomy with respect to mortality, complications, and length of hospital stay. A slightly higher incidence of biliary injury with the laparoscopic procedure is probably offset by the low incidence of other complications.",atenção,0.4722738265991211,0.5277261137962341,0.5277261137962341,non-urgent,450,True,2|5,digestive system diseases|general pathological conditions,test|train,Yuvrajxms09/biobert-triage-classifier,0.7,256
"An empirical study of diagnostic criteria for delirium. OBJECTIVE: The objective of this study was to determine empirically how many patients are identified as delirious or nondelirious according to DMS-III, DMS-III-R, and ICD-10 criteria. METHOD: Daily, a trained research assistant using a structured instrument to detect the presence of symptoms of delirium evaluated 325 elderly patients who were admitted to a general hospital for acute medical problems. Each patient's symptoms were then compared with these diagnostic criteria sets to determine if the patient met criteria for delirium. RESULTS: DSM-III criteria were the most inclusive: they identified 125 patients as delirious. DSM-III-R identified a somewhat different group of 106 patients as delirious. ICD-10 criteria identified only 30 patients as delirious. CONCLUSIONS: The development of new criteria for delirium (e.g., DSM-IV) will have to balance the need to define a pure group of patients for research purposes with the need to include cases of clinical interest. Changes in criteria should be based on data such as those presented in this paper.",normal,0.1398047357797622,0.8601952791213989,0.8601952791213989,non-urgent,257,True,3,nervous system diseases,test,Yuvrajxms09/biobert-triage-classifier,0.7,256
"Abnormal hemodynamic response to Valsalva maneuver in patients with atrial septal defect evaluated by Doppler echocardiography. Hemodynamic responses to the Valsalva maneuver were studied in eight healthy subjects (group 1) and eight patients with ASD (group 2) using Doppler echocardiography. The acute changes of aortic blood flow profiles during the Valsalva maneuver were investigated on a basis of beat-to-beat estimation. During the active strain phase (phase 2), group 1 showed a significant decrease in systolic blood pressure, SV and CO with reflex tachycardia; in group 2, there was a significant decrease in SV and CO with reflex tachycardia, but not systolic blood pressure. The percentage decreases in SV and CO in group 2 were significantly less than those in group 1 (23 +/- 16 percent vs 48 +/- 10 percent for SV, p less than 0.01; 17 +/- 12 percent vs 40 +/- 13 percent for CO, p less than 0.05). After release of strain phase (phase 4), group 1 showed significant reversed changes in systolic blood pressure, SV and heart rate, indicating an overshoot effect which was, however, not observed in group 2. Thus, patients with ASD presented abnormal Valsalva response which was characterized by the absence of phase 4 overshoot and a less marked phase 2 change. The findings suggest that the decremental effect of impaired venous return on stroke output during active strain may be attenuated by the increased pulmonary blood volume due to left-to-right shunt. In patients with ASD, the lesser decrement of CO during phase 2 may not provoke sufficient sympathetic activity to induce overshoot response in phase 4.",normal,0.2155514806509018,0.7844484448432922,0.7844484448432922,non-urgent,383,True,4,cardiovascular diseases,train,Yuvrajxms09/biobert-triage-classifier,0.7,256
"Allograft tympanoplasty: predictive value of preoperative status. The functional and anatomical results of a series of 181 consecutive allograft tympanoplasties for ears with drum perforation and an intact ossicular chain were retrospectively reviewed and related to preoperative factors. Drum closure was realized in 92% (166 of 181 cases evaluated 1 year after surgery), and 96.6% of the reconstructed drums were still intact 3 years after surgery (118 cases evaluated). An air-bone gap of less than 21 dB was reached in 79.6% (of a total of 162 cases) 1 year after surgery, and in 78% (of a total of 118 cases) 3 years after surgery. Age, contralateral pathology, the wet or dry status of the ear preoperatively, and the preoperative air-bone gap had no influence on anatomical results. The preoperative air-bone gap did not predict the postoperative air-bone gap. The influence of age and existence of contralateral pathology on hearing gain was only visible in some of the strictly defined patient groups. The wet preoperative status of the ear generally predicted lower functional gain.",normal,0.1081327274441719,0.8918673396110535,0.8918673396110535,non-urgent,263,True,5,general pathological conditions,train,Yuvrajxms09/biobert-triage-classifier,0.7,256
"A new method for quantification of regurgitant flow rate using color Doppler flow imaging of the flow convergence region proximal to a discrete orifice. An in vitro study. While color Doppler flow mapping has yielded a quick and relatively sensitive method for visualizing the turbulent jets generated in valvular insufficiency, quantification of the degree of valvular insufficiency has been limited by the dependence of visualization of turbulent jets on hemodynamic as well as instrument-related factors. Color Doppler flow imaging, however, does have the capability of reliably showing the spatial relations of laminar flows. An area where flow accelerates proximal to a regurgitant orifice is commonly visualized on the left ventricular side of a mitral regurgitant orifice, especially when imaging is performed with high gain and a low pulse repetition frequency. This area of flow convergence, where the flow stream narrows symmetrically, can be quantified because velocity and the flow cross-sectional area change in inverse proportion along streamlines centered at the orifice. In this study, a gravity-driven constant-flow system with five sharp-edged diaphragm orifices (ranging from 2.9 to 12 mm in diameter) was imaged both parallel and perpendicular to the direction of flow through the orifice. Color Doppler flow images were produced by zero shifting so that the abrupt change in display color occurred at different velocities. This ""aliasing boundary"" with a known velocity and a measurable radial distance from the center of the orifice was used to determine an isovelocity hemisphere such that flow rate through the orifice was calculated as 2 pi r2 x Vr, where r is the radial distance from the center of the orifice to the color change and Vr is the velocity at which the color change was noted. Using Vr values from 54 to 14 cm/sec obtained with a 3.75-MHz transducer and from 75 to 18 cm/sec obtained with a 2.5-MHz transducer, we calculated flow rates and found them to correlate with measured flow rates (r = 0.94-0.99). The slope of the regression line was closest to unity when the lowest Vr and the correspondingly largest r were used in the calculation. The flow rates estimated from color Doppler flow imaging could also be used in conjunction with continuous-wave Doppler measurements of the maximal velocity of flow through the orifice to calculate orifice areas (r = 0.75-0.96 correlation with measured areas).",normal,0.2077274471521377,0.7922725677490234,0.7922725677490234,non-urgent,559,True,4,cardiovascular diseases,train,Yuvrajxms09/biobert-triage-classifier,0.7,256
"An assault on old friends: thiazide diuretics under siege. The adverse biochemical effects of thiazide use are of uncertain clinical significance. Thiazides raise LDL cholesterol only slightly in long-term studies and do not decrease HDL cholesterol. The evidence linking thiazide-induced hypokalemia with arrhythmias and sudden death is tenuous at best. Thiazide diuretics cause glucose intolerance, but no strong evidence has been advanced to suggest that this is dangerous. Because these effects are probably related to hypokalemia, a randomized trial comparing the effects of thiazides with thiazides plus a potassium-sparing diuretic on LDL cholesterol, ectopy on 48 hour ambulatory cardiac monitoring, fasting glucose and insulin, and post-glucose tolerance glucose and insulin would be of interest. The most compelling reason for continuing to use thiazides is that they have been shown in long-term randomized studies to reduce cardiovascular risk. Beta-blockers are the only other class of anti-hypertensive agent for which this claim can be made. The importance of long-term clinical trials in assessing the efficacy and toxicity of therapeutic agents is illustrated by the study that found clofibrate reduced cholesterol levels and coronary disease but increased total mortality. This finding remained undetected until a large randomized long-term trial was completed. Thiazide diuretics have not reduced the rate of coronary disease to the degree expected from epidemiologic studies, but the short length of the randomized trials may be responsible. It is not clear that other anti-hypertensive agents will be superior. Thiazides are less expensive than other anti-hypertensive agents being touted as metabolically safer; the cost issue is not a trivial matter.",normal,0.1377691179513931,0.8622308969497681,0.8622308969497681,non-urgent,410,True,4,cardiovascular diseases,train,Yuvrajxms09/biobert-triage-classifier,0.7,256
Acute posterior multifocal placoid pigment epitheliopathy with cerebral involvement. In a patient with angiographically proven cerebral vasculitis five months after acute posterior multifocal placoid pigment epitheliopathy (APMPPE) neurological symptoms promptly responded to steroid treatment. Cerebrospinal fluid (CSF) showed a lymphocytic pleocytosis. Magnetic resonance imaging (MRI) revealed multifocal white matter lesions in the hemispheres and the brain stem suggesting a diffuse subcortical vasculitis.,urgente,0.7960402965545654,0.2039597481489181,0.7960402965545654,urgent,133,False,4,cardiovascular diseases,train,Yuvrajxms09/biobert-triage-classifier,0.7,256
"Airways inflammation in nocturnal asthma. Nocturnal asthma is a frequent problem, but the mechanism is unclear. We investigated the possibility that airways inflammation occurred during the night. Bronchoalveolar lavage fluid was analyzed in asthmatic patients with (n = 7) and without nocturnal asthma (n = 7) at 1600 and 0400 h. The nocturnal asthma group had an increase in the total leukocyte count (24.0 +/- 7.0 to 41.1 +/- 9.9 x 10(4) cells/ml, p less than 0.05), neutrophils (1.1 +/- 0.6 to 3.7 +/- 1.5 x 10(4) cells/ml, p less than 0.05), and eosinophils (0.5 +/- 0.1 to 1.7 +/- 0.7 x 10(4) cells/ml, p less than 0.05) from 1600 to 0400 h. Cellular components for the non-nocturnal asthma group did not change. Between groups, the 1600-h cells were similar. At 0400 h the nocturnal asthma group had significantly higher total leukocyte, neutrophil, eosinophil, lymphocyte, and epithelial cell counts. For all subjects, the overnight fall in peak expiratory flow rates was correlated to the change in neutrophils (r = 0.54, p less than 0.05) and eosinophils (r = 0.77, p less than 0.05). We conclude that the nocturnal worsening of asthma has an associated cellular inflammatory response that is not seen in patients without overnight decrements in lung function. This inflammatory response together with epithelial damage may be important factors in the etiology of nocturnal asthma.",normal,0.1505734622478485,0.8494265675544739,0.8494265675544739,non-urgent,421,True,5,general pathological conditions,test,Yuvrajxms09/biobert-triage-classifier,0.7,256
"Acute subdural hematoma: morbidity, mortality, and operative timing. Traumatic acute subdural hematoma remains one of the most lethal of all head injuries. Since 1981, it has been strongly held that the critical factor in overall outcome from acute subdural hematoma is timing of operative intervention for clot removal; those operated on within 4 hours of injury may have mortality rates as low as 30% with functional survival rates as high as 65%. Data were reviewed for 1150 severely head-injured patients (Glasgow Coma Scale (GCS) scores 3 to 7) treated at a Level 1 trauma center between 1982 and 1987; 101 of these patients had acute subdural hematoma. Standard treatment protocol included aggressive prehospital resuscitation measures, rapid operative intervention, and aggressive postoperative control of intracranial pressure (ICP). The overall mortality rate was 66%, and 19% had functional recovery. The following variables statistically correlated (p less than 0.05) with outcome; motorcycle accident as a mechanism of injury, age over 65 years, admission GCS score of 3 or 4, and postoperative ICP greater than 45 mm Hg. The time from injury to operative evacuation of the acute subdural hematoma in regard to outcome morbidity and mortality was not statistically significant even when examined at hourly intervals although there were trends indicating that earlier surgery improved outcome. The findings of this study support the pathophysiological evidence that, in acute subdural hematoma, the extent of primary underlying brain injury is more important than the subdural clot itself in dictating outcome; therefore, the ability to control ICP is more critical to outcome than the absolute timing of subdural blood removal.",urgente,0.8649574518203735,0.1350425630807876,0.8649574518203735,urgent,376,True,3|5,nervous system diseases|general pathological conditions,test|train,Yuvrajxms09/biobert-triage-classifier,0.7,256
"A clinical trial of allopurinol (Zyloric) for myocardial protection. This study explored myocardial protective effects of allopurinol at various doses. Ninety patients undergoing coronary artery bypass or repair or replacement of cardiac valves were divided into three groups of 30 patients each in accordance with the amount of allopurinol administered to patients in each group. Patients in group I received no allopurinol, those in group II received low-dose allopurinol (total dose 1200 mg), and those in group III received high-dose allopurinol (total dose 2400 mg). Aspartate aminotransferase, cardiac isoenzyme of creatine kinase, and lactic dehydrogenase levels were measured up to 5 days after operation. Concentrations of allopurinol and oxypurinol were also measured before initiation of cardiopulmonary bypass and at the start and at the end of aortic crossclamping. Postoperative aspartate aminotransferase, creatine kinase, and lactate dehydrogenase 1 plus lactate dehydrogenase 2 levels in group III were significantly lower than those in groups I and II. Aspartate aminotransferase, creatine kinase, and lactate dehydrogenase 1 plus lactate dehydrogenase 2 levels in group II were lower than those in group I, without statistically significant differences. Plasma oxypurinol concentrations were significantly higher in group III than in group II. It was concluded that allopurinol had resultant high myocardial protective effects in dose-related fashion, but its effect might be attributed to oxypurinol levels formed by its degradation.",atenção,0.6956899166107178,0.3043100833892822,0.6956899166107178,urgent,391,True,5,general pathological conditions,train,Yuvrajxms09/biobert-triage-classifier,0.7,256
"99mTc HM-PAO SPECT in pediatric migraine. 99mTC HM-PAO SPECT brain imaging was performed during the headache-free period in 19 young migraineurs, affected by common migraine (CM, 10 cases), classic migraine (CLM, 6 cases) and hemiplegic migraine (HM, 3 cases). SPECT findings were negative in all 10 patients with CM, in 3 cases of CLM and in 2 cases of HM. Positive findings in the remaining 4 patients (3 cases of CLM and 1 of HM) showed a decreased tracer distribution in the temporo-occipital regions (2 cases) and parietal regions (2 cases): the two with decreased temporo-occipital perfusion reported prodromal symptoms exclusively contralateral to the areas of hypoperfusion. An impaired regional cerebral vascular autoregulation may exist even during headache-free intervals in patients suffering from classic and hemiplegic migraine.",normal,0.2520364224910736,0.747963547706604,0.747963547706604,non-urgent,229,False,3,nervous system diseases,test,Yuvrajxms09/biobert-triage-classifier,0.7,256
Adverse haemodynamic effects of high-dose aprotinin in a paediatric cardiac surgical patient. High-dose aprotinin for reduction of intra- and postoperative blood loss was associated with profound hypotension and flushing in a 3.5-year-old child who underwent cardiac surgery. Treatment with noradrenaline and intravenous fluid was required. Cardiovascular stability was restored after 10 minutes.,urgente,0.8820555210113525,0.1179444640874862,0.8820555210113525,urgent,100,False,4|5,cardiovascular diseases|general pathological conditions,train,Yuvrajxms09/biobert-triage-classifier,0.7,256
"A limited diagnostic investigation for obstructive sleep apnea syndrome. Oximetry and static charge sensitive bed. A simplified sleep apnea investigation consisting of combined oximetry and respiration movement monitoring was compared with conventional polysomnography. These two types of recordings were performed simultaneously during one night in 77 patients with suspected obstructive sleep apnea syndrome (OSAS). A static charge sensitive bed (SCSB) was used in the simplified recording because it provides a comfortable and reliable means of recording respiration movements. Periods of obstructive apneas gave a diamond-shaped periodic respiration movement pattern in the SCSB, usually accompanied by repetitive oxygen desaturations. The average number of desaturations greater than or equal to 4 percent per sleeping hour was termed the oxygen desaturation index (ODI) and compared with the apnea index (AI). In the whole population they were well correlated (p less than 0.0001, R2 = 0.41), but in individual cases there were considerable discrepancies. Patients with periodic respiration movements less than 18 percent of total sleeping time and ODI less than 2 never had AI greater than or equal to 5, whereas patients with periodic respiration greater than 45 percent and ODI greater than 6 always had AI greater than or equal to 5. Fifty-one of the 77 patients fulfilled these criteria. A bradycardia response to apneas was absent in 29 percent of patients with AI greater than or equal to 5. A combination of respiration movement and oximetry recording thus seems to give sufficient information to confirm or negate a diagnosis of OSAS in a majority of patients with clinical symptoms. In borderline patients, further investigations should be performed.",normal,0.1670483201742172,0.8329516649246216,0.8329516649246216,non-urgent,368,True,3,nervous system diseases,test,Yuvrajxms09/biobert-triage-classifier,0.7,256
"A new single catheter technique for simultaneous measurement of action potential duration and refractory period in vivo. In vivo correlations of action potential duration measured by a monophasic action potential catheter and effective refractory period measured by a separate pacing catheter have been poor, probably because of the known variability of both action potential duration and effective refractory period between different ventricular sites. In this study, a new quadripolar contact electrode catheter designed for simultaneous pacing and monophasic action potential recording at closely adjacent sites (2 mm separation between recording electrodes and pacing electrodes) was tested in five closed chest dogs and four patients. Dog studies: Pacing thresholds were extremely low, ranging from 0.02 to 0.25 mA (mean +/- SD 0.099 +/- 0.051, n = 36) and were stable over time (less than 20% increase during 1 h of continuous pacing). Because of the close proximity of pacing and recording electrodes, the pacing artifact nearly coincided with the monophasic action potential upstroke. Because of the low pacing threshold, however, pacing artifacts were small (33 +/- 17% of the monophasic action potential amplitude at twice diastolic threshold strength) and did not affect the duration or configuration of the simultaneously recorded monophasic action potential. The short stimulus response time and the undisturbed monophasic action potential signal fidelity during pacing allowed precise simultaneous measurements of action potential duration and effective refractory period at the same endocardial site.",atenção,0.3829765319824219,0.6170234680175781,0.6170234680175781,non-urgent,341,True,4,cardiovascular diseases,train,Yuvrajxms09/biobert-triage-classifier,0.7,256
"Acute abdominal pain in the elderly. STUDY OBJECTIVES: To determine the incidences of both specific diagnosis and surgical diseases in patients more than 65 years old who present to the emergency department with nontraumatic abdominal pain of less than one week's duration, and to determine the ED staff's ability to diagnose and triage elderly patients with acute abdominal pain. DESIGN: A 12-month retrospective review of all elderly patients who presented to the ED with acute, nontraumatic abdominal pain. SETTING: A regional trauma center serving a predominately rural population in the Midwest. The ED has 55,000 patient visits yearly. MEASUREMENTS AND MAIN RESULTS: Of the 127 patients enrolled, 30 (24%) had no specific diagnosis made in the ED. Biliary tract disease (12%) and small bowel obstruction (12%) were the two most common specific diagnoses. Overall, 53 patients (42%) required surgery, usually during the initial hospitalization. In four cases, the postoperative diagnosis differed significantly from the ED diagnosis. Of the 74 patients (58%) who did not undergo surgery, 51 had follow-up information available. In 14 patients, the follow-up diagnosis differed from the original diagnosis, but most of these changes did not appreciably alter the treatment and outcome. CONCLUSIONS: The incidence of surgical disease is high in elderly patients with acute abdominal pain, and ED staff are able to diagnose and triage these patients accurately.",urgente,0.8257653713226318,0.1742345690727234,0.8257653713226318,urgent,344,True,2|5,digestive system diseases|general pathological conditions,train,Yuvrajxms09/biobert-triage-classifier,0.7,256
"Abdominal wall considerations and complications in reoperative surgery. The abdominal wall is the source of significant problems for patients undergoing multiple abdominal operations. The orientation of sequential incisions must be carefully considered to avoid compromise of the abdominal wall blood supply, which may result in either acute (dehiscence) or delayed (ventral hernia) complications. Infections are the most serious problems of the multiply operated on abdominal wall. These complications may range from simple wound infection to necrotizing fasciitis. Management may require only simple drainage of the infection or may entail extensive debridement for the necrotizing processes. Regardless of the cause, the multiply operated on abdominal wall may require reconstruction because of lost fascia. Polypropylene mesh can be employed safely and effectively for this purpose.",atenção,0.5963668823242188,0.4036331176757812,0.5963668823242188,urgent,175,False,5,general pathological conditions,train,Yuvrajxms09/biobert-triage-classifier,0.7,256
"Absorbable mesh splenorrhaphy for severe splenic injuries: functional studies in an animal model and an additional patient series. Polyglycolic acid mesh has been introduced as a method of controlling hemorrhage in severely damaged spleens. This study examines the effect of splenic wrapping on the immune function of the spleen, and also on its ability to control splenic bleeding in trauma patients. Thirty purebred beagle dogs were divided into three groups and subjected to sham operation (Group 1), splenectomy (Group 2), and splenic wrap (Group 3). Immunologic studies showed no difference between the wrapped group (Group 3) and those with their spleens intact (Group 1) in the induction of specific antibody-producing lymphocytes in splenic tissue after the injection of attenuated Pneumococci. All splenic injuries treated at Cook County Hospital between January 1985 and May 1988 were retrospectively analyzed. Of 60 patients with splenic injuries, 14 underwent mesh splenorrhaphy without mortality or serious complications. This study demonstrates that the immune function of spleen is preserved following mesh splenorrhapy, and that this technique can be used in a clinical setting with safe and efficacious results.",atenção,0.4503211081027984,0.5496789216995239,0.5496789216995239,non-urgent,283,True,5,general pathological conditions,train,Yuvrajxms09/biobert-triage-classifier,0.7,256
"A new syndrome: hearing loss and familial salivary gland insensitivity to aldosterone in two brothers. Two male siblings presented in infancy with hyponatremia. The levels of plasma renin activity and aldosterone were elevated. Sodium supplement was necessary to maintain normal sodium balance. The salivary sodium concentrations were markedly elevated, with sweat sodium levels being in the upper normal range. Urinary sodium concentration and renal epithelial exchange between sodium and potassium were normal. This was felt to be due to an autosomal recessive disorder. Both siblings were later diagnosed as having a bilateral moderate to severe sensorineural hearing loss with intermittent conductive overlay due to middle ear fluid. The sensorineural loss was also felt to be autosomal recessive in origin, but the possibility of a disturbance of sodium balance in the inner ear has been questioned.",normal,0.2688556611537933,0.731144368648529,0.731144368648529,non-urgent,193,False,5,general pathological conditions,train,Yuvrajxms09/biobert-triage-classifier,0.7,256
"Alterations in left ventricular diastolic twist mechanics during acute human cardiac allograft rejection. BACKGROUND. Contraction of obliquely oriented left ventricular (LV) fibers results in a twisting motion of the left ventricle. The purpose of this study was to assess the effects of acute human cardiac allograft rejection on LV twist pattern and the twist-volume relation. METHODS AND RESULTS. Tantalum markers were implanted into the LV midwall in 15 transplant recipients to measure time-varying, three-dimensional chamber twist using computer-assisted analysis of biplane cinefluoroscopic images. Twist was defined as the mean longitudinal gradient of circumferential rotation about the LV long axis. When plotted against normalized percent ejection fraction (%EF), the resulting twist-normalized %EF relation could be divided into three phases. In systole, LV twist was linearly related to ejection of blood. In contrast, diastolic untwist was characterized by early rapid recoil with little change in LV volume, followed by more gradual untwisting when the bulk of diastolic filling occurred. During 10 acute rejection episodes in 10 patients, maximum twist, peak systolic twist rate, and the slope of the systolic twist-normalized %EF relation did not change. In contrast, the slope of the early (first 15% of filling) diastolic twist-normalized %EF relation (M(early-dia)) decreased significantly (-0.194 +/- 0.062 [prerejection] versus -0.103 +/- 0.054 rad/cm [rejection], p = 0.0003), resulting in a prolonged tau 1/2 (time required to untwist by 50% [20 +/- 5% versus 28 +/- 5% of diastole], p = 0.0003) and decrease in percent untwisting at 15% diastolic LV filling (62 +/- 11% versus 36 +/- 13%, p = 0.0003). Therefore, a greater proportion of LV untwisting occurred later in diastole during rejection, as reflected by an increase in the slope (M(mid-dia)) of the middle to late (from 15 to 90% filling) diastolic twist-normalized %EF relation (-0.018 +/- 0.009 versus -0.030 +/- 0.010 rad/cm, p = 0.0015). Peak rate of untwist was not affected. With resolution of rejection, M(early-dia) and percent untwist during early diastole returned to baseline levels (p = NS versus baseline). There was also a trend for M(mid-dia) to return toward prerejection values (p = NS versus baseline), but this change did not reach statistical significance compared with rejection values. CONCLUSION. Acute cardiac allograft rejection is associated with altered diastolic twist mechanics in the absence of any demonstratable systolic abnormalities. During rejection, myocardial edema and other factors may result in intrinsic changes of the elastic properties of the myocardium, thereby leading to modification of recoil forces responsible for the early, rapid unwinding of the deformed ventricle.",normal,0.2372877746820449,0.7627122402191162,0.7627122402191162,non-urgent,757,True,5,general pathological conditions,test,Yuvrajxms09/biobert-triage-classifier,0.7,256
"A cohort study of fat intake and risk of breast cancer. Between 1982 and 1987, 519 newly incident, histologically confirmed cases of breast cancer were identified in a cohort of 56,837 women enrolled in the Canadian National Breast Screening Study. These women had completed a dietary questionnaire before the occurrence of their breast cancer, and this has been used to estimate their intake of dietary fat and several other nutrients. There is evidence of a positive association between breast cancer and total fat intake, with a relative risk of 1.35 (95% confidence interval, 1.00-1.82) per 77 g per day, and some evidence of a dose-response relationship (P = .052).",normal,0.0930717587471008,0.9069281816482544,0.9069281816482544,non-urgent,155,False,1,neoplasms,test,Yuvrajxms09/biobert-triage-classifier,0.7,256
"A retrospective study of spontaneous remission and long-term outcome in patients with infantile spasms. The spontaneous remission rate and long-term outcome in 44 patients with infantile spasms not treated with hormonal drugs were studied. The cumulative spontaneous remission rate during the first 12 months after onset of infantile spasms, as determined by retrospective analysis, was as follows: 1 month, 2%; 2 months, 2%; 3 months, 5%; 4 months, 7%; 5 months, 9%; 6 months, 11%; 7 months, 11%; 8 months, 14%; 9 months, 16%; 10 months, 18%; 11 months, 25%; 12 months, 25%. The average age at follow-up was 80 months. Nine percent of patients had normal development or only mild impairment. The remainder showed various degrees of retardation. These data should be useful in the design and interpretation of therapeutic drug trials in patients with infantile spasms.",normal,0.1577405035495758,0.8422594666481018,0.8422594666481018,non-urgent,212,False,3,nervous system diseases,train,Yuvrajxms09/biobert-triage-classifier,0.7,256
"Amelioration of cholinergic-induced pancreatitis with a selective cholecystokinin receptor antagonist. Acute edematous pancreatitis follows excessive cholinergic stimulation in patients exposed to anticholinesterase-containing insecticides. We describe the role of cholecystokinin and the benefits of cholecystokinin receptor blockade in this form of pancreatitis. A cholinergic mimetic (carbachol) was administered to rats weighing 300 to 350 g and produced a form of edematous pancreatitis that mimics that seen in humans. Animals received carbachol intraperitoneally, either alone (250 micrograms/kg of body weight) or with cholecystokinin-receptor antagonist devazepide (3 mg/kg of body weight) and were killed 4 hours later. Carbachol administration resulted in a 19% increase in pancreatic weight, a fourfold increase in serum amylase levels, and a 14-fold increase in serum lipase levels. Plasma cholecystokinin levels, however, were not altered. Devazepide administered prior to cholinergic hyperstimulation blocked pancreatic weight increase and reduced elevations in serum amylase levels twofold and lipase levels fourfold. Although cholecystokinin levels are not elevated in this model of pancreatitis, blockade of even low, background concentrations of this regulatory peptide is beneficial.",atenção,0.6494934558868408,0.3505065441131592,0.6494934558868408,urgent,318,True,2|5,digestive system diseases|general pathological conditions,train,Yuvrajxms09/biobert-triage-classifier,0.7,256
"A self-assembling protein kinase C inhibitor. Previous studies have described a dicationic anticarcinoma agent that can chemically assemble in situ from monocationic phosphonium salts. The chemical combination of these monocationic precursors in the micromolar concentration range, occurring after their uptake by cells, was probably responsible for their synergistic inhibition of cell growth and for their selective cytotoxicity to Ehrlich ascites murine carcinoma cells relative to untransformed epithelial cells. Here, we report that the dicationic product that forms in this assembly reaction is an in vitro inhibitor of protein kinase C (PKC) alpha and beta 1 isoforms, exhibiting IC50 values of 20.4 microM and 35 microM, respectively. The monocationic precursors proved to be much weaker inhibitors of PKC (IC50 values greater than 200 microM). When PKC is exposed to combinations of the two precursors, the enzymatic activity decreases steadily as a function of time. Using dose-response data and HPLC kinetic studies, we show that when the two precursor compounds are added as a combination to PKC under these conditions, the rate of formation of the inhibitory product follows the observed time course of decline in PKC activity under identical conditions. We discuss the possibility that antiproliferative effects against carcinoma cells of the preformed dication and of the combined monocationic precursors involve inhibition of PKC.",normal,0.2219829112291336,0.7780170440673828,0.7780170440673828,non-urgent,333,True,1,neoplasms,train,Yuvrajxms09/biobert-triage-classifier,0.7,256
"A manifesting carrier of Duchenne muscular dystrophy with severe myocardial symptoms. A 42-year-old so-called manifesting carrier of Duchenne muscular dystrophy (DMD), whose first complaints were severe myocardial symptoms, is described. Immunohistochemical study using anti-dystrophin anti-serum and analysis of cloned segments of X chromosome DNA were performed. Her two sons and one of her brothers appear to have had the same disease. She was admitted to the hospital complaining of dyspnoea, back pain and palpitations and was first diagnosed as having myocardial infarction. However, this diagnosis was excluded. The echocardiogram showed diffuse abnormalities of myocardial function. Serum enzymes were increased. Minimal weakness and decreased deep tendon reflexes were detected in her left lower extremity. Muscle biopsy revealed a small number of necrotic fibres. Immunohistochemical study using anti-dystrophin antiserum showed a mosaic pattern of the surface membrane. Analysis of cloned segments of X chromosome DNA from the patient and her son showed the XmnI(Asp) alleles of pERT 87-15 and the TaqI alleles of pERT 87-8 in both patients.",atenção,0.5850502252578735,0.4149497747421264,0.5850502252578735,urgent,294,True,4,cardiovascular diseases,train,Yuvrajxms09/biobert-triage-classifier,0.7,256
"A laser-induced scar at the cardia increases the yield pressure of the lower esophageal sphincter Low yield pressure of the lower esophageal sphincter is associated with esophageal reflux, and fundoplication must increase yield pressure if it is to prevent reflux. We attempted to increase yield pressure endoscopically in the dog by using the Nd:YAG laser to produce a fibrous scar at the cardia in the approximate line of the gastric sling fibers. Ten beagle dogs were studied. In a pilot study with two dogs, 15 watts for 4.2 sec were found to produce a scar deep into the muscle coat of the stomach. Three configurations of scar were used. One produced significant rises in yield pressure in all four of the dogs treated, the second produced a significant rise in one of the two dogs treated, and the third caused a significant drop in yield pressure in the one dog treated. One dog died of gastric perforation 10 days after lasering, but no other animal experienced any ill effects. These findings may have therapeutic implications for the management of esophageal reflux.",normal,0.2707494497299194,0.7292504906654358,0.7292504906654358,non-urgent,246,False,2,digestive system diseases,train,Yuvrajxms09/biobert-triage-classifier,0.7,256
"Abnormal cardiovascular reactivity in borderline and mild essential hypertension. Cardiovascular and hemodynamic reactivity was evaluated with M-mode echocardiography, phonocardiography, and carotidography in correlation with circulating catecholamine levels in 25 normotensive subjects, 15 borderline hypertensive patients, and 42 mildly hypertensive patients during isometric exercise at 30% of the maximum force for 3 minutes. At rest, norepinephrine and epinephrine levels were significantly higher, and the cardiac index was similarly increased in both groups of hypertensive patients, but the cardiac mass index was significantly increased only in the mildly hypertensive group. During isometric exercise, the sympathoadrenal reactivity as well as the pressor and chronotropic responses were similar in normotensive subjects and both groups of hypertensive patients. However, the variations in blood pressure were achieved through totally different hemodynamic mechanisms in normotensive subjects and hypertensive patients. In normotensive subjects, the increase in blood pressure could be linked mainly to an increase in cardiac contractility and performance, whereas in either group of hypertensive patients, the increase in blood pressure was mainly associated with an increase in peripheral resistance. These observations are consistent with the hypothesis of a blunted beta-adrenergic reactivity and a predominance of alpha-adrenergic vascular reactivity in borderline and mildly hypertensive patients. This phenomenon, which appears to be unrelated to age or severity of hypertension, could be an important mechanism underlying the development of hypertension in humans.",normal,0.1183454915881156,0.8816545605659485,0.8816545605659485,non-urgent,353,True,4,cardiovascular diseases,train,Yuvrajxms09/biobert-triage-classifier,0.7,256
"Acquired cisplatin resistance in human ovarian cancer cells is associated with enhanced repair of cisplatin-DNA lesions and reduced drug accumulation. Studies were undertaken to investigate acquired resistance to cisplatin in human ovarian cancer cells. The cell lines A2780 and A2780/CP70 were studied to assess their respective characteristics of drug accumulation and efflux, cytosolic inactivation of drug, and DNA repair. All experiments were performed using 1-h drug exposures. The A2780/CP70 cell line was 13-fold more resistant to cisplatin than A2780 cells. When studied at their respective IC50 doses, drug accumulation rates were similar for the two cell lines. However, the resistant cell line was twofold more efficient at effluxing drug, which was associated with reduced total drug accumulation for equivalent micromolar drug exposures. At equivalent levels of total cellular drug accumulation, the two cell lines formed the same levels of cisplatin-DNA damage, suggesting that cytosolic inactivation of drug does not contribute to the differential in resistance between these cell lines. Resistant cells were also twofold more efficient at repairing cisplatin-DNA lesions in cellular DNA and in transfected plasmid DNA. We conclude that in these paired cell lines, alterations in drug uptake/efflux and in DNA repair are the major contributing factors to acquired resistance to cisplatin.",normal,0.214784637093544,0.7852153778076172,0.7852153778076172,non-urgent,318,True,1,neoplasms,train,Yuvrajxms09/biobert-triage-classifier,0.7,256
"A randomized, double-blind trial of nystatin therapy for the candidiasis hypersensitivity syndrome BACKGROUND. Candida albicans infection has been proposed to cause a chronic hypersensitivity syndrome characterized by fatigue, premenstrual tension, gastrointestinal symptoms, and depression. Long-term antifungal therapy has been advocated as treatment for the syndrome, which is most often diagnosed in women with persistent or recurrent candida vaginitis. METHODS. To determine the efficacy of nystatin therapy for presumed candidiasis hypersensitivity syndrome, we conducted a 32-week randomized, double-blind, cross-over study using four different combinations of nystatin or placebo given orally or vaginally in 42 premenopausal women who met present criteria for the syndrome and had a history of candida vaginitis. The outcomes studied were the changes from base line in scores for vaginal, systemic, and overall symptoms and in the results of standardized psychological tests. RESULTS. The three active-treatment regimens (oral and vaginal nystatin, oral nystatin and vaginal placebo, and oral placebo and vaginal nystatin) and the all-placebo regimen significantly reduced both vaginal and systemic symptoms (P less than 0.001), but nystatin did not reduce the systemic symptoms significantly more than placebo. On average, the scores for systemic symptoms improved 25 percent with the three active-treatment regimens and 23 percent with the all-placebo regimen, a difference of only 2 percent (95 percent confidence interval, -3 to 7 percent). As expected, the three active-treatment regimens were more effective than placebo in relieving vaginal symptoms (P less than 0.001). All four regimens reduced psychological symptoms and global indexes of distress; there were no significant differences among the treatment regimens. CONCLUSIONS. In women with presumed candidiasis hypersensitivity syndrome, nystatin does not reduce systemic or psychological symptoms significantly more than placebo. Consequently, the empirical recommendation of long-term nystatin therapy for such women appears to be unwarranted.",normal,0.1043172925710678,0.8956827521324158,0.8956827521324158,non-urgent,507,True,5,general pathological conditions,train,Yuvrajxms09/biobert-triage-classifier,0.7,256
"'High single-dose' European PUVA regimen also causes an excess of non-melanoma skin cancer. We report the results of a long-term (12.8 years) follow-up study of the detection of malignant and benign skin tumours in patients with psoriasis, who were treated with PUVA according to the European, 'high single-dose' regimen. A total of 13 squamous cell carcinomas (SCC) and 24 basal cell carcinomas (BCC) were diagnosed in 11 of 260 patients. The incidence of both SCC and BCC was increased in comparison with the general Dutch population. The ratio of SCC to BCC in the general population was 1:8 but was 1:2.5 in our study group. A positive correlation was observed between the development of SCC and the total UVA dosage, the age of the patient at the start of the PUVA treatment and a history of arsenic use. This dose-related increase in the incidence of SCC, reported in studies from the U.S.A., has not been found in earlier European studies. The average time period between the start of PUVA therapy and the diagnosis of the first malignant skin tumour was 6.0 years for SCC and 4.7 years for BCC. Among the 49 benign skin tumours were actinic keratoses, a keratoacanthoma and 'PUVA keratoses', a newly described hyperkeratotic lesion, especially found in PUVA-treated patients.",normal,0.1207482889294624,0.8792516589164734,0.8792516589164734,non-urgent,345,True,1,neoplasms,test,Yuvrajxms09/biobert-triage-classifier,0.7,256
"A small animal model of human Helicobacter pylori active chronic gastritis. Isolation of a spiral-shaped bacterium closely related to Helicobacter pylori from the cat stomach made it possible to investigate new small animal models of gastric infection. Pure cultures of this bacterium, provisionally named ""Helicobacter felis,"" were fed to germ-free mice. The organism colonized the stomach in large numbers in mucus and deep in the gastric pits and showed the same gastric trophism found with H. pylori. Significant histopathology was seen in all H. felis-infected mice. At 2 weeks postinfection, an acute inflammatory response was seen composed primarily of eosinophils and neutrophils. At 3 weeks, the polymorphonuclear response was more pronounced with large numbers of neutrophils in some areas forming small microabscesses. Lymphocytes also increased in number. By 8 weeks, several relatively large lymphoid nodules were present in the submucosa. Multiple small microabscesses were still present in the pyloric mucosa. This is the first animal model of bacterial gastritis to be described that shows progression from acute inflammation to persistent acute on chronic inflammation (active chronic) as is seen in human infection with H. pylori.",atenção,0.4624581336975097,0.5375418066978455,0.5375418066978455,non-urgent,304,True,2|5,digestive system diseases|general pathological conditions,train,Yuvrajxms09/biobert-triage-classifier,0.7,256
"Adenocarcinoma arising in Barrett's esophagus after total gastrectomy A 64-yr-old Japanese male who underwent a partial gastrectomy for a duodenal ulcer at the age of 21, a total resection of the remnant stomach for a stomal ulcer at age 25, and in whom Barrett's esophagus was diagnosed at age 47, was found to have a tumor at the distal esophagus and was operated on by thoracic esophagectomy. The tumor was a well to moderately differentiated adenocarcinoma invading down to the muscularis propria. The entire esophageal mucosa in the resected specimen was lined by columnar epithelium. This tumor was thought to derive from the Barrett's esophageal epithelium.",atenção,0.5660712122917175,0.4339287877082824,0.5660712122917175,urgent,183,False,1|2,neoplasms|digestive system diseases,train,Yuvrajxms09/biobert-triage-classifier,0.7,256
"Alcohol-dependent unilateral vestibular impairment persisting after a closed head injury. A 20-year-old man suffered a closed head injury followed by symptoms of right-sided labyrinthine concussion with complete clinical recovery within 3 weeks. Episodic vertigo and ataxic gait occurred after the ingestion of small amounts of alcohol over the next 2 years. Electro-oculography revealed a right-sided peripheral type vestibular lesion, only after taking alcohol. This was interpreted as an alcohol-induced impairment of central compensation following an incomplete recovery from right-sided labyrinthine trauma.",atenção,0.5200514197349548,0.4799485802650451,0.5200514197349548,urgent,139,False,3|5,nervous system diseases|general pathological conditions,train,Yuvrajxms09/biobert-triage-classifier,0.7,256
"A comparative evaluation of the safety and efficacy of cefotetan and cefoxitin in surgical prophylaxis. Safety and efficacy were evaluated and compared retrospectively in 77 patients who received cefotetan (CTN) and 51 patients who received cefoxitin (CFX) for surgical prophylaxis. Both groups were similar with respect to age and gender. Surgical procedures were similar between groups (e.g., obstetric/gynecologic, renal transplant, colon, exploratory laparotomy, gastroduodenal, hernia repair). Postoperative infectious complications were more common in the CTN group (11.6 percent [9/77]) than in the CFX (7.8 percent [4/51]) group; however, this difference was not statistically significant. A higher incidence of wound infections was noted in the CTN group (5.2 percent [4/77]) than in the CFX group (2.0 percent [1/51]); this difference was also not significant. Patients receiving immunosuppressive therapy were more likely to develop infectious complications when CTN was used for prophylaxis (p = 0.0001). Clinically significant blood loss was not noted during surgery. Elevations in prothrombin times (greater than 1 sec) occurred in 27.3 percent (3/11) of CTN and 11.1 percent (1/9) of CFX patients (not significant). Except for the small subset of patients receiving concomitant immunosuppressive therapy, CTN appeared to be as safe and effective as CFX when used for surgical prophylaxis. Although not statistically significant, the increased incidence of wound infections in the CTN-treated patients requires further study in a prospective randomized comparison.",atenção,0.4800055623054504,0.5199944376945496,0.5199944376945496,non-urgent,398,True,5,general pathological conditions,train,Yuvrajxms09/biobert-triage-classifier,0.7,256
"A predominantly adrenaline-secreting phaeochromocytoma. A 61-year-old woman who presented with diabetes, nausea, weight loss and sweating was found to have a phaeochromocytoma secreting adrenaline, with a small amount of N-methyladrenaline. There was no significant increase in noradrenaline secretion. She was normotensive, and developed profound hypotension in response to the alpha-adrenergic antagonist phenoxybenzamine. These features are unusual in phaeochromocytoma, but similar features occurred in the very few previous reported cases of pure adrenaline-secreting phaeochromocytoma. We conclude that it is important to identify such patients, so that they should not be given alpha-adrenergic antagonist drugs.",atenção,0.6317339539527893,0.3682660460472107,0.6317339539527893,urgent,179,False,1|4,neoplasms|cardiovascular diseases,train,Yuvrajxms09/biobert-triage-classifier,0.7,256
"Active specific immunotherapy in patients with melanoma. A clinical trial with mouse antiidiotypic monoclonal antibodies elicited with syngeneic anti-high-molecular-weight-melanoma-associated antigen monoclonal antibodies [published erratum appears in J Clin Invest 1991 Feb;87(2):757] In two clinical trials the mouse antiidiotypic monoclonal antibody (MAb) MF11-30, which bears the internal image of human high-molecular-weight-melanoma-associated antigen (HMW-MAA) was administered by subcutaneous route without adjuvants to patients with stage IV malignant melanoma on day 0, 7, and 28. Additional injections were administered if anti-antiidiotypic antibodies were not found or their titer decreased. In the first phase I trial with 16 patients the initial dose was 0.5 mg per injection and escalated to 4 mg per injection. Neither toxicity nor allergic reactions were observed despite the development of anti-mouse Ig antibodies. Minor responses were observed in three patients. In a second clinical trial MAb MF11-30 was administered to 21 patients at a dose of 2 mg per injection, since this dose had been shown in the initial study to be effective in inducing anti-antiidiotypic antibodies. Two patients were inevaluable; in the remaining 19 patients, the average duration of treatment was 34 wk. In this trial as well, neither toxicity nor allergic reactions were observed. 17 of the 19 immunized patients increased the levels of anti-mouse Ig antibodies and 16 developed antibodies that inhibit the binding of antiidiotypic MAb MF11-30 to the immunizing anti-HMW-MAA MAb 225.28. One patient increased the level of anti-HMW-MAA antibodies. One patient achieved a complete remission with disappearance of multiple abdominal lymph nodes for a duration of 95 wk. Minor responses were observed in three patients. These results suggest that mouse antiidiotypic MAb that bear the internal image of HMW-MAA may be useful reagents to implement active specific immunotherapy in patients with melanoma.",atenção,0.3970376551151275,0.60296231508255,0.60296231508255,non-urgent,490,True,1,neoplasms,train,Yuvrajxms09/biobert-triage-classifier,0.7,256
"Advances in data assessment. Application to the etiology of nausea reported during chemotherapy, concerns about significance testing, and opportunities in clinical trials. Typical inferential statistical procedures, such as the t-test and analysis of variance, compare differences in mean values of variables. This approach can sometimes obscure rather than illuminate research data. Here we present and discuss alternative data analytic techniques. Potential advantages of box plots over conventional t-tests for understanding data are shown by comparing the area under high and low frequencies from spectral curves of autonomic changes following chemotherapy treatment. Typical t-tests provide information regarding statistical significance in terms of the differences in group means; box plots and related exploratory techniques provide information regarding the characteristics of the distributions within the groups as well as examination of potential outliers. Multivariate analysis of variance (MANOVA) and other multivariate techniques are commonly used to deal with potentially complex data sets with multiple outcome measures. The potential advantages of visual clustering techniques such as star plots, Chernoff faces, and Andrew's Function Plots are demonstrated by examining changes in facial pallor caused by chemotherapy-induced nausea and vomiting. Typical MANOVA approaches can identify potential differences in mean values between groups; visual clustering approaches do this by graphically presenting complex interrelationships for individual cases. This approach enhances the visual interpretation of potential interactions that would be obscured by simply focusing on overall mean values. Preliminary data from a meta-analysis on the effect of metoclopramide on chemotherapy-induced vomiting demonstrates the potential uses and advantages of this summary technique over simple tabular summaries. We found significant relationships between the effect size of the drug and variables such as the year of study publication and whether the publication was an article or an abstract. While none of these techniques are meant to replace traditional inferential statistics, they offer advantages in terms of data exploration and understanding relationships within data sets that are not clearly addressed by other methods. They are potentially valuable alternatives worthy of exploration. Finally, we discuss issues of interim analyses and multiple endpoint assessment for clinical trials.",normal,0.0731870085000991,0.9268130660057068,0.9268130660057068,non-urgent,445,True,1|5,neoplasms|general pathological conditions,train,Yuvrajxms09/biobert-triage-classifier,0.7,256
"Abnormalities of von Willebrand factor multimers in thrombotic thrombocytopenic purpura and the hemolytic-uremic syndrome. PURPOSE: To analyze and review von Willebrand factor (vWF) multimeric patterns in patients with single-episode thrombotic thrombocytopenic purpura (TTP), intermittent TTP (episodes at infrequent, irregular intervals), chronic relapsing TTP (episodes at frequent, regular intervals), and the hemolytic-uremic syndrome (HUS). PATIENTS AND METHODS: Platelet-poor plasma samples were obtained in EDTA, citrate, or citrate-hirudin-aprotinin-leupeptin from 36 patients with single-episode TTP, eight patients with intermittent TTP, four patients with chronic relapsing TTP, and 26 patients with HUS. The samples were separated by sodium dodecyl sulfate-agarose gel electrophoresis, overlaid with rabbit 125I-anti-human vWF IgG, and analyzed by autoradiography. RESULTS: Abnormalities of vWF multimers were found in platelet-poor plasma samples from 31 of 36 found in platelet-poor plasma samples from 31 of 36 patients (86%) at the onset of and during their single TTP episode. vWF multimers larger than those in normal plasma, and similar to vWF forms observed within normal human endothelial cells (unusually large vWF multimers), were demonstrated in 31% of the patients; 19% had either unusually large vWF multimers or a relative decrease in the largest plasma vWF forms in different serial samples; 36% had a relative decrease in the largest plasma vWF forms. These results imply that endothelial cell injury or intense stimulation, along with the attachment of unusually large vWF multimers and the largest plasma vWF forms to platelets, occurred during the single TTP episodes in most patients. Patterns of vWF multimers were normal in 92% of patients with single-episode TTP studied after recovery. All eight patients with intermittent TTP and the four patients with chronic relapsing TTP had unusually large vWF multimers in their plasma between episodes, and these multimers decreased or disappeared during relapses. Of 26 children and adults with HUS, 14 had a relative decrease in the largest plasma vWF multimeric forms and one had unusually large vWF multimers during the episode (vWF multimeric abnormalities in 58% of the patients). CONCLUSION: It is probable that vWF was involved in the pathophysiology of TTP in most of these patients with the single-episode, intermittent, or chronic relapsing types of TTP, and in more than 50% of the patients with HUS.",atenção,0.5389404296875,0.4610596001148224,0.5389404296875,urgent,646,True,5,general pathological conditions,train,Yuvrajxms09/biobert-triage-classifier,0.7,256
"A meta-analysis of the effect of estrogen replacement therapy on the risk of breast cancer [published erratum appears in JAMA 1991 Sep 11;266(10):1362] To quantify the effect of estrogen replacement therapy on breast cancer risk, we combined dose-response slopes of the relative risk of breast cancer against the duration of estrogen use across 16 studies. Using this summary dose-response slope, we calculated the proportional increase in risk of breast cancer for each year of estrogen use. For women who experienced any type of menopause, risk did not appear to increase until after at least 5 years of estrogen use. After 15 years of estrogen use, we found a 30% increase in the risk of breast cancer (relative risk, 1.3; 95% confidence interval [CI], 1.2 to 1.6). The increase in risk was largely due to results of studies that included premenopausal women or women using estradiol (with or without progestin), studies for which the estimated relative risk was 2.2 (CI, 1.4 to 3.4) after 15 years. Among women with a family history of breast cancer, those who had ever used estrogen replacement had a significantly higher risk (3.4; CI, 2.0 to 6.0) than those who had not (1.5; CI, 1.2 to 1.7).",normal,0.0764384865760803,0.9235615730285645,0.9235615730285645,non-urgent,306,True,1,neoplasms,train,Yuvrajxms09/biobert-triage-classifier,0.7,256
"Activation of coagulation in acute cardioembolic stroke. The hematologic disorders in patients with acute cardioembolic stroke are not fully understood, and no reliable measures are available to identify patients at high risk for recurrent embolism. We analyzed coagulation and fibrinolytic functions in 22 patients with cardiogenic cerebral embolism less than or equal to 24 hours after onset and in 25 age-matched controls. The levels of antithrombin III, protein C, and alpha 2-plasmin inhibitor were significantly lower in the patients than in the controls (p less than 0.001, 0.02, and 0.05, respectively). In contrast, the plasma concentrations of thrombin-antithrombin III complex and crosslinked D-dimer were markedly higher in the patients than in the controls (p less than 0.01 and 0.001, respectively). At the time of admission, the plasma concentrations of thrombin-antithrombin III complex and crosslinked D-dimer in the eight patients at high risk for recurrent embolization (one with prodromal embolism, three with intracardiac thrombi, and four with recurrent embolization) were 2.8 and 3.5 times, respectively, higher than those in the 14 patients without recurrence or thrombus formation. The lowest concentration of crosslinked D-dimer in the eight patients at high risk for recurrent embolization was 600 ng/ml on admission. Our results suggest that patients with acute cardioembolic stroke have various degrees of consumption coagulopathy and that the plasma concentrations of thrombin-antithrombin III complex and crosslinked D-dimer can be useful indicators of those who are prone to recurrent embolization during this stage.",urgente,0.7959038019180298,0.2040961533784866,0.7959038019180298,urgent,395,True,3|4|5,nervous system diseases|cardiovascular diseases|general pathological conditions,test|train,Yuvrajxms09/biobert-triage-classifier,0.7,256
"A phase I clinical trial of 2-chlorodeoxyadenosine in pediatric patients with acute leukemia. To evaluate its toxicity and clinical efficacy in children with relapsed or refractory leukemia, we performed a phase I trial of 2-chloro-2'-deoxy-adenosine (2-chlorodeoxyadenosine; 2-CDA) given as a continuous 5-day infusion at doses of 3 to 10.7 mg/m2/d. In this study of 31 children with acute leukemia, the only dose-limiting toxicity was myelosuppression. At the highest dose level, three of seven patients developed fatal systemic bacterial or fungal infections. At dose levels above 6.2 mg/m2/d, significant oncolytic responses occurred in all patients. In addition, there was a significant correlation between both the responsiveness by cell type and dose of 2-CDA, such that more oncolytic responses were noted in acute myeloid leukemia (AML) patients than acute lymphoblastic leukemia (ALL) patients (P = .02). Although this was a phase I trial in heavily pretreated patients with refractory disease, two AML patients treated at 5.2 and 10.7 mg/m2/d, respectively, had complete hematologic responses, and one patient treated at 10.7 mg/m2/d had a partial response. In addition, there was a dose-response relationship in all patients with improved cytoreduction of peripheral blast cells at higher doses of 2-CDA. In vitro evaluation of 2-CDA uptake and anabolism by leukemic blast cells from 22 patients demonstrated that 2-chloro-2'-deoxyadenosine (Cld-AMP) and 2-chloro-2'-deoxyadenosine 5'-striphosphate (CldATP) reached concentrations close to steady-state levels within 1 hour. Intracellular nucleotide disappearance rates were high with half-lives of 1.29 and 2.47 hours for CldAMP and CldATP, respectively. This suggests that continuous infusion is necessary to maintain the desired plasma concentration. The results of this study confirm the antileukemic activity of 2-CDA and the lack of prohibitive nonhematologic toxicity. Phase II trials in patients with AML and ALL are warranted.",atenção,0.6250221729278564,0.3749778568744659,0.6250221729278564,urgent,543,True,1,neoplasms,train,Yuvrajxms09/biobert-triage-classifier,0.7,256
"A surgical approach to the cervicothoracic spine. We describe a method for approaching the lower cervical and upper thoracic spine, the brachial plexus and related vessels. The method involves the elevation of the medial corner of the manubrium, the sternoclavicular joint, and the medial half of the clavicle on a pedicle of the sternomastoid muscle. We have used this exposure in 17 cases with few complications and good results. Its successful performance requires high standards of anaesthesia, surgical technique and postoperative care.",atenção,0.448806494474411,0.5511935353279114,0.5511935353279114,non-urgent,126,False,1|3|5,neoplasms|nervous system diseases|general pathological conditions,train,Yuvrajxms09/biobert-triage-classifier,0.7,256
"Advantages of beta blockers versus antiarrhythmic agents and calcium antagonists in secondary prevention after myocardial infarction. Patients who have sustained greater than or equal to 1 myocardial infarcts are at high risk for sudden death or reinfarction; the risk is highest for those with lowest ventricular ejection fraction, continuing myocardial ischemia and asymptomatic high-density and complex premature ventricular contractions. At present, beta blockers when given prophylactically are the only agents that reduce the incidence of sudden death and reinfarction in survivors of myocardial infarction (MI) in the first 2 years. The beneficial effect was shown to correlate with a reduction in heart rate, the effect being absent or deleterious with beta blockers with marked sympathomimetic activity. The effects of beta blockers on ventricular fibrillation appeared to be dissociated from those on premature ventricular contractions. Trials with calcium antagonists indicate that these drugs had no effect or increased the mortality rate. The divergent effect of beta blockers and calcium antagonists is unexplained but may be due in part to a lack of bradycardiac effect of calcium antagonists; there were no differences in effect among different calcium antagonists. Data from trials involving class I antiarrhythmic agents indicate that agents acting by depression of cardiac conduction are either devoid of effect or produce a modest increase in mortality. Results of the Cardiac Arrhythmia Suppression Trial, employing the newer class I agents flecainide and encainide, were used to determine whether the suppression of premature ventricular contractions in the survivors of acute MI reduces mortality. Flecainide and encainide suppressed premature ventricular contractions greater than 80%, but resulted in an increased mortality rate undoubtedly due to a marked proarrhythmic effect. Whether these data can be extrapolated to all class I agents is uncertain. Preliminary data with class III antiarrhythmic agents suggest that these agents, especially amiodarone, similarly to beta blockers, have the potential to reduce mortality in survivors of MI. Evolving data suggest that in the secondary prevention of morbid events in the survivors of acute MI, the focus must shift away from antiarrhythmic agents that delay conduction and toward beta blockers and antifibrillatory actions resulting from a prolongation of refractoriness.",normal,0.2740804255008697,0.7259196043014526,0.7259196043014526,non-urgent,538,True,4|5,cardiovascular diseases|general pathological conditions,train,Yuvrajxms09/biobert-triage-classifier,0.7,256
"A prospective analysis of intramuscular meperidine, promethazine, and chlorpromazine in pediatric emergency department patients. STUDY OBJECTIVE: To examine physiologic responses and efficacy of 2, 1, and 1 mg/kg IM meperidine, promethazine, and chlorpromazine (MPC), respectively, in children. DESIGN: Prospective, unblinded trial. SETTING: A university and community emergency department. PATIENTS: Sixty-three hemodynamically and neurologically stable children. INTERVENTION: Single dose of IM MPC. MEASUREMENTS AND MAIN RESULTS: Serial respirations, heart rate, arterial systolic blood pressure, oxygen saturation, and Glasgow Coma Scale were measured at 30-minute intervals. Effectiveness was assessed by two independent observers using separate visual analog scales for cooperation and sedation. Times to sleep (27 +/- 24 minutes), sitting upright (103 +/- 87 minutes), ED discharge (4.7 +/- 2.4 hours), eating (11 +/- 7.9 hours), and normal behavior (19 +/- 15 hours) were acceptable. Minor, but statistically significant, changes in respiration rate (-1.9 +/- 0.4), heart rate (+4.5 +/- 1.8), oxygen saturation (-0.7 +/- 0.3%), and Glasgow Coma Scale (-2.5 +/- 0.6) occurred for 120 minutes after MPC. No serious complications or resuscitation were required. Mean visual analog scale scores were 5.0/10.4 or more in 71% of cases, with interobserver agreement very good (cooperation, r = .79; effectiveness, r = .80). Twenty-nine percent of children were judged insufficiently sedated. CONCLUSION: IM MPC is a safe and generally effective agent for ED procedures in selected children.",urgente,0.8568057417869568,0.1431942582130432,0.8568057417869568,urgent,462,True,5,general pathological conditions,test,Yuvrajxms09/biobert-triage-classifier,0.7,256
"Acute rheumatic fever in West Virginia. Not just a disease of children. Rheumatic fever is a poststreptococcal disease that is receiving renewed attention by the medical community. We describe a recent increase in the number of observed cases of acute rheumatic fever (ARF) in West Virginia. This is the fifth report of a recent increase in the incidence of ARF in the Ohio Valley area in the last 4 years. In contrast to the other reports, nearly two thirds of our cases of ARF were in adults, more than half of whom had suffered previous bouts of ARF. In these adults with recurrences, none was taking prophylactic penicillin at the time of presentation. Carditis was present in seven adults, two without a history of carditis. Arthritis was present in all adult patients. These data indicate a possible geographic phenomenon related to the increased number of observed cases of ARF and document that ARF is not simply a disease of childhood. Furthermore, our findings highlight the need for extended penicillin prophylaxis for secondary prevention of ARF, especially for those with an increased risk of acquiring a streptococcal upper respiratory tract infection.",atenção,0.5099215507507324,0.4900784790515899,0.5099215507507324,urgent,251,False,3|4|5,nervous system diseases|cardiovascular diseases|general pathological conditions,train,Yuvrajxms09/biobert-triage-classifier,0.7,256
"Age-related changes in membrane fluidity of erythrocytes in essential hypertension. In the present study, age- and calcium-related changes in the membrane fluidity of erythrocytes were examined in patients with essential hypertension by use of electron spin resonance method (ESR). The erythrocytes were obtained from patients with essential hypertension. We examined the ESR spectra for a fatty acid spin label agent (5-nitroxy stearate) incorporated into the erythrocyte membranes. The values of outer hyperfine splitting and order parameter (S) were significantly higher in subjects with essential hypertension than in the normotensive subjects. This finding indicates that the membrane fluidity of erythrocytes was lower in essential hypertension. Calcium-loading of erythrocytes with the Ca-ionophore A23187 decreased the membrane fluidity (S value was increased) more strongly in essential hypertension than in the normotensive subjects. Furthermore, this Ca-induced change in membrane fluidity was significantly correlated with age in essential hypertension. These results demonstrate that the membrane fluidity of erythrocytes is markedly decreased by calcium, especially in essential hypertension in older patients. This suggests an increased calcium-sensitivity of cell membranes in the aged hypertensive patient.",normal,0.1367932260036468,0.8632067441940308,0.8632067441940308,non-urgent,298,True,4,cardiovascular diseases,test,Yuvrajxms09/biobert-triage-classifier,0.7,256
"A new phantom for mammography. A new mammography phantom from Du Pont is described. It has a wider range of types of detail than in previous phantoms, including some which closely simulate breast tissues. Experience of its use, and comparisons with an earlier (""Barts"") phantom, are reported. The Du Pont phantom appears to have greater sensitivity to changes in tube kV and focal spot size, and better discrimination between different film-screen combinations and between films from different breast screening centres.",normal,0.141913428902626,0.8580865859985352,0.8580865859985352,non-urgent,116,False,1,neoplasms,test,Yuvrajxms09/biobert-triage-classifier,0.7,256
"A study of HTLV-I and its associated risk factors in Trinidad and Tobago. Seroprevalence of human T-lymphotropic virus type 1 (HTLV-I) among a sample of persons selected from a government register of businesses in Trinidad was 3.2% in 1,025 persons of African descent compared to 0.2% among 487 persons of Asian descent and 0% among 46 persons of European-descent. In Tobago, from a coastal village, among persons of African ancestry ascertained as part of a cardiovascular survey, the rate was 11.4%, which was significantly higher when corrected for age and race than the rate in Trinidad. The seroprevalence rate of antibodies to hepatitis A and B was also significantly elevated in Tobago compared to Trinidad. HTLV-I seroprevalence rates were higher in females than males while hepatitis A and B rates were not significantly different in the two sexes. For males, age was a significant determinant of HTLV-I seropositivity, while for females, age, markers of poor sanitation, and hepatitis B were each independently linked to HTLV-I seropositivity. The frequent occurrence of multiple infectious exposures in persons of lower socioeconomic circumstances in this tropical environment may result in immune activation that heightens susceptibility to HTLV-I infection.",normal,0.1056236997246742,0.8943763375282288,0.8943763375282288,non-urgent,296,True,2,digestive system diseases,train,Yuvrajxms09/biobert-triage-classifier,0.7,256
"Admissions to the intensive care unit after complications of anaesthetic techniques over 10 years. 2. The second 5 years Compared with the first 5 years there was a 19% increase in general anaesthetics, a 171% increase in local and (or) sedation techniques and a 9% increase in obstetric epidurals with no increase in anaesthetic staffing. In this second 5-year period, 46 patients were admitted to the Intensive Care Unit as a result of a complication of an anaesthetic technique. These patients represented 1 in 2371 anaesthetic techniques carried out in the District compared with the previous 5 years where the incidence was 1 in 1543. Seven patients died (15.2%). The complication was considered to be wholly or partially avoidable in 14 instances (30.4%). Four of these subjects died.",urgente,0.8079788684844971,0.1920211166143417,0.8079788684844971,urgent,189,False,4|5,cardiovascular diseases|general pathological conditions,train,Yuvrajxms09/biobert-triage-classifier,0.7,256
"Abnormal epidermal changes after argon laser treatment. A 26-year-old woman with a congenital port-wine stain on the forehead was treated three times at 2-month intervals with an argon laser. Six months after the last treatment, moderate blanching and mild scaling confined to the treated area was observed. A biopsy specimen of the treated area revealed a significant decrease in ectatic vessels. However, epidermal changes similar to those of actinic keratosis with disorganized cell layers and marked cytologic abnormalities were seen. Analysis of peripheral blood lymphocytes for a defect in DNA repair was negative. Multiple, argon laser-induced photothermal effects may be responsible for the changes observed in our case and may lead to premalignant epidermal transformation.",normal,0.1560738384723663,0.8439261317253113,0.8439261317253113,non-urgent,177,False,1,neoplasms,train,Yuvrajxms09/biobert-triage-classifier,0.7,256
"A case of cecocolic intussusception with complete invagination and intussusception of the appendix with villous adenoma. Villous adenoma of the appendix is a rare neoplasm and intussusception of the appendix is a rare pathologic condition. A very rare case seen in a 35-year-old male with pain in the right lateral abdomen is reported. In this patient, the appendix along with the villous adenoma intussuscepted and invaginated into the cecal lumen, and presented as cecocolic intussusception. A polypoid lesion was diagnosed in the cecum by fiberoptic colonoscopy. Unlike polypoid lesions at other sites in the large intestine, polypoid lesions of the cecum may accompany intussusception and invagination of the appendix. Consequently, caution is required in performing endoscopic polypectomy in cases of polypoid lesions of the cecum.",atenção,0.689562976360321,0.3104370236396789,0.689562976360321,urgent,238,False,1|2,neoplasms|digestive system diseases,train,Yuvrajxms09/biobert-triage-classifier,0.7,256
"An autosomal recessive gene that delays expression of lupus in BXSB mice. We report the generation and serologic, cellular, histologic, and genetic characteristics of a BXSB/MpJScr substrain, termed BXSB/MpJScr-ll/ll, that has lost early-life male lupus disease. Classic genetic analysis suggested that delayed disease expression results from the action of a single autosomal recessive gene. This putative gene, referred to as ll (long-lived), causes a significant delay in expression of autoimmune serology (total serum IgG and anti-nuclear antibodies levels), monocytosis, and of immune complex-mediated histopathologic changes such as glomerulonephritis, arteritis, and myocardial infarction. Presumably as a consequence of the delayed immunopathology male BXSB/MpJScr-ll/ll mice live three to four times longer than regular BXSB/MpJScr. This strain might be useful for analysis of single genes responsible for severe autoimmune disease expression.",normal,0.2014611214399337,0.7985389232635498,0.7985389232635498,non-urgent,263,True,5,general pathological conditions,train,Yuvrajxms09/biobert-triage-classifier,0.7,256
"Alpha 1-antitrypsin granules in the liver--always important? We have studied the clinical histories and liver biopsy findings in 1951 consecutive adult patients with suspected chronic liver disease, and in four known PiZ-homozygous alpha 1-antitrypsin-deficient patients with emphysema (candidates for lung transplant) and no known liver disease, in order to assess the importance of periportal alpha 1-antitrypsin granules in the liver and their possible causal role in liver disease, and to assess the value of possible screening tests. Periportal granules were found in 30 (1.5 per cent) of the 1951 liver biopsies and in all four known PiZ-homozygous subjects. They were the sole putative aetiological agent in eight of 85 patients (9.4 per cent) with otherwise cryptogenic cirrhosis and present in 2.5 per cent of patients with cirrhosis of known aetiology (alcohol, autoimmune etc.). All but one were Z phenotype (seven homozygotes, 22 heterozygotes). alpha 1-Antitrypsin granules were seen in 12 patients (including three of four lung transplant candidates) with no histological chronic liver disease. Determination of serum alpha 1-antitrypsin levels was quite unhelpful in identifying these patients. This study does not support the concept that periportal alpha 1-antitrypsin granules are necessarily pathogenic, but in some cases they may be causally related to otherwise cryptogenic liver disease. The presence of granules gave no important diagnostic, therapeutic or prognostic information.",normal,0.1452775597572326,0.8547224998474121,0.8547224998474121,non-urgent,375,True,2|5,digestive system diseases|general pathological conditions,train,Yuvrajxms09/biobert-triage-classifier,0.7,256
"Activated protooncogenes in human lung tumors from smokers. Fourteen primary human lung tumor DNAs from smokers were analyzed for transforming activity by two DNA transfection assays. Activated protooncogenes were detected in 3 of 11 tumor DNAs by the NIH 3T3 focus assay, whereas activated protooncogenes were detected in 11 of 13 tumor DNAs by the NIH 3T3 cotransfection-nude mouse tumorigenicity assay. K- or NRAS genes activated by point mutation at codons 12 or 61 were detected in a large cell carcinoma, a squamous cell carcinoma, and 5 adenocarcinomas. An HRAS oncogene activated by a different mechanism was detected in an epidermoid carcinoma. One adenocarcinoma was found to contain an activated RAF gene. Two unidentified transforming genes were detected in a squamous cell carcinoma DNA and two adenocarcinoma DNAs. Eight of 10 lung adenocarcinomas that had formed metastases at the time of surgery were found to contain RAS oncogenes. No significant increase in metastasis was observed in the lung adenocarcinomas that contained one or more 6-kilobase EcoRI alleles of the LMYC gene. Overall, 12 of 14 (86%) of the lung tumor DNAs from smokers were found to contain activated protooncogenes. RAS oncogenes appear to play a role in the development of metastases in lung adenocarcinomas.",atenção,0.363015353679657,0.636984646320343,0.636984646320343,non-urgent,350,True,1|5,neoplasms|general pathological conditions,train,Yuvrajxms09/biobert-triage-classifier,0.7,256
"A case report of giant cell arteritis of the uterus and adnexa. Giant cell arteritis of the uterus and adnexa is a rare disorder, which is generally asymptomatic and occasionally associated with temporal arteritis. The true clinical significance of this dramatic microscopic finding remains obscure, but arteritis of the uterus and adnexa may be associated with later development of giant cell arteritis elsewhere in the body.",atenção,0.4140253961086273,0.5859745740890503,0.5859745740890503,non-urgent,100,False,4,cardiovascular diseases,train,Yuvrajxms09/biobert-triage-classifier,0.7,256
"A videofluoroscopy chair for the evaluation of dysphagia in patients with severe neuromotor disease. Due to the difficulties encountered in positioning severely neurologically impaired individuals for videofluoroscopic studies, the Rehab Tech Video FluoroChair was developed. The purpose of the chair is to provide the severely disabled patient with safe, stable postural support in an upright position for videofluoroscopic studies, with anterior-posterior, lateral, and rotational views easily performed. The chair features a removable headrest, a full back support, armrests, lateral truncal supports, and a patented base which is clamped to the footboard of the radiology table and allows for 200 degrees rotation of the patient. Two case studies illustrate the practical use and versatility of the Rehab Tech Video FluoroChair.",atenção,0.3921498954296112,0.6078500747680664,0.6078500747680664,non-urgent,183,False,2|3,digestive system diseases|nervous system diseases,train,Yuvrajxms09/biobert-triage-classifier,0.7,256
"A phosphatase activity present in peripheral blood myeloid cells of chronic myelogenous leukemia patients but not normal individuals alters nuclear protein binding to transcriptional enhancers of interferon-inducible genes. Cytoplasmic protein from peripheral blood myeloid cells of chronic myelogenous leukemia (CML) patients altered the electrophoretic mobility of complexes formed between nuclear proteins and interferon-inducible transcriptional enhancers. Immature myeloid marrow cells (blasts and promyelocytes) have a higher level of this activity than do mature myeloid marrow cells (bands and polys). This activity, which is not detectable in the peripheral blood cells of normal individuals, is at least 50-fold higher in CML marrow blasts and promyelocytes than that found in marrow blasts and promyelocytes of normal individuals. This activity was inhibited by in vivo incubation of immature myeloid cells with the phosphatase inhibitor, sodium orthovanadate (0.2 mM), and by adding orthovanadate (20 mM) directly to cytoplasmic proteins of myeloid cells. Interferon-alpha (1,000 U/ml) reduced the effects of the CML myeloid cell cytoplasmic protein on the electrophoretic mobility of nuclear protein-DNA complexes. These data suggest that a unique phosphatase may be involved in the abnormalities in CML which are modulated by interferon-alpha.",normal,0.2501679956912994,0.7498319745063782,0.7498319745063782,non-urgent,347,True,1,neoplasms,train,Yuvrajxms09/biobert-triage-classifier,0.7,256
"A computerized laboratory alerting system. A computerized laboratory alerting system (CLAS) has been developed as part of an ongoing effort to improve the quality of care at LDS Hospital. The system identifies potentially life-threatening conditions on the basis of laboratory findings and then generates appropriate warnings and transmits them to clinicians. Use of the system has led to a significant increase in the proportion of patients in life-threatening situations who have received appropriate care (50.8% before implementation vs. 62.5% afterward, P less than 0.05). Among patients with hypokalemia, falling potassium levels, hyperkalemia, hypokalemia during treatment with digoxin, hyponatremia, falling sodium levels, hypernatremia, hypoglycemia, or hyperglycemia, the average length of time spent in the life-threatening situation has decreased from 30.4 to 15.7 hours (P less than 0.05) and the average length of stay has decreased from 14.6 to 8.8 days (P less than 0.05). There has been little change in the proportion of patients with findings indicating metabolic acidosis who have received appropriate care (32.3 vs. 34.6%). We conclude that CLAS has an important role in patient care at our hospital.",urgente,0.8354043364524841,0.1645956933498382,0.8354043364524841,urgent,284,True,5,general pathological conditions,train,Yuvrajxms09/biobert-triage-classifier,0.7,256
"Acute T-cell leukemia/lymphoma mimicking Hodgkin's disease with secondary HTLV I seroconversion. The authors observed a pleiomorphic lymphoma mimicking Hodgkin's lymphoma in a French Guyana black woman lacking antibodies for human T-cell lymphoma/leukemia virus type I (HTLV I). After two courses of chemotherapy with either mechlorethamine, vincristine, procarbazine, and prednisone (MOPP) or doxorubicin, bleomycin, vincaleukoblastine, and dacarbazine (ABVD), a typical acute T-cell leukemia/lymphoma developed with HTLV I seroconversion. Specific HTLV I DNA sequences were detected using the polymerase chain reaction (PCR) on a lymph node biopsy obtained before chemotherapy. The mechanisms of the seroconversion are discussed.",atenção,0.6784026622772217,0.3215973377227783,0.6784026622772217,urgent,220,False,1,neoplasms,train,Yuvrajxms09/biobert-triage-classifier,0.7,256
"1990 Ogura memorial lecture: moral dilemmas in head and neck cancer. Neither morality nor dilemma can be defined meaningfully in the concept of the practical management of head and neck cancer. Although both have important implications, particularly with regard to ethnic and social factors, they play a relatively minor role in determining management policy. With little knowledge of the intrinsic causes of cancer and with a treatment strategy limited to radiotherapy and surgery, our desire for cure must be tempered by concern to avoid any increase in patient privations. My philosophy, based upon the care of more than 3500 patients over almost 30 years, reflects some of the difficulties of applying the concept ""do nothing that may cause harm,"" while offering each patient the opportunity for long-term cure.",normal,0.0842608138918876,0.9157392382621764,0.9157392382621764,non-urgent,158,False,1,neoplasms,train,Yuvrajxms09/biobert-triage-classifier,0.7,256
"A cost-minimization study of cancer patients requiring a narcotic infusion in hospital and at home. We conducted a retrospective, non-randomized, cost-minimization study, from the perspective of the Ministry of Health, to compare the cost of managing cancer patients who required narcotic infusions, in hospital and at home. Our medical costs averaged $369.72 per inpatient day and $150.24 per outpatient day (saving $219.48 per diem, 1988 Canadian dollars), while narcotic costs were the same for any given patient in both settings. Sensitivity analysis showed that no reasonable changes in the quantity and cost of services reduced our savings by more than 50%. During incremental analysis, savings increased as more outpatient days were managed by our centre, from $0.00 for 318 days, to more than $500,000 for over 2000 days per annum. As this program has been extremely cost effective and preferred by our patients, other hospitals and central funding agencies might consider establishing a regional outpatient narcotic infusion program to reduce their costs.",normal,0.280496209859848,0.7195037603378296,0.7195037603378296,non-urgent,235,False,1|5,neoplasms|general pathological conditions,train,Yuvrajxms09/biobert-triage-classifier,0.7,256
"Adrenal medullary implants in the rat spinal cord reduce nociception in a chronic pain model. Previous work in this laboratory has indicated that the transplantation of adrenal medullary tissue into the subarachnoid space of the rat spinal cord can reduce pain sensitivity to acute noxious stimuli, particularly following stimulation by nicotine. This most likely results from the stimulated release of opioid peptides and catecholamines from the transplanted chromaffin cells. However, chronic pain models may more closely resemble human clinical pain, and the arthritic rat model has been used for screening potential therapeutic strategies. The purpose of the present study was to assess the potential for adrenal medullary tissue implanted into the spinal subarachnoid space to alleviate chronic pain. Adrenal medullary tissue was implanted into adjuvant-induced arthritic rats, and changes in body weight and vocalization responses were monitored over the 10 week course of the disease. Results indicate that the severe weight reduction normally associated with this inflammatory arthritis was attenuated by adrenal medullary, but not control, implants. In addition, vocalizations were reduced in animals implanted with adrenal medullary, but not control tissue following nicotine stimulation. This reduction was blocked by the opiate antagonist, naloxone, and partially attenuated by the alpha-adrenergic antagonist, phentolamine. Together, these results suggest that the transplantation of adrenal medullary tissue into the subarachnoid space of the spinal cord may provide a local source of opioid peptides and catecholamines for the reduction of chronic pain.",normal,0.1557154506444931,0.8442845940589905,0.8442845940589905,non-urgent,371,True,3|5,nervous system diseases|general pathological conditions,train,Yuvrajxms09/biobert-triage-classifier,0.7,256
"A clinical pilot study combining surgery with intraoperative pelvic hyperthermochemotherapy to prevent the local recurrence of rectal cancer. Intraoperative pelvic hyperthermochemotherapy (IOPHC) with mitomycin C (MMC) was prescribed for 14 patients with resectable advanced rectal cancer in an attempt to prevent a postoperative local recurrence. Immediately after rectal amputation and extended lymphadenectomy, IOPHC was performed using physiologic saline containing 40 micrograms/mL of MMC at 45.5 +/- 0.6 C for 90 minutes, with an apparatus devised for IOPHC. At the end of IOPHC, the esophageal temperature was 37.2 +/- 0.8 C and cooling was not required. Antitumor efficacy and complications in the IOPHC group were compared with findings in 12 rectal cancer patients who underwent surgery only within the same period of time. Operation time was not prolonged with IOPHC treatment. In cytologic examinations of the pelvic lavage just before IOPHC treatment, viable cancer cells were detected in 6 of the 14 patients but were never detected in the postoperative exudate drained from the pelvic cavity. Of the 12 patients in the control group, 2 had a local recurrence, while in the IOPHC group there was no local recurrence for 16.9 +/- 9.7 months at this writing. Postoperative complications did not differ between the groups. This IOPHC treatment is a favorable method in eradicating cancer cells for postoperative local recurrence of rectal cancer.",atenção,0.5992175340652466,0.4007824659347534,0.5992175340652466,urgent,370,True,1|5,neoplasms|general pathological conditions,train,Yuvrajxms09/biobert-triage-classifier,0.7,256
"Adult T-cell leukemia/lymphoma of the tongue. A case of posterior tongue lymphoma associated with adult T-cell leukemia (ATL) that occurred as a lesion in the lingual dorsal portion is reported in a 64-year-old woman. Initially, a diagnosis of Hodgkin's lymphoma was considered as no findings associated with ATL except lymphadenopathy and serum anti-ATLA antibodies were present. Combined radiotherapy and chemotherapy were administered with favorable results; however, 4 months later, Pneumocystis carinii pneumonia developed, and 2 months later, generalized lymphadenopathy and hypercalcemia evolved. At this time, a diagnosis of ATL was made. The patient died of renal dysfunction 6 months after the initial presentation. In suspected cases of ATL and malignant diseases of T-cell lineage, namely, malignant lymphoma and mycosis fungoides, the presence of HTLV-1 infection should be confirmed by testing for anti-ATLA antibodies.",urgente,0.7465487122535706,0.253451257944107,0.7465487122535706,urgent,235,False,1,neoplasms,train,Yuvrajxms09/biobert-triage-classifier,0.7,256
"A critical review of chemical lymph node clearance and staging of colon and rectal cancer at Ferguson Hospital, 1977 to 1982 A unique opportunity to evaluate the method of chemical lymph node clearance for colorectal cancer exists at Ferguson Hospital. Lymph node clearance has been used at the institution since 1977, and this retrospective analysis was undertaken to ascertain its validity there. Furthermore, the node positive group was evaluated to ascertain if the current staging system (Turnbull, 1967) is prognostically accurate for the Dukes' C group. Specifically evaluated for possible prognostic variance was the survival of those patients whose tumors demonstrated partial bowel wall penetration and only one to four positive nodes, a ""C1 subset,"" previously reported to have favorable prognosis. Eight hundred sixty-four cases of colon and rectal cancer treated surgically from 1977 to 1982 were analyzed. There was a mean of 27 lymph nodes retrieved per specimen and a mean of 4.5 positive nodes per Dukes' C specimen. There were 43 C1 and 201 C2 cases with five-year survival rates of 73 and 38 percent, respectively. The results of chemical clearance at Ferguson Hospital were found to be comparable with that of other centers using chemical clearance and superior to hand dissection. The C1 subset clearly is noted to have prognostic advantage and should occupy a separate designation in any staging system.",normal,0.2707782387733459,0.7292217016220093,0.7292217016220093,non-urgent,288,True,1|5,neoplasms|general pathological conditions,test|train,Yuvrajxms09/biobert-triage-classifier,0.7,256
"Acute osteomyelitis in children. Reassessment of etiologic agents and their clinical characteristics. One hundred thirty-five children with acute osteomyelitis were identified by chart review during a 7-year period, January 1, 1980, through December 31, 1986. Bacteriologic causes were detected in 75 (55%) of the patients. Staphylococcus aureus, Haemophilus influenzae type b, and Pseudomonas aeruginosa were identified in 34 (25%), 16 (12%), and eight (6%) children, respectively. Staphylococcus aureus occurred in all age groups, H influenzae type b occurred only in children younger than 3 years and was the number one cause of disease in this group. Pseudomonas aeruginosa occurred exclusively in children older than 9 years. Children with H influenzae type b had clinical and laboratory findings that were almost indistinguishable from a matched group of children with osteomyelitis due to other known bacteria, although children with H influenzae type b tended to have more joint effusions (63% vs 27%), less lower extremity disease (22% vs 70%), and fewer positive cultures from bone or joint aspirates (41% vs 89%). Unlike most pediatric cases of osteomyelitis, the ones due to P aeruginosa did not represent the hematogenous route of infection; penetrating injury to the foot was present in every case. Children with P aeruginosa infections were older than 9 years (100%), predominantly male (88%), often afebrile (83%), and never bacteremic. These data provide guidelines for the initial work-up and management of osteomyelitis in children.",atenção,0.5576184391975403,0.4423815906047821,0.5576184391975403,urgent,403,True,5,general pathological conditions,train,Yuvrajxms09/biobert-triage-classifier,0.7,256
"Altered waveform of plasma nocturnal melatonin secretion in premenstrual depression. The nocturnal secretion of plasma melatonin was determined under dim to dark conditions in eight patients with prospectively confirmed premenstrual syndrome and in eight age- and menstrual cycle phase-matched normal control subjects. Plasma samples for melatonin were collected every 30 minutes from 6 PM to 9 AM during the early follicular, late follicular, midluteal and late luteal phases of the menstrual cycle. Compared with normal controls, patients with premenstrual syndrome had an earlier (phase-advanced) offset of melatonin secretion, which contributed to a shorter secretion duration and a decreased area under the curve. No statistically significant differences were found between women with premenstrual syndrome and normal controls for melatonin onset or peak concentration, or for estradiol or progesterone levels. The data demonstrate that women with premenstrual syndrome have chronobiological abnormalities of melatonin secretion. The fact that these patients respond to treatments that affect circadian physiology, such as sleep deprivation and phototherapy, suggests that circadian abnormalities may contribute to the pathogenesis of premenstrual syndrome.",normal,0.0958642363548278,0.904135763645172,0.904135763645172,non-urgent,285,True,3|5,nervous system diseases|general pathological conditions,test|train,Yuvrajxms09/biobert-triage-classifier,0.7,256
"A retroviral promoter is sufficient to convert proto-src to a transforming gene that is distinct from the src gene of Rous sarcoma virus. The src genes of four natural isolates of avian sarcoma viruses differ from cellular proto-src in two genetic substitutions: the promoter of the cellular gene is replaced by a retroviral counterpart, and at least six codons from the 3' terminus are replaced by retroviral or heterologous cell-derived elements. Since virus constructs with a complete proto-src coding region failed to transform avian cells but acquired transforming function by point mutations of various codons, it has been proposed that point mutation is sufficient to convert proto-src to a transforming gene. However, promoter substitution is sufficient to convert two other proto-onc genes, proto-ras and proto-myc, to retroviral transforming genes. In view of this, we have reexamined whether promoter substitution, point mutation, or both are necessary to convert proto-src into a retroviral transforming gene. It was found that a recombinant virus (RpSV), in which the src gene of Rous sarcoma virus (RSV) was replaced by the complete coding region of proto-src, transformed quail and chicken embryo cells. The oncogene of RpSV differs from the src gene of RSV in three genetic properties: (i) it is weaker--e.g., transformed cells are flatter; (ii) it is slower--e.g., focus formation takes 9 to 12 days compared to 4 days for RSV; and (iii) its host range is narrower than that of RSV--e.g., only subsets of heterogeneous embryo cells are transformed by RpSV even after weeks or months. Replacement of the proto-src 3' terminus of RpSV by that of src from RSV generates a recombinant virus (RpvSV) that equals RSV in transforming function. It is concluded that a retroviral promoter, naturally substituted via illegitimate recombination with retroviruses, is sufficient to convert at least three proto-onc genes, src, myc, and ras, to retroviral transforming genes.",normal,0.1430774331092834,0.8569225668907166,0.8569225668907166,non-urgent,517,True,5,general pathological conditions,train,Yuvrajxms09/biobert-triage-classifier,0.7,256
"A combined electromyographic and cineradiologic investigation in patients with defecation disorders. Records from 20 patients on whom defecography and electromyography were performed simultaneously because of defecation disorders were analyzed. According to the electromyographic investigation, the patients could be divided into three main groups: 1) normal sphincter reaction; 2) paradoxical sphincter reaction; and 3) combined reaction. Group A was characterized by a marked reduction of muscular activity during emptying and a pronounced closing reflex after emptying. This was followed by return of normal tonic activity. Patients in group B had no relaxation of the sphincters during emptying but a pronounced increased activity in the external sphincter and the puborectalis muscle. They also had severe emptying difficulties at defecography. No closing reflex was seen. In group C the electrical activity in the sphincters increased during moderate straining and when emptying was complete a clear closing reflex was seen. In this study, a dynamic visualization of the defecation together with a registration of electromyographic activity in the striated anal sphincters was performed. It was shown that patients with paradoxical sphincter reaction were lacking a closing reflex after emptying was complete. This has not been reported previously and is important evidence for the paradoxical defecation pattern. It was also shown that the patients with rectoceles had paradoxical sphincter reaction.",normal,0.1822859495878219,0.8177140355110168,0.8177140355110168,non-urgent,312,True,2,digestive system diseases,train,Yuvrajxms09/biobert-triage-classifier,0.7,256
"Adenoidectomy in otitis media. A review. For many years adenoids were thought to affect adversely middle ear (ME) aeration by obstructing the eustachian tube opening, leading to ME infections and effusions. Consequently, the adenoids have often been removed in children suffering from ME diseases; indeed, adenoidectomy is still performed around the globe on millions of children annually. Opinions vary, however, on the usefulness of the operation in various ME diseases. The purpose of this study is to review the available studies concerning the relationship of adenoids to the ME as well as the effect and benefit of adenoidectomy on ME effusions and ME infections.",normal,0.1541860252618789,0.8458139896392822,0.8458139896392822,non-urgent,154,False,5,general pathological conditions,train,Yuvrajxms09/biobert-triage-classifier,0.7,256
"A phase II study of piritrexim in combination with methotrexate in recurrent and metastatic head and neck cancer. Thirty patients with recurrent and/or metastatic head and neck cancer were treated with sequentially administered methotrexate (MTX) and piritrexim (PTX). The treatment schedule consisted of intravenous (IV) MTX (50 mg/m2) administered on day 1 and oral PTX (75 mg/m2) administered twice daily on days 8 to 12. Courses were repeated every 21 days with dose escalation in subsequent courses aimed at achieving Grade 1 toxicity. Two patients were not evaluable for response, 5 (17%; 95% confidence interval, 4% to 30%) had a partial response (PR), 10 had stable disease, and 13 had progressive disease. All five responses were seen in patients with regional lymph nodes as measurable disease. The median time to progression for all patients was 1.4 months, and the median survival was 6.7 months. Generally, this regimen was well tolerated with only mild toxicity seen during cycle 1 in the majority of patients. Dose escalation in subsequent cycles was possible in a high percentage of patients. Although the overall response rate and survival figures in this Phase II trial were disappointing, the doses and schedule used in this trial may have been suboptimal as reflected by the low incidence of moderate to severe toxicity. Additional evaluation of this combination of drugs in a more aggressive schedule may be warranted.",atenção,0.5691016316413879,0.4308983385562897,0.5691016316413879,urgent,329,True,1,neoplasms,train,Yuvrajxms09/biobert-triage-classifier,0.7,256
"Aggressive therapeutic amniocentesis for treatment of twin-twin transfusion syndrome. Acute severe twin-twin transfusion syndrome occurs in about 1% of monochorionic twin gestations. In the most severe form, acute hydramnios develops in the recipient twin's sac and fetal hydrops may be present. The donor twin is anemic and oligohydramnios is present, so that the donor appears ""stuck"" in a cocoon made by its adherent amnion. In this report, aggressive therapeutic amniocentesis restored amniotic fluid volume to normal in both sacs in all pregnancies. Fetal hydrops resolved in three of five (60%) of the fetuses affected. Pregnancy was extended a mean 80 +/- 33 days (+/- 2 SD) and perinatal survival was 79%. These findings contrast dramatically with the virtual 100% mortality reported in the literature with no therapy. Repeated aggressive amniocentesis effectively reversed the physiology of twin-twin transfusion syndrome and should be the treatment of choice for acute hydramnios, which previously had no recommended therapy.",urgente,0.8631954193115234,0.1368045806884765,0.8631954193115234,urgent,254,False,5,general pathological conditions,train,Yuvrajxms09/biobert-triage-classifier,0.7,256
"A comparison between single and double dose intravenous Timentin for the prophylaxis of wound infection in elective colorectal surgery. A prospective, randomized, single-blind, controlled clinical trial was undertaken to determine whether two doses of systemic Timentin provided superior prophylaxis against postoperative sepsis in elective colorectal surgery compared with a single dose of the same antibiotic. Timentin, a combination of ticarcillin and clavulanic acid was administered intravenously (3.1 g) at the commencement of operation to all patients, and this was repeated after 2 hours in those patients randomized to receive a second dose. The wound infection rate was 11 percent in the 143 patients completing follow-up and receiving a single dose, and 13 percent in the 128 patients receiving two doses of Timentin (P greater than 0.05). The rates of postoperative septicemia 3 vs. 4 percent and intra-abdominal abscess 5 vs. 8 percent were similar. Multivariate analysis of the factors likely to affect postoperative would infection rate demonstrated an association with the type of hospital, public or private, wound infection rate 16 and 6 percent, respectively (P less than 0.01), and the surgeon group defined by the number of patients contributed greater than 25 or less than 25, wound infection rate 6 and 18 percent, respectively (P less than 0.05). We concluded that a single dose of intravenous Timentin was as effective as two doses for prophylaxis against surgical infection and that the surgeon group and the hospital in which the operation took place were statistically significant predictors of postoperative wound infection.",atenção,0.3898785412311554,0.6101214289665222,0.6101214289665222,non-urgent,353,True,5,general pathological conditions,train,Yuvrajxms09/biobert-triage-classifier,0.7,256
"A huge intracranial xanthogranuloma in the middle cranial fossa: case report. Xanthogranulomas of the dura presenting with clinical symptoms are rare. We report here a case of a huge dural xanthogranuloma in the middle cranial fossa, which caused hemiparesis through marked displacement and stenosis of the middle cerebral artery. Although such tumors usually arise in association with histiocytosis X or familial hyperlipoproteinemia, the present case was not associated with these diseases.",urgente,0.7084019184112549,0.2915980517864227,0.7084019184112549,urgent,124,False,5,general pathological conditions,train,Yuvrajxms09/biobert-triage-classifier,0.7,256
"A controlled trial of clobetasol propionate ointment 0.05% in the treatment of experimentally induced Rhus dermatitis. We studied the effectiveness of clobetasol propionate ointment 0.05% in experimentally induced Rhus dermatitis. Clobetasol rapidly decreased the vesiculation at each treated site, although the effect was most prominent at the site to which clobetasol was applied the earliest, that is, at 12 hours after exposure to Rhus extract. On the basis of this experimental model, clobetasol propionate ointment 0.05% may be effective therapy for naturally occurring Rhus dermatitis.",normal,0.1492177844047546,0.8507822155952454,0.8507822155952454,non-urgent,151,False,5,general pathological conditions,train,Yuvrajxms09/biobert-triage-classifier,0.7,256
"A clinical and flow cytometric analysis of patients with nasopharyngeal cancer. Abnormal cellular DNA content, a hallmark of malignancy, is known to be an important prognostic factor in many human solid tumors; however, no data have been published on whether cellular DNA content carries prognostic significance for patients with nasopharyngeal cancer (NPC). Archival, formalin-fixed, paraffin-embedded pathology specimens representing pretreatment tissue biopsies from 55 patients (41 men and 14 women) with NPC were analyzed for cellular DNA content in a retrospective fashion from 1968 to 1988. Individual tumors were classified as either lymphoepithelioma, squamous cell, or anaplastic carcinoma, and were staged according to International Union Against Cancer (UICC) criteria. All patients were treated with curative intent using a 4 to 6 MeV linear accelerator to total doses ranging from 50 to 60 Gy in 4 to 6 weeks. The overall 5-year actuarial survival for all 55 patients was 44.4% (men, 41%; women, 52%). Survival by T stage was as follows: T1, 65%; T2, 51%; T3, 36%; and T4, 27%. Similarly, the 5-year survival rate declined as the bulk of nodal metastases increased: N0, 62%; N2, 50%; N3, 37%; and N1, 25%. Patients who had anaplastic carcinoma had a 5-year survival of 73%, those with lymphoepithelioma had a 60% survival, and those with squamous cell cancer (SCC) had a 30% survival. There was a statistically significant difference in 5-year survival between patients with SCC and those with nonkeratinizing histologies (P less than 0.05). In addition, there was a significant association between patients older than 40 years of age with SCC and patients younger than 40 years of age with nonkeratinizing malignancies (P less than 0.01). Of the 55 tumors successfully analyzed, 22 (40%) were diploid and 33 (60%) were aneuploid. The mean coefficient of variation (CV) of all 55 samples was 6.17%. There was no significant difference in 5-year survival between patients with diploid and those with aneuploid tumors (48% versus 42%). Furthermore, there was no statistically significant survival difference between aneuploid and diploid tumors within any one histologic subgroup. There was also no significant survival difference related to the DNA index. The results indicate that the extent of local tumor spread is still the most important prognostic factor for patients treated with radiotherapy for NPC. The data support the conclusion that patients with lymphoepithelioma and anaplastic carcinomas have a superior survival to patients with squamous cell carcinoma.(ABSTRACT TRUNCATED AT 400 WORDS).",atenção,0.4264585077762604,0.5735414624214172,0.5735414624214172,non-urgent,670,True,1,neoplasms,train,Yuvrajxms09/biobert-triage-classifier,0.7,256
"A simple method to improve the accuracy of non-invasive ultrasound in selecting TIA patients for cerebral angiography. A prospective study is reported of the ability of B mode ultrasound imaging and continuous wave Doppler flow studies to detect different degrees of stenosis of the extracranial internal carotid artery (ICA) in 186 arteries in 99 patients with transient ischaemic attacks (TIA) and minor ischaemic stroke. A simple mathematical equation has been developed which combines the image and flow data to provide a single predictor of the degree of angiographic stenosis which has advantages over either ultrasonic modality used alone. The sensitivity and specificity of the predictive model in the detection of stenosis greater than or equal to 25% was 73% and 98%, of stenosis greater than or equal to 50% was 90% and 93%, of stenosis greater than or equal to 75%, 65% and 99% and occlusion 100% and 94% respectively. The principal clinical value of ultrasound screening is to spare patients with ""non-significant"" stenosis the risk of unnecessary angiography. Thus a simple measure of the Duplex screening tests' performance is the proportion of all strokes occurring as a complication of angiography that are avoided by changing the investigation policy from ""angiograms for all carotid TIA and minor ischaemic stroke patients"" to ""angiograms for all patients with abnormal ultrasound results"". If Duplex scanning were used to select patients most likely to have a significant abnormality on angiography, depending on the degree of stenosis to be detected, 52-85% of angiographic strokes might be avoided. If the predictive equation were used 62-88% of angiographic strokes might be avoided.",atenção,0.4387924969196319,0.5612074732780457,0.5612074732780457,non-urgent,387,True,3|4|5,nervous system diseases|cardiovascular diseases|general pathological conditions,test|train,Yuvrajxms09/biobert-triage-classifier,0.7,256
"A novel mechanical cardiac assist device for reversing left ventricular failure. Diastolic augmentation of aortic pressure is an efficacious means of improving coronary perfusion in heart failure. A novel mechanical cardiac assist device (MCAD), that has advantages over a conventional intraaortic balloon pump and left ventricular assist devices, has been developed. It consists of a high efficiency rotary solenoid, coupled to a pair of actuator plates that clamp on a shunt aortic graft section, and operates in a diastolic counterpulsation mode. The system has been evaluated in six anesthetized, thoracotomized dogs with myocardial ischemia. The MCAD was activated 30-40 min after coronary artery occlusion and synchronized with the R-wave. As illustrated by a representative sample of the data obtained from one of several trials, the preliminary experimental results demonstrated that the MCAD worked effectively to fulfill the primary functions of a counterpulsation assist device, i.e., augmentation of coronary perfusion and reduction in the vascular impedance to ventricular ejection.",atenção,0.4910271465778351,0.5089728236198425,0.5089728236198425,non-urgent,256,False,4,cardiovascular diseases,train,Yuvrajxms09/biobert-triage-classifier,0.7,256
"Aetiology of pancreatic cancer Curative surgery is possible in only a small minority of patients with pancreatic cancer and, to date, responses to chemotherapy and radiotherapy have been disappointing. To make any impact on the incidence of the disease a clearer understanding of its aetiology is required. This review explores present knowledge of the aetiology and epidemiology of pancreatic cancer.",atenção,0.3290427327156067,0.6709572672843933,0.6709572672843933,non-urgent,89,False,1|2,neoplasms|digestive system diseases,test|train,Yuvrajxms09/biobert-triage-classifier,0.7,256
"A monoclonal antibody against the CD18 leukocyte adhesion molecule prevents indomethacin-induced gastric damage in the rabbit. The role of leukocyte adherence in the mechanism of gastropathy induced by nonsteroidal antiinflammatory drugs was investigated using a rabbit model. Gastric damage was induced by intragastric instillation of indomethacin [5 mg/mL] for a period of 30 minutes. Histologically, this treatment resulted in extensive vascular congestion and leukocyte margination within the mucosa. Pretreatment with a monoclonal antibody [IB-4] directed against the common beta subunit of the CD11/CD18 adhesion glycoprotein complex significantly (P less than 0.05) reduced both the vasocongestion and the prevalence of leukocyte margination. Macroscopically, indomethacin treatment resulted in the formation of numerous hemorrhagic lesions in the corpus region of the stomach. Pretreatment with IB-4 reduced the extent of gastric hemorrhagic damage by approximately 85% (P less than 0.001). Damage in the group pretreated with IB-4 did not differ significantly from that in rabbits that did not receive indomethacin. In separate experiments, the dose of IB-4 used was shown to completely suppress the recruitment of granulocytes in response to two different agonists. These results support the hypothesis that leukocyte adherence to the vascular endothelium is an important event in the pathogenesis of ulceration induced by nonsteroidal antiinflammatory drugs. Leukocytes might contribute to ulceration by occluding microvessels, thereby reducing mucosal blood flow, and by releasing various mediators, proteases, and free radicals that can produce tissue necrosis.",atenção,0.5183800458908081,0.4816199839115143,0.5183800458908081,urgent,426,True,2|5,digestive system diseases|general pathological conditions,train,Yuvrajxms09/biobert-triage-classifier,0.7,256
"A risk of malignancy index incorporating CA 125, ultrasound and menopausal status for the accurate preoperative diagnosis of ovarian cancer. Age, ultrasound score, menopausal status, a clinical impression score and serum CA 125 level were assessed to see how they could best distinguish between patients with benign (n = 101) and malignant (n = 42) pelvic masses. Each criteria used alone provided statistically significant discrimination. The most useful individual criteria were a serum CA 125 level of 30 U/ml (sensitivity 81%, specificity 75%) and an ultrasound score of 2 (sensitivity 71%, specificity 83%). Three criteria could be combined in a risk of malignancy index (RMI) which is simply calculated using the product of the serum CA 125 level (U/ml), the ultrasound scan result (expressed as a score of 0, 1 or 3) and the menopausal status (1 if premenopausal and 3 if postmenopausal). This index was statistically virtually as effective a discriminant between cancer and benign lesions as more formal methods. Using an RMI cut-off level of 200, the sensitivity was 85% and the specificity was 97%. Patients with an RMI score of greater than 200 had, on average, 42 times the background risk of cancer and those with a lower value 0.15 times the background risk.",normal,0.2461626827716827,0.7538372874259949,0.7538372874259949,non-urgent,309,True,1,neoplasms,train,Yuvrajxms09/biobert-triage-classifier,0.7,256
"18F-2-deoxy-2-fluoro-D-glucose uptake into human tumor xenografts. Feasibility studies for cancer imaging with positron-emission tomography. The positron-emitting glucose analogue 18F-2-fluoro-2-deoxy-d-glucose (FDG) was evaluated for its accretion into the following subcutaneous human tumor xenografts in nude mice: B-cell lymphoma (Namalwa or Raji), ovarian carcinoma (HTB77), colon cancer (SW948), choriocarcinoma (BEWO), bladder cancer (UM-UC-2), renal cell carcinoma (UM-RC-3), neuroblastoma (Mey), melanoma (HTB63), and small cell lung carcinoma (NCI69). Two hours postinjection, tumor uptakes ranged from 0.027 (colon cancer) to 0.125% kg injected dose/g (melanoma); and was greater than 0.085 in the Namalwa lymphomas and the renal cell carcinomas. Tumor-blood ratios of up to 23:1 were seen 2 hours postinjection (melanoma) with a mean tumor-blood ratio for all tumors of 12.3 +/- 1.8. Uptake in the other tumors was intermediate. When evaluated, tumor uptake was slightly greater at 1 than at 2 hours postinjection, although target-background ratios were generally higher at 2 hours postinjection. This compound, FDG, may have broad applicability as a tracer for positron-emission tomographic imaging of many human malignancies.",atenção,0.5353748202323914,0.464625209569931,0.5353748202323914,urgent,401,True,1,neoplasms,train,Yuvrajxms09/biobert-triage-classifier,0.7,256
"Acoustic schwannoma and epidermoid cyst occurring as a single cerebellopontine angle mass. The case of a 66-year-old man with a 3-year progressive hearing loss and a homogeneous left cerebellopontine angle mass on magnetic resonance imaging scan is described. At surgery, the major portion of the mass was a typical encapsulated, solid, acoustic schwannoma, but the most rostral portion was a distinct, flaky, cystic mass without a well-defined capsule, typical of an epidermoid cyst. The radiographic and operative findings of this unique coexistence of two different benign cerebellopontine angle masses are presented.",atenção,0.5343759059906006,0.4656240940093994,0.5343759059906006,urgent,162,False,1|3,neoplasms|nervous system diseases,train,Yuvrajxms09/biobert-triage-classifier,0.7,256
"Amniotic and thromboembolism. Embolic phenomena in pregnancy demand rapid investigation and treatment. Regardless, some patients will not survive due to the enormity of the insult. Optimally, such patients should be treated in tertiary care centers, but this is not always possible.",urgente,0.900256872177124,0.0997430980205535,0.900256872177124,urgent,63,False,4|5,cardiovascular diseases|general pathological conditions,train,Yuvrajxms09/biobert-triage-classifier,0.7,256
"Acute promyelocytic leukemia: impact of hemorrhagic complications on response to induction chemotherapy and survival. From 1976 to 1989, 21 adult patients with previously untreated acute promyelocytic leukemia were seen at the University of Virginia Hospital. We reviewed their cases retrospectively to determine the impact of hemorrhagic complications and other factors on treatment outcome. We observed a complete remission rate of 35%; the median survival in complete responders was 15 months. Evidence of disseminated intravascular coagulation was found in 13 (62%) of the 21 cases at diagnosis. Fatal intracranial hemorrhage was the leading cause of death, occurring in eight (40%) of the 20 patients evaluated. Initial leukocyte count greater than 4.0 x 10(9)/L and platelet count less than 20 x 10(9)/L were significantly associated with an increased risk of intracranial hemorrhage. In patients with disseminated intravascular coagulation, the rate of intracranial hemorrhage was reduced by treatment with heparin. The high mortality of 40% (8/20) due to intracranial hemorrhage during induction was a major contributor to the low complete remission rate of 35% (7/20) in this series of consecutive unselected patients with newly diagnosed acute promyelocytic leukemia.",urgente,0.8711944818496704,0.1288055330514907,0.8711944818496704,urgent,317,True,1|5,neoplasms|general pathological conditions,train,Yuvrajxms09/biobert-triage-classifier,0.7,256
"Allelic variants at insulin-receptor and insulin gene loci and susceptibility to NIDDM in Welsh population. A cohort of 132 well-documented White Welsh non-insulin-dependent diabetic (NIDDM) subjects were genotyped for 5 restriction-fragment-length polymorphisms (RFLPs) at the insulin-receptor gene (IRG) locus and a polymorphic locus 5' to the insulin gene. There was no significant difference in RFLP frequencies between the NIDDM subjects and a group of 87 matched White control subjects. Paired haplotype analysis of the IRG RFLPs suggested a difference between NIDDM and control groups for the endonuclease combinations Bgl II-Rsa I and Bgl II-Xba I. Analysis of implied haplotypes defined by the endonucleases Bgl II, Rsa I, and Xba I revealed one haplotype to be more prevalent in the NIDDM group; whereas, another haplotype was associated with the control group (P less than 0.02). Subset analysis within the NIDDM cohort compared the metabolic response of NIDDM subjects with the differing IRG haplotypes to a standard meal tolerance test. Both groups showed equivalent basal and postprandial glucose excursions, but one group revealed a significantly exaggerated plasma insulin response compared with the other (P less than 0.05). This may reflect the influence of genetic variation at the IRG locus on insulin sensitivity in patients with NIDDM.",normal,0.1065967828035354,0.8934032320976257,0.8934032320976257,non-urgent,347,True,5,general pathological conditions,train,Yuvrajxms09/biobert-triage-classifier,0.7,256
"A prospective, randomized evaluation of the treatment of colorectal cancer metastatic to the liver. Over a 4-year period (1982 to 1986), 91 patients with solitary or multiple metastases from colorectal cancer were stratified, based on findings at laparotomy, to one of three groups and then prospectively randomized to one of two treatment arms within each group. Group A patients had solitary resectable metastases, group B patients had multiple, resectable metastases, and group C patients had multiple, unresectable metastases. Patients were randomized to one of two treatment arms within a group: group A-arm A1: resection only, arm A2: resection and continuous hepatic artery infusion (CHAI) of fluorodeoxyuridine (FUdR); group B-arm B1: resection and CHAI, arm B2: CHAI only; group C-arm C1: CHAI, arm C2: systemic fluorouracil followed by CHAI. Median time to failure (TTF) was 31.8, 11.1, and 8.8 months for groups A, B, and C, respectively. Arm A2 had an improved TTF when compared with arm A1 (P = .03). Median survival correlated with extent of disease and was 37.3, 22.4, and 13.8 months for groups A, B, and C, respectively. Survival was not changed by treatment variation (arms) within each group. Two- and 5-year cumulative survivals for groups A, B, and C were 72.7% and 45.4%; 45.8% and 16.7%; and 31.7% and 3.2%, respectively. In patients with multiple metastases (groups B and C), those patients whose original tumor was a Dukes' B had a significantly improved TTF and survival over those patients whose tumor was a Dukes' C (P less than or equal to .02).",atenção,0.5402656197547913,0.4597344100475311,0.5402656197547913,urgent,437,True,1,neoplasms,test,Yuvrajxms09/biobert-triage-classifier,0.7,256
"Acute respiratory failure caused by pulmonary vasculitis after L-tryptophan ingestion. This report describes two women who presented with severe respiratory failure and diffuse pulmonary infiltrates in the fall of 1989. Both required prolonged assisted ventilation because of severe shunt physiology. Open lung biopsies on admission revealed a small vessel vasculitis as the sole morphologic abnormality in both patients. Both responded to high dose corticosteroids. Neither patient exhibited evidence of systemic vasculitis, and neither had serologic evidence of an immune disorder. Common to both patients was ingestion of L-tryptophan. One patient exhibited several features of the eosinophilia-myalgia syndrome. The other patient did not appear to have the syndrome, but the temporal relationship between the onset of symptoms and initiation of L-tryptophan treatment was striking. The presentation of these patients alters our notions concerning the spectrum of clinical manifestations caused by this agent, and the response to methylprednisolone supports its efficacy in the treatment of this disorder.",urgente,0.8008139133453369,0.1991861313581466,0.8008139133453369,urgent,239,False,4|5,cardiovascular diseases|general pathological conditions,test,Yuvrajxms09/biobert-triage-classifier,0.7,256
"Acute bronchitis: general practitioners' views regarding diagnosis and treatment. A survey was conducted among 800 Dutch general practitioners to establish their views on the diagnosis and treatment of bronchitis and related disorders with reference to 12 theoretical patients. The answers of the 467 respondents (response rate 60%) showed no clear relationship between signs and symptoms of the patients and the diagnosis made. In the authors' opinion the diagnosis of pneumonia was made too often. The decision whether or not to prescribe an antibiotic for a coughing patient was based in part on the diagnosis made, but in part it was also made on the basis of the signs and symptoms, irrespective of the diagnosis. The authors have the impression that general practitioners tend to prescribe antibiotics too quickly to coughing patients. There is a need for guidelines for diagnosis and treatment of patients with acute bronchitis and related conditions.",atenção,0.435294896364212,0.5647051334381104,0.5647051334381104,non-urgent,186,False,5,general pathological conditions,train,Yuvrajxms09/biobert-triage-classifier,0.7,256
"A prospective longitudinal study of observation versus surgical intervention in the management of necrotizing pancreatitis. Pancreatic necrosis is now recognized as a principal determinant of survival in acute pancreatitis. However, it is currently unknown how frequently pancreatic necrosis develops in acute pancreatitis, how often pancreatic necrosis becomes secondarily infected, and whether sterile pancreatic necrosis represents an indication for surgery or can be treated by conservative means. In 194 patients with unequivocal acute pancreatitis, pancreatic necrosis developed in 38 (20%), as documented by dynamic pancreatography, and was confirmed by histologic diagnosis at surgery in 28. All patients were prospectively treated by medical means. Patients with pancreatic necrosis who remained persistently febrile underwent fine needle aspiration for bacterial culture. Infected pancreatic necrosis was demonstrated in 27 of the 38 patients (71%) with pancreatic necrosis and was treated by open drainage, yielding a mortality rate of 15%. All 11 patients with demonstrated sterile pancreatic necrosis, including 6 with pulmonary and renal insufficiency, were successfully treated without surgery. Pancreatic necrosis occurs in approximately 20% of patients with acute pancreatitis and is necessary for the development of secondary pancreatic infection. However, pancreatic necrosis by itself, even when accompanied by organ failure, is not an absolute indication for surgery. A trial of medical treatment for all patients with sterile pancreatic necrosis is in order.",urgente,0.7757725119590759,0.2242274731397628,0.7757725119590759,urgent,349,True,2|5,digestive system diseases|general pathological conditions,train,Yuvrajxms09/biobert-triage-classifier,0.7,256
"Active vs passive rhythms as an explanation of bigeminal rhythm with similar P waves. We describe the criteria for differential diagnosis between 3:2 sinoatrial block from atrial bigeminy due to an ectopic focus in the sinus or parasinus zone. In the 3:2 sinoatrial block the RR interval of the basic rhythm is similar to the short R-R interval of the paired rhythm. In atrial bigeminy, the R-R interval of the basic rhythm is similar to the long R-R interval of the paired rhythm.",atenção,0.3827744126319885,0.6172255873680115,0.6172255873680115,non-urgent,121,False,5,general pathological conditions,train,Yuvrajxms09/biobert-triage-classifier,0.7,256
"Adipsic hypernatremia in two sisters. We describe two sisters with chronic hypernatremia, lack of thirst, and inappropriate osmoregulated vasopressin secretion. Only one sister, who presented with microcephaly and developmental delay, showed signs of dysplasia of the midline structures (ie, septum pellucidum and corpus callosum) and a large intracranial cyst. Neither sister showed any signs of thirst, even when osmolality exceeded 337 mmol/kg. In both patients, the vasopressin secretion did not respond to either osmotic or nonosmotic stimuli or was suppressed by a water load. Plasma osmolality values returned to normal after treatment with forced hydration and a vasopressin analogue, desamino-D-arginine vasopressin. These findings indicate a severe defect in the hypothalamic osmoreceptors that control thirst and vasopressin secretion. To our knowledge, this is the first report of such a disorder in two sisters.",atenção,0.3520390689373016,0.6479609608650208,0.6479609608650208,non-urgent,249,False,3,nervous system diseases,test,Yuvrajxms09/biobert-triage-classifier,0.7,256
Ampullary tumor caused by metastatic renal cell carcinoma. In this paper we report the case of a renal cell carcinoma (RCC) metastatic to the ampullary region. The patient presented with severe anemia due to blood loss from the ampullary tumor 11 years after nephrectomy for the primary renal cancer. The diagnosis was established by means of endoscopy and biopsy.,urgente,0.844512939453125,0.1554870903491974,0.844512939453125,urgent,94,False,1,neoplasms,test,Yuvrajxms09/biobert-triage-classifier,0.7,256
"Alteration of platelet serotonin in patients with chronic tension-type headache during cold pressor test. Change of 5-hydroxytryptamine (5-HT) concentrations in platelets from patients with chronic tension-type headache (TH) and controls were observed during cold pressor test (CPT). Before cold stimulation, 5-HT concentrations in platelets from patients with TH were significantly lower than those found in controls. One minute after the start of cold stimulation, 5-HT levels in platelets from patients with TH were significantly much lower than in the controls, as control levels rose and TH levels fell. The results show that, under stress, the absorbance of 5-HT into the platelets in patients with TH is reduced. It is suggested that, in patients with TH, there are abnormalities of 5-HT uptake into platelets and factors which cause release of 5-HT from platelets.",normal,0.1966649740934372,0.8033350110054016,0.8033350110054016,non-urgent,205,False,3|5,nervous system diseases|general pathological conditions,test|train,Yuvrajxms09/biobert-triage-classifier,0.7,256
"A histologic evaluation of the accuracy of TMJ diagnostic arthroscopy. Sixty-seven temporomandibular joints with internal derangement were examined with arthroscopy, and synovial biopsies were taken for histologic evaluation. Histologically, in 10 cases, the synovium appeared to be normal in appearance, 24 cases had moderate to severe synovitis, 11 cases showed hyperplastic synovitis, 13 cases showed synovial fibrosis, and foreign body granuloma was found in 9 cases. Correlation between arthroscopic observation and histologic findings disclosed an 89.1% specificity and 100% sensitivity.",normal,0.1406576931476593,0.8593422770500183,0.8593422770500183,non-urgent,157,False,5,general pathological conditions,train,Yuvrajxms09/biobert-triage-classifier,0.7,256
"A placebo-controlled trial of maintenance therapy with fluconazole after treatment of cryptococcal meningitis in the acquired immunodeficiency syndrome. California Collaborative Treatment Group. BACKGROUND AND METHODS. In patients with the acquired immunodeficiency syndrome (AIDS), the rate of relapse after primary treatment for cryptococcal meningitis remains high. We conducted a controlled, double-blind trial to evaluate the efficacy of maintenance therapy with fluconazole. At entry into the study, all participants had sterile cultures of cerebrospinal fluid, blood, and urine after following a standardized course of therapy for culture-proved cryptococcal meningitis. The patients were randomly assigned to take either fluconazole or placebo as maintenance therapy. The dose of fluconazole was 100 mg daily in the first phase of study and 200 mg daily in the second phase. RESULTS. Of 84 patients initially enrolled, 16 (19 percent) were found to have silent, persistent infection on the basis of cultures that became positive after entry into the study; 7 other patients were lost to follow-up shortly after entry. Of the remaining 61 patients, 10 of 27 assigned to placebo (37 percent) and 1 of 34 assigned to fluconazole (3 percent) had a recurrence of cryptococcal infection at any site (difference in risk, 34 percent; 95 percent confidence interval, 15 to 53). Of the 11 recurrent infections, 7 were detected in urine obtained after prostatic massage. There were four recurrent meningeal infections in the patients taking placebo, but none in those taking fluconazole (mean duration of follow-up, 164 days) (P = 0.03). In multivariate analyses, the best predictors of recurrence-free survival were fluconazole treatment (P = 0.02; relative hazard, 13.2), a lower serum cryptococcal-antigen titer (P = 0.05; relative hazard, 1.2), and more prolonged primary therapy with flucytosine (P = 0.09; relative hazard, 1.1). Survival and toxicity were similar in the two maintenance-treatment groups. CONCLUSIONS. In patients with AIDS, silent persistent infection is common after clinically successful treatment for cryptococcal meningitis. Maintenance therapy with fluconazole is highly effective in preventing recurrent cryptococcal infection.",atenção,0.5293360948562622,0.4706638753414154,0.5293360948562622,urgent,541,True,3|5,nervous system diseases|general pathological conditions,train,Yuvrajxms09/biobert-triage-classifier,0.7,256
"A prospective randomized evaluation of chronic peritoneal catheters. Insertion site and intraperitoneal segment. The insertion site (midline or through the lateral rectus muscle) and type of chronic dialysis catheter (straight or spiral intraperitoneal segment) were evaluated in a prospective randomized trial. Dialysis catheter complications and catheter survival were the endpoints of evaluation. Eighty-five first catheters were evaluated. Neither race, gender, renal diagnosis, type of catheter, nor insertion site was a determinant of dialysis catheter survival. Overall median catheter survival was 308 days. There were 40 catheter complications (70%, n = 28) that occurred during the first 61 days following insertion. Median time to the first complication occurring within the first 61 days was 3 days. Late catheter removals were due to peritonitis episodes that failed to resolve. Complications are frequent with peritoneal dialysis catheters, and care of the peritoneal dialysis catheters requires constant vigilance.",atenção,0.4611991643905639,0.5388008952140808,0.5388008952140808,non-urgent,248,False,2,digestive system diseases,test,Yuvrajxms09/biobert-triage-classifier,0.7,256
"A T-cell neoplasia showing clinicopathologic features of malignant histiocytosis with novel chromosomal abnormalities and N-ras mutation. Malignant histiocytosis (MH) is a distinct disease entity defined clinically and morphologically. However, the neoplastic origin of MH is not well established. The authors report a 26-year-old woman who showed the typical clinicopathologic features of so-called MH. Cytogenetic and molecular genetic examinations were performed in addition to the morphologic and immunologic approach. The expression of CD2 and T-cell receptor gene rearrangements indicated the T-cell origin of this case. CD30, which is positive for anaplastic large cell lymphoma (Ki-1 lymphoma), was not expressed. The cytogenetic study revealed a clonal chromosome abnormality involving 3q25, 6p21, 11p15, and 11q21. An N-ras point mutation within codon 12 (GGT----GCT) was also detected. These finding indicate that MH defined clinically and morphologically is not a tumor of true histiocytic origin and that it should be reclassified on the basis of immunologic, cytogenetic, and molecular genetic data.",atenção,0.4315237402915954,0.5684762597084045,0.5684762597084045,non-urgent,297,True,1,neoplasms,train,Yuvrajxms09/biobert-triage-classifier,0.7,256
7th nerve palsy after extradural blood patch. We describe a patient who developed a 7th cranial nerve palsy following an extradural blood patch; full recovery followed. The likely aetiology is discussed.,atenção,0.6416215896606445,0.3583784699440002,0.6416215896606445,urgent,49,False,3|5,nervous system diseases|general pathological conditions,test|train,Yuvrajxms09/biobert-triage-classifier,0.7,256
"Acute hypervolaemia increases gastroduodenal resistance to the flow of liquid in the rat. The effect of volume expansion of extracellular fluid on gastroduodenal resistance to the flow of isotonic saline was assessed in three groups of rats using intravenous infusions of isotonic, isotonic-isoncotic, and isotonic-isoncotic-isohaemic solutions. The gastroduodenal segment of 29 male Wistar rats was barostatically perfused at a constant pressure gradient of 4 cm H2O and changes in flow (ml/minute) were taken as a reflection of changes in gastroduodenal resistance. Isotonic expansion led to a 33% drop in gastroduodenal flow compared with the normovolaemic period in the same animals (p less than 0.01). Extracellular fluid expansion with isotonic-isoncotic and isotonic-isoncotic-isohaemic solutions was associated with reductions in gastroduodenal flow of 29% (p less than 0.05) and 31% (p less than 0.01) respectively. The increase in gastroduodenal resistance is due to hypervolaemia per se and not to haemodilution, decreases in plasma oncotic pressure, or electrolyte imbalance. The effect of hypervolaemia on gastroduodenal resistance, which was reversed by small haemorrhages (0.5-1.0 ml per 100 g body weight), may be due to changes in tonus or phasic motor activity, or both, and may be part of the homeostatic processes that help the organism minimise liquid volume excess.",atenção,0.4303703606128692,0.5696296691894531,0.5696296691894531,non-urgent,381,True,5,general pathological conditions,test,Yuvrajxms09/biobert-triage-classifier,0.7,256
"Alpha 1-antitrypsin excretion in stool in normal subjects and in patients with gastrointestinal disorders. Fecal clearance of plasma alpha 1-antitrypsin is used as a measure of protein leakage into the intestinal tract. In this study, the alpha 1-antitrypsin concentration in stool and the plasma clearance of alpha 1-antitrypsin in normal subjects and in a consecutive series of patients with chronic diarrhea, malabsorption, or unexplained hypoalbuminemia was determined. The normal subjects were studied in their usual state and also when they had diarrhea secondary to ingestion of lactulose, sorbitol, sodium sulfate, or phenolphthalein. The study first concluded that induced diarrhea can cause an increase in alpha 1-antitrypsin clearance; if this is not considered in establishing normal values, there may be an overdiagnosis of excess protein leakage in patients with diarrhea. Second, there is a highly significant statistical correlation (P less than 0.001) between alpha 1-antitrypsin clearance and serum albumin concentration. On average, the serum albumin falls below 3.0 g/dL (30 g/L) when the alpha 1-antitrypsin clearance exceeds 180 mL/day, a value that is about threefold higher than the upper limit of normal. Third, three of nine patients with microscopic/collagenous colitis had elevated clearance of alpha 1-antitrypsin; by contrast, abnormal alpha 1-antitrypsin clearance was not found in 23 patients with idiopathic secretory diarrhea. Fourth, fecal alpha 1-antitrypsin concentration is not a reliable index of abnormal alpha 1-antitrypsin clearance.",normal,0.1005639880895614,0.8994359970092773,0.8994359970092773,non-urgent,397,True,2,digestive system diseases,train,Yuvrajxms09/biobert-triage-classifier,0.7,256
Ablation of the cystic duct and the gallbladder. Experimental basis and initial clinical observations. Bipolar radiofrequency electrocoagulation of the cystic duct by catheter can be performed safely and reproducibly using fluoroscopic control and induces endoluminal scar formation. The scar within the cystic duct forms a reliable barrier between the gallbladder and the biliary system and avoids recanalization of the cystic duct at a later date. Sclerotherapy of the isolated gallbladder with 95% ethanol and 3% STS can be performed without toxic or otherwise adverse effects and is suitable to ablate the porcine gallbladder. Initial clinical trials with this new technique on a small number of patients are promising and have demonstrated that the protocol can be applied safely to humans. The electrocoagulation technique by catheter appears suitable to ablate the human cystic duct. Follow-up evaluation of our first patients is under way and must determine whether our regimen is appropriate to ablate the human gallbladder on a long-term basis. Further development of this new approach may eventually enable definitive nonoperative treatment of cholecystolithiasis in selected patients.,atenção,0.4905731678009033,0.5094268321990967,0.5094268321990967,non-urgent,271,True,2,digestive system diseases,train,Yuvrajxms09/biobert-triage-classifier,0.7,256
"A unified hypothesis for the complex genetics of HLA associations with IDDM. Our understanding of the role of HLA genes associated with insulin-dependent diabetes mellitus (IDDM) is in disarray, despite recent improvements in the definition of specific alleles and haplotypes. Some genes are highly associated with IDDM, other genes are associated with resistance to IDDM, and some highly associated susceptibility genes are markedly influenced by trans-associated synergistic effects (DR3/4 heterozygotes) or protective effects (DR2/4 heterozygotes). This plethora of genetic associations has spawned the notion that there are many contributing susceptibility genes, which, in turn, has led to the search for shared structural features among different genes on IDDM-associated haplotypes. From a more mechanistic point of view, however, the wide range of variable IDDM associations, with both cis- and trans-encoded protective and/or synergistic effects, suggests a different approach. This article proposes a hypothesis in which the different HLA associations with IDDM can be simply explained by a single unifying concept: a hierarchy of affinities determines the interaction between a diabetogenic peptide and different class II molecules, and an individual is susceptible to IDDM if the class II molecule in that individual with the highest affinity for such a peptide is a DQ beta susceptibility gene. The explicit formulation of this proposal and its genetic implications provide an explanation for HLA-encoded dominant ""protection"" and for some of the more subtle genetic observations related to cis and trans influences in IDDM susceptibility.",normal,0.0513977259397506,0.9486023187637328,0.9486023187637328,non-urgent,360,True,5,general pathological conditions,test,Yuvrajxms09/biobert-triage-classifier,0.7,256
An epithelial cyst in the cerebellopontine angle. Case report. A case of a benign epithelial cyst in the posterior cranial fossa is described. It had the unique histological feature of a double-layered cuboidal epithelial lining. Detailed immunohistochemical and electron microscopic studies supported an endodermal origin. The differential diagnosis and the histogenesis of epithelial cysts in the central nervous system are discussed.,atenção,0.4287731051445007,0.571226954460144,0.571226954460144,non-urgent,113,False,1|3,neoplasms|nervous system diseases,test|train,Yuvrajxms09/biobert-triage-classifier,0.7,256
"Adaptation to ischemia during percutaneous transluminal coronary angioplasty. Clinical, hemodynamic, and metabolic features The clinical, electrocardiographic, and coronary hemodynamic responses to sequential 90-second occlusions of the left anterior descending coronary artery in 12 patients undergoing elective percutaneous transluminal coronary angioplasty were examined. Transmyocardial lactate metabolism was examined in an additional group of seven patients with clinical and hemodynamic features similar to the first group. We noted that in comparison with the initial balloon occlusion the second occlusion was characterized by less subjective anginal discomfort, less ST segment shift (0.44 +/- 0.13 versus 0.21 +/- 0.07 mV, p = 0.01), and lower mean pulmonary artery pressure (25 +/- 1.0 versus 20 +/- 1.7 mm Hg, p = 0.005). In addition, for the same heart rate-blood pressure product, cardiac vein flow during the second inflation was significantly lower than that recorded during the first inflation (96 +/- 1.4 versus 83 +/- 2.4 ml/min, p = 0.005). Finally, there was significantly less myocardial lactate production during the second inflation (lactate extraction ratio: first inflation, -0.11 +/- 0.03; second inflation, -0.03 +/- 0.02; p = 0.04). We conclude that the lessened clinical, electrocardiographic, hemodynamic, and metabolic evidence of myocardial ischemia during the second of two periods of coronary artery occlusion during percutaneous transluminal coronary angioplasty supports the concept of adaptation to myocardial ischemia (ischemic preconditioning).",atenção,0.3174572587013244,0.6825426816940308,0.6825426816940308,non-urgent,421,True,4,cardiovascular diseases,test,Yuvrajxms09/biobert-triage-classifier,0.7,256
"Acute pulmonary oedema following administration of ornithine-8-vasopressin. We report the case of a patient who developed acute pulmonary oedema following a short and uneventful surgical procedure. Among the differential diagnoses, the role of ornithine-8-vasopressin is emphasized.",urgente,0.7922576069831848,0.207742378115654,0.7922576069831848,urgent,74,False,4|5,cardiovascular diseases|general pathological conditions,train,Yuvrajxms09/biobert-triage-classifier,0.7,256
"AIDS enteropathy: occult enteric infections and duodenal mucosal alterations in chronic diarrhea OBJECTIVE: To investigate occult enteric infections and morphologic changes in the small intestine in patients with advanced human immunodeficiency virus (HIV) infection and chronic diarrhea of undefined cause. DESIGN: Case-control study. SETTING: Referral-based clinic and hospital in tertiary care center. PATIENTS: Twenty-two patients with advanced HIV infection (19 with the acquired immunodeficiency syndrome [AIDS], 3 with AIDS-related complex) with chronic diarrhea, selected because of previously negative stool evaluations for bacterial or parasitic pathogens, were compared with 13 patients with advanced HIV infection (9 with AIDS, 4 with AIDS-related complex) without diarrhea by analysis of endoscopic biopsies using light and electron microscopy, viral culture, and morphometric studies. Both groups were convenience samples and had at least 7 months follow-up. MEASUREMENTS AND MAIN RESULTS: Eleven of twenty-two patients with HIV infection and chronic diarrhea but only 1 of 13 patients without diarrhea showed occult enteric pathogens (that is, undetected by routine studies) after extensive evaluation of duodenal and colorectal biopsies. Mycobacterium avium-intracellulare and microsporidia were the most common occult agents in study patients with diarrhea (5 each). Patients with diarrhea and occult enteric infections had greater weight loss (mean, 14.3 kg compared with 6.2 kg; P less than 0.05) and shorter survival (1 of 11 compared with 8 of 11 still alive; P less than 0.004) than those with diarrhea but no identified pathogens (defined as ""AIDS enteropathy""). Duodenal morphometry showed decreased villus-to-crypt ratios because of villus atrophy and crypt elongation in HIV-infected patients both with and without diarrhea compared with normal controls (P less than 0.001 for each). All three groups showed comparable frequencies of epithelial mitoses. CONCLUSIONS: Further endoscopic biopsy evaluation of patients with AIDS who had unexplained chronic diarrhea showed an occult infectious cause in half of the cases. However, altered villus and crypt architecture in advanced HIV infection was independent of the presence of diarrhea or enteric infection and therefore did not correlate with AIDS enteropathy. Subnormal epithelial proliferation in response to injury could be a factor, but the underlying cause of the architectural changes remains obscure. We suggest that T-cell dysfunction may play a role.",normal,0.2719356417655945,0.7280644178390503,0.7280644178390503,non-urgent,640,True,2|5,digestive system diseases|general pathological conditions,train,Yuvrajxms09/biobert-triage-classifier,0.7,256
"A mutation in the gene for type III procollagen (COL3A1) in a family with aortic aneurysms. Experiments were carried out to test the hypothesis that familial aortic aneurysms, either thoracic or abdominal, are caused by mutations in the gene for type III procollagen (COL3A1) similar to mutations in the same gene that have been shown to cause rupture of aorta and other disastrous consequences in the rare genetic disorder known as Ehlers-Danlos syndrome type IV. A family was identified through a 37-yr-old female captain in the United States Air Force who was scrutinized only because many of her direct blood relatives had died of ruptured aortic aneurysms. The woman was heterozygous for a single-base mutation that converted the codon for glycine 619 of the alpha 1(III) chain of type III procollagen to a codon for arginine. Studies on cultured skin fibroblasts demonstrated the mutation caused synthesis of type III procollagen that had a decreased temperature for thermal unfolding of the protein. The same mutation was identified in DNA extracted from pathologic specimens from her mother who had died at the age of 34 and a maternal aunt who died at the age of 55 of aortic aneurysms. Examination of DNA from samples of saliva revealed that the woman's daughter, her son, a brother, and an aunt also had the mutation. The results demonstrated that mutations in the type III procollagen gene can cause familial aortic aneurysms and that DNA tests for such mutations can identify individuals at risk for aneurysms.",normal,0.2859809398651123,0.7140190601348877,0.7140190601348877,non-urgent,376,True,4,cardiovascular diseases,train,Yuvrajxms09/biobert-triage-classifier,0.7,256
"A retrospective analysis of therapy for acute graft-versus-host disease: initial treatment. We have reviewed results of therapy in 740 patients with grades II-IV acute graft-versus-host disease (GVHD) after allogeneic marrow transplantation. At the beginning of therapy, 597 patients (81%) had rash, 369 (50%) had liver dysfunction and 396 (54%) had gut dysfunction. Initial treatment was with glucocorticoids (n = 531), cyclosporine (n = 170), antithymocyte globulin (ATG) (n = 156) or monoclonal antibody (n = 3) either singly (n = 633) or in combination (n = 107). Parameters of GVHD severity in each organ were recorded weekly, and evaluation of response was made using values at the initiation of secondary treatment or, for patients without such treatment, using values on day 29 of primary treatment or the last recorded value before death, whichever occurred first. Minimal criteria for improvement or progression were defined for each organ, but no attempt was made to define liver or gut outcome if another complication such as venocclusive disease or infectious enteritis was present. Improvement rates were 43% for skin disease, 35% for evaluable liver disease and 50% for evaluable gut disease. Overall complete or partial responses were seen in 44% of patients. Multivariate analyses were carried out to identify patient, disease or treatment factors associated with likelihood of overall improvement and likelihood of response in at least one organ. A similar analysis was also carried out to identify covariates associated with time to treatment failure (defined as initiation of secondary therapy or death not due to relapse of malignancy). In all three models, GVHD prophylaxis using cyclosporine combined with methotrexate was associated with favorable GVHD treatment outcome compared to prophylaxis with either agent alone, and treatment with glucocorticoids or cyclosporine was more successful than treatment with ATG. Other factors associated with unfavorable outcome in the model of time to treatment failure and also entered in one of the response models were recipient HLA disparity with the donor, presence of a liver complication other than GVHD, and early onset of GVHD. Results of this analysis indicate that glucocorticoids represent the best initial therapy available for treatment of acute GVHD, although much room for improvement remains.",atenção,0.4542916119098663,0.5457083582878113,0.5457083582878113,non-urgent,552,True,2,digestive system diseases,test,Yuvrajxms09/biobert-triage-classifier,0.7,256
"An analysis of the results of mammographically guided biopsies of the breast. Three hundred and fifty-three women underwent 358 biopsies of the breast for nonpalpable mammographic lesions during a five year period. Cancer was identified in 95 (27 per cent). Mammographic findings in the patients with cancer were calcifications only (54 per cent), a mass (27 per cent), a mass with calcifications (15 per cent), an asymmetric distortion (1 per cent) and an asymmetric distortion with calcifications (3 per cent). Cancer was identified in 29 per cent of the biopsies done for calcifications, 20 per cent of those done for a mass with calcifications, 6 per cent of those done for an asymmetric distortion and 38 per cent of those done for an asymmetric distortion with calcifications. Forty-nine per cent of the mammographically suspicious calcifications were cancer, while 100 per cent of the indeterminate calcifications were benign. Forty-five per cent of the spiculated masses were cancerous, while only 3 per cent of the circumscribed masses were malignant. For those patients with carcinoma undergoing axillary lymph node dissection, 13 per cent had one or more positive nodes. A strategy for increasing the effectiveness of mammographically guided biopsies of the breast is presented.",atenção,0.3260611295700073,0.6739389300346375,0.6739389300346375,non-urgent,322,True,1,neoplasms,train,Yuvrajxms09/biobert-triage-classifier,0.7,256
"A double-blind comparative study of doxazosin and prazosin when administered with beta-blockers or diuretics. The antihypertensive efficacy and safety of doxazosin (once daily) and prazosin (twice daily) were compared in patients with mild or moderate essential hypertension (diastolic blood pressure [DBP] 95 to 114 mm Hg) not adequately controlled by diuretics and beta-blockers. Doxazosin produced significantly greater mean reductions in standing (p = 0.01) and supine (p = 0.04) DBP than did prazosin; there were no significant between-group differences in either mean systolic blood pressure or heart rate. The overall mean daily doses for efficacy-evaluable patients were 4.7 mg of doxazosin and 6.7 mg of prazosin. Sixteen patients (84.2%) treated with doxazosin and 13 patients (56.5%) treated with prazosin were considered therapeutic successes (decrease in standing DBP greater than or equal to 10 mm Hg or to less than or equal to 90 mm Hg with greater than or equal to 5 mm Hg reduction from baseline). Of the 19 efficacy-evaluable patients treated with doxazosin, 15 (78.9%) showed improvement in the severity category of hypertension; an improvement in severity was reported in 14 patients (60.9%) treated with prazosin. Doxazosin produced a more favorable effect on serum lipid levels than did prazosin, although no statistically significant within- or between-group differences were observed. Most side effects experienced with either doxazosin or prazosin were mild or moderate and were tolerated or disappeared with continued treatment. The overall evaluation of toleration was excellent or good for 18 (90%) doxazosin- and 21 (91%) prazosin-treated patients. Clinical efficacy was rated as excellent or good for 16 patients (80%) treated with doxazosin and 15 patients (68%) treated with prazosin.",normal,0.1872902363538742,0.8127097487449646,0.8127097487449646,non-urgent,462,True,4,cardiovascular diseases,test,Yuvrajxms09/biobert-triage-classifier,0.7,256
"Adaptive hyperphagia in patients with postsurgical malabsorption. The specific nutritional consequences of malabsorption after small-bowel surgery were studied in a consecutive series of 48 ambulatory patients who had had small-bowel resection (n = 43) or bypass (n = 5) and in 10 patients who had an ileal pouch (n = 10). The patients received a 3-day standardized oral regimen providing daily 30 kcal/kg of ideal body weight (IBW). Throughout the study, 41 patients had malabsorption (fecal fat greater than 5%); 17 had fecal fat less than 5% and served as controls. The malabsorption patients absorbed 70% of protein and 71% of fat. Twenty-one were normonourished and 20 had features of mild energy malnutrition, vs. 15 and 2 controls, respectively. Compared with controls, malabsorption patients had decreased body weight and triceps skin-fold but no features of protein malnutrition. their mean daily food intake at home was significantly enhanced (39.6 +/- 13.1 kcal/IBW kg) vs. controls (28.8 +/- 5.8 kcal/IBW kg, P less than 0.001). In the malabsorption group, caloric intake was higher in the normonourished patients than in those with mild malnutrition. This study shows that a chronic malabsorption has limited nutritional consequences. The patients compensate for their absorptive handicap by increasing their oral intake.",normal,0.1227656230330467,0.8772343397140503,0.8772343397140503,non-urgent,354,True,5,general pathological conditions,train,Yuvrajxms09/biobert-triage-classifier,0.7,256
"An alternative oxygen delivery system for infants and children in the post-anaesthesia care unit. This randomized controlled trial compared the compliance of a blow-by oxygen method with the standard face mask by children recovering from anaesthesia. The rate at which a face mask was rejected when applied to infants and children in PACU was compared with that of a proposed ""hose"" method. The efficacy of the ""hose"" as a method of oxygen supplementation in children at low and high risk for developing postoperative hypoxaemia was also compared with the face mask. Using a Nellcor N-200 pulse oximeter, 66 infants and children (mean age 2.3 yr, range 2 mo-6 yr) were continuously monitored for 30 min upon arrival in the PACU. Patients were randomized to receive oxygen supplementation with either the face mask or the proposed ""hose"" method. The results showed a greater than 80 per cent rejection of the face mask in contrast to 100 per cent compliance with the ""hose"" method. The SaO2 measurements following 5, 15 and 30 min of O2 supplementation with the hose were all significantly higher than the SaO2 measurements obtained on room air upon arrival to the PACU. Patients with pre-existing cardiopulmonary disease had a 20 per cent incidence of arterial oxygen desaturation upon arrival to the PACU versus 2.1 per cent of patients with no pre-existing disease. It is concluded that the ""hose"" is associated with high patient compliance and is effective in the PACU in increasing the SaO2 in children at low or high risk of developing postoperative hypoxaemia.",atenção,0.4896874725818634,0.5103124976158142,0.5103124976158142,non-urgent,351,True,5,general pathological conditions,train,Yuvrajxms09/biobert-triage-classifier,0.7,256
"Accuracy of prospective two-dimensional/Doppler echocardiography in the assessment of reparative surgery. Between January 1987 and January 1989, all 129 patients (aged 11 days to 25 years, median 39 months) undergoing both an echocardiographic examination and cardiac catheterization after reparative surgery were prospectively included in a study to assess the accuracy of combined two-dimensional and Doppler color flow imaging. The patient diagnoses were transposition of the great arteries (n = 20), tetralogy of Fallot (n = 38), coarctation of the aorta (n = 24), complete atrioventricular (AV) canal (n = 15), atrial septal defect (n = 8), ventricular septal defects (n = 3), pulmonary stenosis (n = 4), aortic stenosis (n = 8) and subaortic stenosis (n = 9). In arterial tract stenosis, there was high correlation between Doppler estimates and catheterization-derived measurements of residual right ventricular outflow tract obstruction in patients after the arterial switch operation for transposition of the great arteries (r = 0.95) as well as in patients after corrective repair of tetralogy of Fallot (r = 0.84). In semilunar/AV valve regurgitation, graded as none, mild, moderate or severe, echocardiographic estimates correlated exactly with angiographic grading in 84% and differed by one angiographic grade in the other 16%. In residual left to right shunting, no hemodynamically significant shunt was missed by echocardiography. For residual shunts at the ventricular level (n = 32), addition of Doppler color flow imaging improved the sensitivity (from 63% to 94%) and the negative predictive value (from 88% to 98%). In elevated right ventricular pressure, Doppler-derived right ventricular-right atrial pressure estimates in 24 patients correlated well with catheterization measurements (r = 0.93). Combined two-dimensional and Doppler color flow echocardiography was highly accurate in the prospective evaluation of these four types of postoperative residual.",atenção,0.4385868608951568,0.5614131093025208,0.5614131093025208,non-urgent,504,True,4,cardiovascular diseases,train,Yuvrajxms09/biobert-triage-classifier,0.7,256
"An early description of slowly progressive aphasia. Slowly progressive aphasia without generalized dementia has become an important issue of present-day neuropsychological research. Historically, credit for the first description is usually given to Pick. Another German-speaking author who has published a vivid description of a pertinent cases is Pick's contemporary, Max Rosenfeld. This author has also observed a patient with slowly progressive spatial disorientation and visual recognition deficit, and he has discussed these patients in a remarkably modern way in the context of partial atrophy of the brain.",normal,0.1911560893058776,0.8088438510894775,0.8088438510894775,non-urgent,120,False,3,nervous system diseases,train,Yuvrajxms09/biobert-triage-classifier,0.7,256
Active drainage of cardiac lymph in relation to reduction in size of myocardial infarction: an experimental study. Active drainage of cardiac lymph using hyaluronidase was attempted in dogs. The results were satisfactory and the ischemic myocardium was salvaged. The infarct risk area (I/R) ratio decreased after drainage. Regional myocardial ischemia and infarction were provided by means of ligature of the left coronary artery for 120 and 240 minutes respectively. Cardiac lymph was collected by conventional procedures. Enzymes released from the myocardium increased significantly in the cardiac lymph. The volume of cardiac lymph gradually increased after ligature of the coronary artery. Administration of hyaluronidase further increased the cardiac lymph flow and significantly decreased the I/R ratio as determined by triphenyl tetrazolium chloride (TTC) and methylene blue staining. Drainage of the cardiac lymph salvaged the ischemic myocardium. Reduction of interstitial edema and augmentation of cardiac lymph flow with the hyaluronidase prevented the development of the infarction. This is the first documentation of the effect of active drainage of cardiac lymph on the development of infarction through observation of the I/R ratio.,urgente,0.7175763845443726,0.2824236154556274,0.7175763845443726,urgent,287,True,4,cardiovascular diseases,train,Yuvrajxms09/biobert-triage-classifier,0.7,256
"A six-amino acid deletion in basic fibroblast growth factor dissociates its mitogenic activity from its plasminogen activator-inducing capacity. A recombinant deletion mutant of the 155-amino acid form of human basic fibroblast growth factor (bFGF), lacking amino acid residues 27-32 (Lys-Asp-Pro-Lys-Arg-Leu), was expressed in Escherichia coli and purified to homogeneity by heparin-Sepharose affinity chromatography. When maintained in the presence of an equimolar concentration of soluble heparin, the bFGF mutant (M1-bFGF) is as potent as bFGF in stimulating cell proliferation in normal and transformed fetal bovine aortic endothelial cells, in adult bovine aortic endothelial cells, and in NIH 3T3 fibroblasts. However, under the same experimental conditions, M1-bFGF is at least 100 times less efficient than bFGF in stimulating plasminogen activator (PA) production in endothelial cells, as assayed by chromogenic PA assay, SDS/PAGE zymography, and Northern blot analysis of urokinase-type PA mRNA. In the presence of heparin, M1-bFGF binds to bFGF plasma membrane receptors present on endothelial cells in a manner undistinguishable from bFGF. It also induces the same tyrosine phosphorylation pattern when added to NIH 3T3 cells. The data suggest that the PA-inducing activity of bFGF may depend upon a functional domain that differs from those involved in the mitogenic activity of the growth factor and that the binding of bFGF to its plasma membrane receptor may not be sufficient to induce urokinase-type PA production in endothelial cells.",normal,0.2245723307132721,0.7754276990890503,0.7754276990890503,non-urgent,444,True,5,general pathological conditions,test,Yuvrajxms09/biobert-triage-classifier,0.7,256
"A clinicopathological study of the paraneoplastic neuromuscular syndromes associated with lung cancer. The highest incidence of remote neuromuscular disorders in cancer has previously been reported in lung carcinoma. The clinical incidence of neuromuscular disorder was estimated and correlated with muscle histology and the histological type of lung tumour in 100 patients with lung carcinoma who were studied prospectively. Thirty-five patients had small cell carcinoma and 65 patients non-small cell lung cancer. Clinically, 33 patients had a polymyopathy, of whom 18 had a cachectic myopathy and 15 had a proximal myopathy (two patients had Lambert-Eaton myasthenic syndrome, one presented with dermatomyositis and one had evidence of ectopic ACTH production). Cachexia was more common in non-small cell cancer; proximal myopathy was more common in small cell cancer. Ninety-nine patients had abnormal muscle histology; 74 had type II atrophy, 12 had type I and II atrophy, one had type I atrophy and 12 had necrosis. The majority of patients were affected sub-clinically and the clinical entities of cachectic and proximal myopathy did not correspond to previous pathological classifications. Atrophy was not related to the duration of tumour symptoms, ageing, clinical type of myopathy or histological type of lung tumour, and was statistically different from that seen in controls. Qualitatively, the presence of weight loss, muscle wasting and metastatic disease were not factors in the development of atrophy. Similarly, necrosis was not related to the type of lung tumour, the presence of metastases, ageing, weight loss, muscle wasting, duration of tumour symptoms or the clinical form of myopathy. This study demonstrates that lung carcinoma has a direct effect on the motor unit, including atrophy, a necrobiotic myopathy and Lambert-Eaton myasthenic syndrome. Clinical assessment does not accurately assess the 'remote' neuromuscular effects of cancer on the motor unit.",atenção,0.4562558531761169,0.5437441468238831,0.5437441468238831,non-urgent,457,True,1|3|5,neoplasms|nervous system diseases|general pathological conditions,test|train,Yuvrajxms09/biobert-triage-classifier,0.7,256
"A simple stress test for the evaluation of hypothalamic-pituitary-adrenal axis during the first 6 months of life. In 33 normal infants, divided into 3 age groups (less than 1 month, 1-3 months, and 3-6 months) plasma cortisol was measured at 2230, 2300, and 2330 h. Baseline plasma cortisol at 2230 h. was, as expected, low in all infants, with mean +/- SEM values of 41 +/- 5, 72 +/- 14, and 97 +/- 17 nmol/L in each group, respectively. Thirty and 60 min after the painful stimulus of the venipuncture, plasma cortisol increased significantly (P less than 0.0005), reaching a maximum increase up to 458 +/- 50, 392 +/- 66, and 455 +/- 97 nmol/L in each age group, respectively. We conclude that in these infants the hypothalamic-pituitary-adrenal axis was functionally intact and responded to the painful stimulus of the venipuncture by a significant increase in plasma cortisol. This test may be used as a simple procedure for the evaluation of the integrity of the hypothalamic-pituitary-adrenal axis without the administration of pharmacological agents. Its usefulness, however, should be validated with patients having a disorder of the system.",normal,0.19171242415905,0.8082875609397888,0.8082875609397888,non-urgent,317,True,5,general pathological conditions,train,Yuvrajxms09/biobert-triage-classifier,0.7,256
"ACTH therapy in infantile spasms: relationship between dose of ACTH and initial effect or long-term prognosis. The relationship between the dose of ACTH and the initial effect was investigated in 41 children with infantile spasms. More than 0.015 mg (0.6 IU)/kg/day of ACTH was needed for a good initial response of seizures and electroencephalographic abnormalities. The relationship between the dose of ACTH and long-term prognosis was investigated in 29 patients. There was no relationship between the daily or total ACTH dosage, provided the dose was greater than 0.015 mg (0.6 IU)/kg/day, and the outcome of seizures and electroencephalographic abnormalities; however, ACTH 0.04-0.06 mg (1.6-2.4 IU)/kg/day and a total ACTH dose of 1.1-1.5 mg (44-60 IU)/kg resulted in better mental development than smaller doses of ACTH. Side effects of ACTH increased with dosage. Too small or too large a dose of ACTH does not lead to better mental development. The proper dose of ACTH should be used with careful attention to potential side effects.",normal,0.2674365639686584,0.7325634360313416,0.7325634360313416,non-urgent,274,True,3,nervous system diseases,test,Yuvrajxms09/biobert-triage-classifier,0.7,256
"A comparison of induction and maintenance therapy for acute nonlymphocytic leukemia in childhood: results of a Pediatric Oncology Group study. Two hundred fifty-six children with previously untreated acute nonlymphocytic leukemia (ANLL) were evaluated on a Pediatric Oncology Group (POG) phase III randomized trial of both induction and continuation chemotherapies. Induction therapy compared vincristine, cytarabine, and dexamethasone (VADx) with daunorubicin, cytarabine, and thioguanine (DAT). The complete remission (CR) rate using DAT was superior (82% v 61%, P = .02). Postremission therapy consisted of either ""standard"" two-cycle therapy or a more intensive four-cycle regimen given for 2 years. Overall, there was no difference in outcome for patients randomized to either continuation regimen. The overall complete continuous remission rate (CCR) for the ""best"" induction/continuation therapy combination at 2 years was .50 (SE = .06), at 3 years was .35 (.04), and at 4 years was .34 (.05). Analysis of selected clinical and laboratory parameters demonstrated differences in induction responses favoring DAT induction but did not impact eventual disease-free survival. There were two subgroups of patients who responded better to four-cycle continuation therapy. These were patients with French-American-British (FAB) M1/M2 (2-year CCR was .20 v .44, P = .01) and patients older than 10 years at diagnosis (.32 v .62, P = .004).",atenção,0.4282392859458923,0.5717607140541077,0.5717607140541077,non-urgent,367,True,1|5,neoplasms|general pathological conditions,train,Yuvrajxms09/biobert-triage-classifier,0.7,256
"A multicenter study of doxazosin in the treatment of patients with mild or moderate essential hypertension and concomitant intermittent claudication. This study assessed the efficacy and safety of once-daily doxazosin in the treatment of patients (n = 19) with mild or moderate essential hypertension (sitting diastolic blood pressure [DBP] 95 to 114 mm Hg) and concomitant intermittent claudication (Doppler ankle/arm ratio of less than 0.80 and walking tolerance of less than 700 m on the treadmill). After 14 weeks of treatment with doxazosin, a significant (p less than 0.05) reduction in systolic blood pressure and DBP was observed. Mean blood pressures were reduced from 170/100 mm Hg at baseline to 161/93 mm Hg at the end of treatment. Minor changes in heart rate occurred, which with continued treatment were not statistically significant from baseline. In 12 of 16 (75.0%) efficacy-evaluable patients blood pressure was normalized (DBP to less than or equal to 90 mm Hg with an greater than or equal to 5 mm Hg reduction from baseline) with a mean daily dose of 7.6 mg/day. Doxazosin improved the hypertension severity category in 13 of 16 (81.3%) patients. The blood pressure ratios between both the thighs and arms and ankles and arms showed no statistically significant changes after treatment with doxazosin. Thigh blood flow at rest and the reactive hyperemia after 3 minutes of arterial occlusion did not change statistically. There was a tendency for pain-free distance to improve. Laboratory data were not significantly changed after treatment with doxazosin. Of the 19 patients studied, 5 reported mild or moderate side effects that were either tolerated or disappeared with continued treatment. No patient had therapy withdrawn and no patient required a dose reduction.",normal,0.2581115961074829,0.7418884038925171,0.7418884038925171,non-urgent,416,True,4,cardiovascular diseases,train,Yuvrajxms09/biobert-triage-classifier,0.7,256
"Adjuvant chemotherapy for primary lymphoma of the central nervous system. Ten immunocompetent patients with primary non-Hodgkin's lymphoma of the central nervous system were treated by the neuro-oncology service at the University of California at San Francisco (UCSF). After undergoing surgery for biopsy or removal of their tumors, these patients (group 1) received irradiation with hydroxyurea followed by adjuvant chemotherapy with the combination of procarbazine, lomustine (CCNU), and vincristine. The outcome of treatment in this group was compared with that in three other groups of patients with primary CNS lymphoma: patients treated at the UCSF Cancer Research Institute who underwent surgery and radiation therapy (RT) (group 2); patients described in the literature who had surgery and RT (group 3); or patients described in the literature who had surgery, RT, and chemotherapy (group 4). Median and quartile survival times were greater in patients who received adjuvant chemotherapy (group 1, 30 and 50 months; group 4, 20 and 25 months) than in patients who did not receive chemotherapy after RT (group 2, 13 and 20 months; group 3, 15 and 24 months). These results suggest that adjuvant chemotherapy is useful in the treatment of primary CNS lymphoma.",atenção,0.6293103694915771,0.3706896007061004,0.6293103694915771,urgent,307,True,3,nervous system diseases,train,Yuvrajxms09/biobert-triage-classifier,0.7,256
"A multicentre follow-up study of 1152 patients with myasthenia gravis in Italy. A multicentre retrospective study was carried out on the characteristics and course of myasthenia gravis (MG) in Italy. Data from 1152 patients, fairly representative of the myasthenic population seeking medical advice, were analysed for diagnostic criteria, clinical aspects and therapeutic approaches. Mean follow-up was 4.9 years. The disease was correctly diagnosed within 2 years of the onset in 80% of cases. Onset of symptoms peaked in the second and third decade in females and fell between 20 and 59 years in males. At first observation 87% of the patients had generalized MG. Maximal worsening was observed within 3 years in 77% of patients. At the last follow-up, 35% of cases were symptom-free (pharmacological remission 24%, remission without treatment 11%). The more severe the disease at the first observation and at the maximal worsening of symptoms, the lower was the proportion of remissions. Steroids were given in 54% and immunosuppressants in 18%. Thymectomy was performed in 72%, mostly in women, younger than age 40, and with generalized MG. Thymectomy seemed to improve the course of the disease, mostly in patients operated on shortly after diagnosis and those with generalized mild-to-moderate disease and with a normally involuted thymus. MG was lethal in 4% of patients, principally men, older than 40, in grade 3 or worse at first observation, with a short history of disease, and with thymona.",normal,0.2485455572605133,0.7514544725418091,0.7514544725418091,non-urgent,352,True,1|3,neoplasms|nervous system diseases,train,Yuvrajxms09/biobert-triage-classifier,0.7,256
"A double-blind study of deflazacort and prednisone in patients with chronic inflammatory disorders. Deflazacort and prednisone were given to 26 patients with rheumatoid arthritis, polymyalgia rheumatica, or other chronic inflammatory diseases, in a double-blind study. Deflazacort rapidly and effectively suppressed disease activity in a manner supporting its assumed therapeutic potency of 83% that of prednisone. Prednisone induced a rapid increase in the level of daily calcium excretion that was not evident with deflazacort. Cortisol secretion was acutely inhibited by prednisone, but not by deflazacort. Neither corticosteroid had a significant effect on glucose metabolism, at the doses studied. Treatment with deflazacort may be an effective alternative to prednisone treatment, with fewer adverse effects on levels of calcium and cortisol, in patients with severe inflammatory conditions warranting the use of glucocorticoids.",normal,0.1068284288048744,0.8931716084480286,0.8931716084480286,non-urgent,224,False,5,general pathological conditions,train,Yuvrajxms09/biobert-triage-classifier,0.7,256
"Accuracy and reproducibility of quantitative coronary arteriography using 6 and 8 French catheters with cine angiographic acquisition. To determine the suitability of 6 French catheters for quantitative coronary arteriography, the relative accuracy and reproducibility of one type of these catheters was compared to that obtained with standard 8 French catheters in 20 stenoses. Duplicate injections with polyurethane 6 French catheters were obtained using hand and power injection technique with cineangiographic acquisition (four 6 French catheter injections total per stenosis). Measurements of both percent diameter stenosis and absolute dimensions were compared to those obtained with hand injection and cine acquisition using 8 French catheters as a ""gold standard."" While the reproducibility of dimension determination with the 6 French catheter was generally similar to that obtained with the 8 French catheter (0.27 +/- 0.23 mm for absolute diameter and 8.1 +/- 7.4% for percent diameter stenosis), accuracy was significantly less for the 6 French catheter for measurement of absolute dimensions. Thus, while apparently well suited for serial measurements of the same stenoses, 6 French catheters may not be as accurate in the determination of absolute artery dimensions as 8 French catheters.",normal,0.2245035916566848,0.7754963636398315,0.7754963636398315,non-urgent,298,True,4,cardiovascular diseases,train,Yuvrajxms09/biobert-triage-classifier,0.7,256
"A controlled trial of nebulized isoetharine in the prehospital treatment of acute asthma. Acute asthma is a potentially life-threatening disorder, recognizable to the prehospital care provider. While therapies are available to the prehospital care provider for treating acute asthma, no previous controlled studies have been performed demonstrating the treatment in the field is efficacious and safe. The authors conducted a controlled trial of the prehospital use of nebulized isoetharine in an urban emergency medical services system. Fifty-two patients with acute asthma were studied. Patients were initially evaluated with a peak flow meter. Half of the patients received isoetharine, while the control group received basic life support only. There was no difference in baseline values. Peak expiratory flow increased from 138 L/min to 148 L/min in the control group, while it increased from 149 L/min to 218 L/min in the treatment group (P less than .001). The authors conclude that paramedic treatment of acute asthma with nebulized isoetharine is effective in improving pulmonary function and clinical status during transport.",urgente,0.8623755574226379,0.137624442577362,0.8623755574226379,urgent,253,False,5,general pathological conditions,train,Yuvrajxms09/biobert-triage-classifier,0.7,256
"A valved hepatic portoduodenal intestinal conduit for biliary atresia. Forty-six consecutive patients with biliary atresia were operated on at our institution during the 11-year period between 1978 and 1989. Their ages at operation ranged from 18 to 153 days (mean, 59 days). After dissecting the porta hepatis structures by Kasai operation, a biliointestinal anastomosis was constructed with a valved hepatic portoduodenal intestinal conduit in all cases. The intestinal valve is an intussuscepted muscular valve. Valvular function was examined radiologically. The upper gastrointestinal series demonstrated no reflux of contrast material into the conduit proximal to the valve and liver scintigraphy demonstrated that radioactive isotope drained readily into the duodenum through the valve. Thirty-nine of the forty-six patients (85%) had bile drainage after initial operation. At present 30 patients (65%) are alive without jaundice, 6 (13%) are alive with jaundice, and 10 (22%) are dead. The 5-year jaundice-free survival rate was 64%. Cholangitis occurred in 9 of 39 patients (23%) who had obtained apparent bile drainage: 5 had tractable cholangitis and 4 had refractory cholangitis. Reoperation restored bile flow in 2 of 8 patients who abruptly ceased to have bile drainage without cholangitis. In conclusion, with a valved hepatic portoduodenal intestinal conduit, the incidence of cholangitis was decreased, its medical control became easier, and the survival rate was improved.",atenção,0.6275692582130432,0.372430682182312,0.6275692582130432,urgent,384,True,2|5,digestive system diseases|general pathological conditions,test|train,Yuvrajxms09/biobert-triage-classifier,0.7,256
"A prospective comparison of rubidium-82 PET and thallium-201 SPECT myocardial perfusion imaging utilizing a single dipyridamole stress in the diagnosis of coronary artery disease The purpose of the present study is to prospectively compare myocardial perfusion imaging with rubidium-82 (82Rb) by positron emission tomography (PET) with thallium-201 (201Tl) imaging by single-photon emission tomography (SPECT) by recording both studies with a single dipyridamole handgrip stress, and reading both sets of images with the same display technique. In a series of 202 patients with previous coronary arteriography, the sensitivity, specificity, and accuracy of 82Rb PET were 93%, 78%, and 90% and for 201Tl SPECT 76%, 80%, and 77%, respectively. When 70 patients with previous therapeutic interventions were excluded, the remaining 132 patients showed a sensitivity, specificity, and accuracy of 95%, 82% and 92% for 82Rb PET and 79%, 76%, and 78% for 201Tl SPECT. The improved contrast resolution of PET resulted in markedly superior images and a more confident identification of defects.",atenção,0.3590264618396759,0.6409735679626465,0.6409735679626465,non-urgent,280,True,4,cardiovascular diseases,train,Yuvrajxms09/biobert-triage-classifier,0.7,256
"A novel treatment for ischemic intracranial hypertension in cats. There is no accepted efficacious treatment for ischemic cerebral edema. We show in a cat model of focal cerebral ischemia that infarct volume can be reduced (p less than 0.05) by ventriculocisternal perfusion with an oxygenated fluorochemical emulsion (bis-perfluorobutylethylene). An accompanying effect of such ventriculocisternal perfusion is a reduction in intracranial pressure. At 18 hours following the start of the perfusion, there was a significant (p less than 0.05) difference in intracranial pressure between nonperfused controls (mean 11.4 [range 2.3-23.0] torr, n = 6) and cats perfused with an oxygenated nutrient solution not containing fluorochemical (mean 11.3 [range 3.0-29.0] torr, n = 8) or animals perfused with the oxygenated fluorochemical emulsion (mean 2.21 [range 0-3.5] torr, n = 7). Perfusion with this oxygenated fluorochemical emulsion warrants further study as a treatment for elevated intracranial pressure.",atenção,0.6576890349388123,0.3423109650611877,0.6576890349388123,urgent,282,True,3,nervous system diseases,train,Yuvrajxms09/biobert-triage-classifier,0.7,256
"Afferent nipple valve malfunction caused by anchoring collar: an unexpected late complication of the Kock continent ileal reservoir. In the construction of a Kock continent ileal reservoir for urinary diversion, significantly high rates of late postoperative complications regarding nipple valves, the efferent limb in particular, have been reported. There are only a few reports on afferent nipple valve malfunction. A total of 42 patients who underwent a Kock pouch operation and were observed for more than 12 months (mean 38 months) was evaluated in terms of afferent nipple valve malfunction. Late afferent nipple valve complications were observed in 10 of the 42 patients (24%). These complications included erosion of the polyester fiber fabric used as a collar (5 patients), stenosis of the afferent limb (2) and obstruction of the afferent nipple by a mucous plug or fungus ball (3). The latter 2 complications were due to mechanical or dynamic obstruction of urine flow caused by a nonabsorbable collar. None of the 10 patients had problems with efferent nipple valve function. Our results suggest that the peristaltic direction of the intestine and the use of nonabsorbable material as a collar are primarily responsible for the late afferent nipple valve complications. Further modifications are needed to produce a stable nipple valve. Otherwise, simpler and more reliable alternative techniques of antireflux anastomosis should be considered.",normal,0.1764687001705169,0.8235312700271606,0.8235312700271606,non-urgent,319,True,5,general pathological conditions,train,Yuvrajxms09/biobert-triage-classifier,0.7,256
"Absent or minimal cerebrospinal fluid abnormalities in Haemophilus influenzae meningitis. A case of Haemophilus influenzae type b (Hib) meningitis in which the diagnosis and treatment were delayed because of normal cerebrospinal fluid analysis is presented. A retrospective review was conducted at two children's hospitals to determine the frequency and clinical characteristics of patients with Hib meningitis whose spinal fluid had a normal total white blood cell count, normal chemistries, and negative Gram stain, but subsequent growth of Hib in culture. Of 379 cases of Hib meningitis, two had completely normal CSF, and two had CSF containing small numbers of polymorphonuclear cells as the sole abnormality. In three of the four cases, the duration of symptoms was less than 24 hours, and appropriate therapy was significantly delayed because of benign-appearing CSF. Normal CSF cell counts, chemistries, and Gram stain do not exclude the possibility of bacterial meningitis, and one should remain suspicious when a child has clinical findings suggesting meningitis.",urgente,0.7634532451629639,0.2365467548370361,0.7634532451629639,urgent,237,False,5,general pathological conditions,train,Yuvrajxms09/biobert-triage-classifier,0.7,256
"Acquired childhood aphasia. Outcome 1 year after onset. The effects of the variables age at onset, cause, severity and bilaterality of lesion, and type of aphasia on course and outcome were investigated in a group of 28 aphasic children. Analysis of spontaneous speech and tests of auditory verbal comprehension were used to determine the presence of aphasia. The severity of the cerebral lesion was assessed using a rating scale for computed tomographic scans. Most of the children had not recovered completely 1 year after onset. Recovery was significantly different according to etiological categories. Complete recovery was seen in the majority of traumatic cases.",normal,0.22890505194664,0.7710949778556824,0.7710949778556824,non-urgent,141,False,1|3|5,neoplasms|nervous system diseases|general pathological conditions,train,Yuvrajxms09/biobert-triage-classifier,0.7,256
"A follow-up study of intractable seizures in childhood. One hundred forty-five children with seizures that were refractory to medical therapy for at least 2 years were followed 5 to 20 years after onset. The majority of children with uncontrollable seizures (61%) were mentally retarded, and most of these (73%) had onset of seizures at younger than 2 years of age. Age of onset was significantly later (mean 5.0 +/- 0.5 yr [SEM]) in the group of children with borderline to normal intelligence. Follow-up data showed remission of seizures in a significant proportion of children with borderline or normal intelligence, with a linear decrease of the percentage with persistent seizures at a rate of about 4% per year. Remission of seizures was much less frequent (1.5%/yr) in the group with mental retardation. Seizure type had some effects on outcome. Children with focal atrophic brain lesions did no worse than those without definable pathology on brain-imaging studies.",normal,0.2658202946186065,0.734179675579071,0.734179675579071,non-urgent,233,False,3,nervous system diseases,test,Yuvrajxms09/biobert-triage-classifier,0.7,256
Alternative technique for repair of sinus venosus atrial septal defect. A technique is described for closure of a sinus venosus atrial septal defect using a single patch held in place by sutures placed from outside the right atrium and underneath the superior vena cava. The superior vena cava does not require enlargement and potential damage to the artery to the sinoatrial node is avoided.,atenção,0.5232905149459839,0.4767094254493713,0.5232905149459839,urgent,91,False,4,cardiovascular diseases,train,Yuvrajxms09/biobert-triage-classifier,0.7,256
"Actigraphic home-monitoring sleep-disturbed and control infants and young children: a new method for pediatric assessment of sleep-wake patterns. Two studies were conducted to evaluate actigraphic home-monitoring for the assessment of infants' and children's sleep patterns. In the first study, 11 children (aged 12 to 48 months) were monitored in the laboratory by traditional polysomnography and by actigraphy for one night. Actigraphic automatic sleep-wake scorings were compared with those of the polysomnograph; total agreement rate was 85.3%. In the second study, sleep patterns of 63 sleep-disturbed and 34 control healthy children (aged 9 to 27 months) were compared. These children were home-monitored by actigraph for a mean of 4.45 nights (total 482 nights). Actigraphic data were analyzed by an automated scoring procedure. Sleep quality of the sleep-disturbed children, measured by actigraphically derived sleep percent and number of longer-than-5-minute wakings, was significantly lower than that of the control subjects (P less than .0001). Sleep measures showed significant night-to-night stability in both groups. The stability of specific measures and their age trends were different between the groups. Actigraphic sleep measures alone could discriminate between sleep-disturbed and control children with a highly correct assignment rate of 79.4% and 91.2%, respectively.",normal,0.0608089007437229,0.9391911029815674,0.9391911029815674,non-urgent,302,True,3,nervous system diseases,train,Yuvrajxms09/biobert-triage-classifier,0.7,256
"Acute deterioration of renal function associated with enteric hyperoxaluria. Enteric hyperoxaluria due to malabsorption syndromes has been well documented to cause renal calculi and chronic tubulointerstitial renal damage. Rarely, in the setting of intestinal bypass operations for morbid obesity, enteric hyperoxaluria has produced acute renal failure. We report two patients who suffered acute deterioration of renal function associated with increased intestinal absorption and renal excretion of oxalate associated with steatorrhea. One patient had a large portion of his small bowel resected many years prior to the onset of the renal failure and the second patient had chronic pancreatitis causing steatorrhea. Both patients had renal biopsy documentation of the acute nature of the tubular damage produced by oxalate deposition. The mechanisms of their deterioration of renal function may relate to sudden increases in steatorrhea in association with episodes of volume depletion. Enteric hyperoxaluria may be an easily overlooked and potentially preventable etiology of acute renal dysfunction.",urgente,0.8798958659172058,0.1201041489839553,0.8798958659172058,urgent,262,True,2|5,digestive system diseases|general pathological conditions,test,Yuvrajxms09/biobert-triage-classifier,0.7,256
"Acupuncture and chronic pain: a criteria-based meta-analysis. A literature search revealed 51 controlled clinical studies on the effectiveness of acupuncture in chronic pain. These studies were reviewed using a list of 18 predefined methodological criteria. A maximum of 100 points for study design could be earned in four main categories: (a) comparability of prognosis, (b) adequate intervention, (c) adequate effect measurement and (d) data presentation. The quality of even the better studies proved to be mediocre. No study earned more than 62% of the maximum score. The results from the better studies (greater than or equal to 50% of the maximum score) are highly contradictory. The efficacy of acupuncture in the treatment of chronic pain remains doubtful.",normal,0.0657724514603614,0.934227466583252,0.934227466583252,non-urgent,169,False,3|5,nervous system diseases|general pathological conditions,train,Yuvrajxms09/biobert-triage-classifier,0.7,256
"Adjuvant chemotherapy of breast cancer. Many women will not be cured of breast cancer by even the best early detection and surgical techniques because of micrometastases present at diagnosis. Adjuvant therapy has extended the disease-free interval for most patients and lengthens overall survival for many. Combination chemotherapy has become the standard form of adjuvant treatment for premenopausal women with breast cancer and positive lymph nodes after primary therapy. With minimal toxicity, disease-free and overall survival are improved. Results are less impressive or less clear-cut for postmenopausal women or any woman with negative lymph nodes. Long-term toxicities of adjuvant chemotherapy may include second malignancies and cardiac dysfunction. Although these complications probably are rare, they must be considered seriously when weighing chemotherapy for patients in whom its benefits may be slight. Innovations likely to become standard in adjuvant therapy decision making include risk assessment with new prognostic indicators (growth fraction, oncogene expression) and investigation of dose intensification using bone marrow growth factors and autologous stem-cell support.",atenção,0.5267389416694641,0.4732610583305359,0.5267389416694641,urgent,240,False,1,neoplasms,test,Yuvrajxms09/biobert-triage-classifier,0.7,256
"Access to cancer prevention, detection, and treatment. The American Cancer Society Hearings on Cancer and the Poor made visible to the nation the harsh realities and consequences of lack of access to health care among the poor and uninsured in America. Access to care is more than mere availability; it is also financial accessibility, effectiveness, acceptability, appropriateness, and comprehensiveness of care. The problems and consequences of lack of health care access and its impact on the cancer problem among poor Americans are explored, and ways practitioners and public advocates can improve access are suggested. Local communities have risen to action to make health care more accessible. Successful programs have done their research to document access problems; then they have taken their findings to county governments to request additional funding and to health care institutions to request institutional policy and service changes to make health care more available and accessible.",normal,0.0902634486556053,0.9097365736961364,0.9097365736961364,non-urgent,174,False,1,neoplasms,train,Yuvrajxms09/biobert-triage-classifier,0.7,256
"Acute pulmonary embolism triggered by the act of defecation. Pulmonary embolism associated with the act of defecation has not been previously well described. Recently, we reported our experience with four patients who presented to us over a 12-month period with syncope, near syncope, or sudden death following the act of defecation. In all four cases, acute pulmonary embolism was shown to be the etiology of the defecation-associated events. A retrospective chart review of all patients with the diagnosis of pulmonary embolism at our institution over a three-year period yielded five additional patients with the diagnosis of defecation-associated pulmonary embolism. These nine patients accounted for 6.8 percent of all patients with a discharge diagnosis of pulmonary embolism seen at our institution during the three-year study period. Six of the nine patients died from their defecation-associated pulmonary embolism. These six deaths accounted for 25 percent of all deaths from pulmonary embolism seen at our institution during the study period. Based on our experience, we suggest that the act of defecation may trigger the development of acute pulmonary embolism in some patients with deep vein thrombosis.",urgente,0.8567308187484741,0.1432691514492035,0.8567308187484741,urgent,257,True,3|5,nervous system diseases|general pathological conditions,train,Yuvrajxms09/biobert-triage-classifier,0.7,256
"A positron emission tomographic comparison of pulmonary vascular permeability during the adult respiratory distress syndrome and pneumonia. We measured extravascular density (EVD) and the pulmonary transcapillary escape rate (PTCER) for 68Ga-transferrin using positron emission tomography in 14 normal volunteers and 29 patients with radiographic infiltrates, including six patients with congestive heart failure (CHF), eight patients with the adult respiratory distress syndrome (ARDS), and 15 patients with focal pneumonia. Contralateral, radiographically normal regions were also evaluated in the patients with focal pneumonia. Mean EVD was elevated in the patients with CHF, ARDS, and pneumonia in regions of radiographic infiltrate compared with values from normal subjects (p less than 0.05), but it was not significantly different among the three patient groups. PTCER in normal subjects and in patients with CHF was not significantly different (21 +/- 11 versus 44 +/- 16 x 10(-4) min-1, respectively, p = NS). PTCER was elevated in regions of infiltrate because of either pneumonia (173 +/- 99) or ARDS (170 +/- 79). PTCER was also elevated in regions contralateral to those with focal infiltrate during pneumonia, even though these regions were radiographically normal and had normal EVD values. These results suggest that PTCER is a sensitive but nonspecific index of abnormal pulmonary vascular permeability, which may be useful for classifying patients in clinical studies of pulmonary edema.",atenção,0.6222438216209412,0.3777561485767364,0.6222438216209412,urgent,348,True,4,cardiovascular diseases,train,Yuvrajxms09/biobert-triage-classifier,0.7,256
"A unique indexing splint for use in combined Le Fort and nasal injuries to avoid tracheostomy. Midface fractures with associated displaced and/or comminuted nasal fractures can require tracheostomy for a general anesthetic airway if these fractures are to be reduced simultaneously. We describe a unique indexing splint that allows oral intubation yet also allows simultaneous reduction of midface and nasal fractures under one anesthetic. Furthermore, tracheostomy with its potential complications is avoided. The case report illustrates the technique, and alternative treatments for these injuries are discussed.",atenção,0.6201914548873901,0.3798085749149322,0.6201914548873901,urgent,131,False,3,nervous system diseases,train,Yuvrajxms09/biobert-triage-classifier,0.7,256
"A6--a new 45RO monoclonal antibody for immunostaining of paraffin-embedded tissues. The authors report on the extensive characterization, on normal and pathologic tissues, of the T-cell-specific monoclonal antibody (MoAb) A6, which the authors previously found to identify a fixation- and paraffin-embedding-resistant epitope. A6 reacted with most T lymphocytes, macrophages, and Langerhans' cells of normal tissues and with peripheral T-cell lymphomas (31 of 34), Ki-1+ lymphomas (12 of 18), and T-cell leukemias (1 of 5). All cases of X and non-X histiocytosis examined and monocytic leukemias with mature phenotype only were A6 positive. Three of 47 cases of B-cell lymphoma and leukemia were labeled. Hairy cell leukemias, multiple myelomas, and Hodgkin's and Reed-Sternberg cells were negative. The A6 reactivity was preserved with different fixatives (formalin, Bouin's fluid, Carnoy's fixative, and B5) and decalcification procedures and was slightly enhanced by trypsin digestion. The pattern of reactivity of A6 was similar to that obtained with MoAb UCHL-1, recognizing the CD45RO determinant of leukocyte common antigen; however, in pathologic tissues, A6 labeled a higher percentage of cells than UCHL-1. Cross-blocking and enzyme digestion studies (Pronase E [Sigma Chemical, St. Louis, MO] and neuraminidase [Sigma Chemical]) indicated that the two MoAbs may identify close epitopes on the same molecule. In conclusion, the authors' study indicates that A6 is an excellent reagent for detection of the CD45RO molecule on paraffin-embedded normal and pathologic tissues.",normal,0.1900156885385513,0.8099842667579651,0.8099842667579651,non-urgent,443,True,1,neoplasms,train,Yuvrajxms09/biobert-triage-classifier,0.7,256
"Advanced assessment of the abdomen and gastrointestinal problems. There are many unique physical assessment findings that are associated with specific gastrointestinal disorders. The detection of these findings enables the nurse to manage gastrointestinal emergencies on the patient unit in a timely fashion, preventing deterioration and maintaining the safety of the patient. These skills build well on the traditional, detailed, and comprehensive assessments the nurse makes when using the nursing process. Specific abdominal assessments include detection of signs associated with appendicitis such as rebound tenderness and McBurney's, Rosvig's, and Aaron's signs. The nurse must always be alert to the possibility of peritonitis and the urgency of early detection and treatment. The patient with cirrhosis of the liver presents a distinct clinical picture. There is a need for subtle evaluation of mental status to detect early signs of hepatic coma. Another extra-abdominal assessment of this complication is asterixis. Finally, the assessment of the patient is enhanced when the nurse is able to help identify the location of bleeding. Improving abdominal and gastrointestinal system assessment leads to early detection of nursing problems and appropriate interventions.",urgente,0.8718311786651611,0.1281687915325164,0.8718311786651611,urgent,257,True,2,digestive system diseases,train,Yuvrajxms09/biobert-triage-classifier,0.7,256
"Acute changes in the dynamics of the cerebrospinal fluid system during experimental subarachnoid hemorrhage. Early changes in intracranial pressure (ICP), ICP volume index, and resistance to absorption of cerebrospinal fluid induced by experimental subarachnoid hemorrhage were studied in cats. After SAH, the ICP was slightly elevated, and there was a decrease in the buffering capacity of the intracranial space and a sharp rise in outflow resistance. During infusion of blood into the cisterna magna with a constant infusion rate, an extensive increase in ICP could be demonstrated in contrast to the infusion of saline, which caused only slight elevation of ICP. Furthermore, during blood infusion, the ICP level did not reach a plateau phase of pressure, as was demonstrated during infusion of saline. It is suggested that the marked increase in ICP during blood infusion into the subarachnoid space is caused by intracranial volume loading and the simultaneous increase in cerebrospinal fluid outflow resistance. It is concluded that the reported relationship between increased cerebrospinal fluid outflow resistance and increased ICP supports the hypothesis of a strong increase in ICP during subarachnoid hemorrhage in human subjects.",atenção,0.6584979295730591,0.3415020108222961,0.6584979295730591,urgent,284,True,4,cardiovascular diseases,train,Yuvrajxms09/biobert-triage-classifier,0.7,256
"Acute appendicitis in the pregnant patient. Acute appendicitis is the most common surgical problem in pregnancy requiring emergent intervention. To establish a contemporary patient profile and formulate an effective management strategy, a retrospective review was conducted of 84 pregnant patients who underwent laparotomy with a preoperative diagnosis of acute appendicitis. Gestational stage at presentation included the first trimester in 27 patients (32%), the second trimester in 37 patients (44%), the third trimester in 13 patients (16%), and the puerperium in 7 patients (8%). Fifty-four patients (64%) had pathologically proven acute appendicitis; the incidence did not vary by trimester. Other intra-abdominal conditions were detected in 15 patients (18%). There were no significant differences between patients with positive and negative laparotomies (or among trimesters) regarding frequency of presenting symptoms and signs or laboratory results. Operation occurred within 24 hours of symptom onset in 19 of 54 (35%) instances of proven acute appendicitis. Perforation occurred in 23 of 54 patients (43%), all of whom had symptoms exceeding 24 hours (p less than 0.0005). Five instances of perinatal death and one case of extreme perinatal morbidity were associated with negative laparotomies; only one of these was attributed to operation itself. No adverse long-term maternal morbidity or mortality occurred. Wound infection developed in seven cases of acute appendicitis (six perforated) and two negative explorations. We conclude that (1) gestational physiologic changes obscure the accurate diagnosis of acute appendicitis; (2) the natural history of acute appendicitis is not affected by trimester of presentation; and (3) adverse sequelae of acute appendicitis are obviated by prompt operative exploration and prevention of appendiceal perforation.",urgente,0.8311094045639038,0.1688906699419021,0.8311094045639038,urgent,427,True,2|5,digestive system diseases|general pathological conditions,train,Yuvrajxms09/biobert-triage-classifier,0.7,256
"A provider's view of prevention approaches in a prepaid group practice. Kaiser Permanente's health care delivery system and its efforts to integrate public health preventive medicine and curative medicine are described. The author advocates an increased focus on prepaid delivery systems like Kaiser Permanente as the best vehicle to achieve the full promise of health screening, health education, and life-style modification. Because these systems have brought the proper incentives into alignment, prevention and health promotion have become effective tools to achieve cost containment goals. A number of Kaiser Permanente projects are highlighted that demonstrate integration of public health preventive medicine and curative medicine: the Northern California Region's uniform health appraisal examination, which is linked with health education and counseling; the Colorado Region's breast cancer screening program, which is expected to show a higher rate of early breast cancer detection than in the general population; cooperative efforts with two Northern California towns to reduce smoking through a community-wide project; educational theatre programs aimed at early intervention and education of children before high-risk behaviors have become established life-style; and research projects that are possible because of an integrated program. Also, several forces that could endanger integrated systems including cost control practices of employers and insurers, and public policy such as mandating specific benefits, are noted.",normal,0.0358819998800754,0.9641180634498596,0.9641180634498596,non-urgent,267,True,1,neoplasms,test,Yuvrajxms09/biobert-triage-classifier,0.7,256
"Abnormal differentiation of human papillomavirus-induced laryngeal papillomas. We studied the proliferation and differentiation of human laryngeal papillomas, which are benign tumors induced by human papillomaviruses. Immunofluorescent stains of tissues for a number of differentiation-specific proteins showed abnormal differentiation. Papilloma tissue fragments in vitro showed a slightly decreased fraction of proliferating cells that incorporated tritiated thymidine and a markedly reduced incorporation of tritiated uridine when compared with normal tissue. We propose that papillomavirus infection results in normal basal cell proliferation but abnormal terminal differentiation and that this abnormality significantly contributes to the hyperplasia of the papillomas.",normal,0.2197064459323883,0.7802935242652893,0.7802935242652893,non-urgent,166,False,1|5,neoplasms|general pathological conditions,train,Yuvrajxms09/biobert-triage-classifier,0.7,256
"A phase I trial of cisplatin in hypertonic saline and escalating doses of 5-fluorouracil by continuous intravenous infusion in patients with advanced malignancies. Thirty-four patients with incurable solid tumors were treated in a Phase I trial with a fixed dose of high-dose cisplatin (CDDP) administered in hypertonic saline and escalating doses of infusional 5-fluorouracil (5-FU). Five treatment levels of 5-FU, ranging from 500 to 900 mg/m2/day for 5 days, were studied. Leukopenia, thrombocytopenia, and oral mucositis were the dose-limiting toxicities encountered. Nephrotoxicity was minimal. Ototoxicity and peripheral neuropathies were rare and mild in this patient group, but most patients received only a small number of treatment cycles. Diarrhea was not dose-limiting. Two complete responses (one non-small cell lung cancer and one sweat gland carcinoma) were observed. No other major responses were noted. With the dose of CDDP set at 35 mg/m2/day for 5 consecutive days, the maximum tolerated dose (MTD) of a concurrent 5-day 5-FU infusion was found to be 900 mg/m2/day. The recommended dosages for Phase II trials are 35 mg/m2/day CDDP and 800 mg/m2/day 5-FU for 5 consecutive days. Cancers of the lung, breast, gastrointestinal tract, and genitourinary tract would be reasonable targets for Phase II studies.",atenção,0.6149430871009827,0.3850569128990173,0.6149430871009827,urgent,369,True,1,neoplasms,train,Yuvrajxms09/biobert-triage-classifier,0.7,256
"Acute and chronic stress in duodenal ulcer disease. Acute and chronic life event stressors were objectively assessed in a sample of duodenal ulcer patients and community controls. Stress was assessed on two dimensions, ""personal threat"" and ""goal frustration."" Chronic stressors (those of 6 months' duration or more) involving high goal frustration were significantly and independently associated with the onset and relapse of duodenal ulcers, as were acute events of high immediate but transient personal threat.",normal,0.0916659235954284,0.9083340764045716,0.9083340764045716,non-urgent,110,False,2|5,digestive system diseases|general pathological conditions,train,Yuvrajxms09/biobert-triage-classifier,0.7,256
"An evolutionary perspective on salt, hypertension, and human genetic variability. Natural selection for electrolyte conservation has likely been the norm throughout human evolutionary history. However, the current patterns of excessive dietary salt intake create the potential for salt overload. Under these conditions, hypertension may be considered an expected pathological response to an evolutionarily new constraint. The transatlantic Middle Passage may have created a genetic bottleneck for salt conservation in African-Americans. Although the initial consequences of this important historical event probably constricted genetic variability and further magnified the potential for salt-sensitive hypertension, the Middle Passage undoubtedly also served as a more generalized major source of environmental stress and may have stimulated subsequent hereditary diversity in the survivors of this holocaust and their descendants. Accelerated rates of mutation, genetic recombination, and transposable genetic elements in conjunction with enhanced opportunities for gene flow, new selective pressures, and drift have all contributed to the tremendous heterogeneity of contemporary African-Americans. It is unlikely that a single genetic event, even of the severity of the Middle Passage, can account comprehensively for the apparent susceptibility of this macroethnic group to high blood pressure and hypertension.",normal,0.0558919236063957,0.9441080689430236,0.9441080689430236,non-urgent,267,True,4|5,cardiovascular diseases|general pathological conditions,test|train,Yuvrajxms09/biobert-triage-classifier,0.7,256
"A randomized control trial of two cervical spatulas The sampling efficacy of the Ayre and Rocket cervical spatulas was compared in a randomized controlled trial involving 533 women who were attending a colposcopy clinic either for investigation of cytological abnormality or for review after treatment of CIN. Smears were compared with respect to the presence of cytological abnormality and two types of normal cervical epithelial cells (endocervical and immature metaplastic cells) which are considered indicators of adequate cytological sampling. Smears taken with the Rocket spatula were significantly less likely to contain immature metaplastic cells (95% CI on difference in proportion; 5-30%), but more likely to contain endocervical cells (95% CI 16-36%). No significant difference was found in the proportion of smears containing one or other type of indicator cell or in the yield of abnormal smears. It is concluded that the Rocket spatula offered no advantage when used in these circumstances. This study illustrates how spurious conclusions of sampling efficacy can be drawn if only one type of indicator cell is used as an endpoint.",normal,0.1445516645908355,0.855448305606842,0.855448305606842,non-urgent,263,True,1|5,neoplasms|general pathological conditions,test|train,Yuvrajxms09/biobert-triage-classifier,0.7,256
"Abnormal cardiac sensitivity in patients with chest pain and normal coronary arteries. The causes of chest pain in patients found to have angiographically normal coronary arteries during cardiac catheterization remain controversial. Cardiac sensitivity to catheter manipulation, pacing at various stimulus intensities and intracoronary injection of contrast medium was examined in several groups of patients who underwent cardiac catheterization. Right heart (especially right ventricular) catheter manipulation and pacing and intracoronary contrast medium provoked chest pain typical of that previously experienced in 29 (81%) of 36 patients with chest pain and angiographically normal coronary arteries and 15 (46%) of 33 symptomatic patients with hypertrophic cardiomyopathy. In contrast, only 2 (6%) of 33 symptomatic patients with coronary artery disease experienced their typical chest pain with these sensitivity tests (p less than 0.001). None of 10 patients with valvular heart disease but without a chest pain syndrome experienced any sensation with these tests. Cutaneous pain threshold testing demonstrated that patients with chest pain and normal coronary arteries had a higher pain threshold to thermal stimulation compared with patients who had coronary artery disease or hypertrophic cardiomyopathy. No relation existed between cardiac sensitivity and cutaneous sensitivity testing. Thus, patients who have chest pain despite angiographically normal coronary arteries may have abnormal cardiac sensitivity to a variety of stimuli. This increased sensitivity may be of causal importance to their chest pain syndrome or may contribute to their perception of ischemia-induced pain. The same phenomenon was also commonly seen in symptomatic patients with hypertrophic cardiomyopathy. Whether this phenomenon represents abnormal activation of pain receptors within the heart or abnormal processing of visceral afferent neural impulses in the peripheral or central nervous system is unknown.",normal,0.2457501143217086,0.7542498707771301,0.7542498707771301,non-urgent,413,True,2|4|5,digestive system diseases|cardiovascular diseases|general pathological conditions,train,Yuvrajxms09/biobert-triage-classifier,0.7,256
"A standard dose of radiation for ""microscopic disease"" is not appropriate. Elective irradiation of sites of potential occult tumor spread is often part of a patient's radiation therapy program. The required radiation dose (D) depends on the probability that occult disease exists (P(occ)), the number of sites at risk (A), the number of tumor clonogens present (Ni), their radiation sensitivity, and the desired control rate. An exponential model of cell survival is used to quantify the importance of these factors. Control Probability = [1 - Pocc x (1 - e-Ni x (SF2)D/2)]A; SF2 = surviving fraction after 2 Gy. Implications for clinical radiation therapy include: 1. Since the number of clonogens in an occult site may vary from 10 degrees to 10(8), Ni is the major determinant of the required dose. The intrinsic radiation sensitivity of the clonogens (SF2) is also extremely important in determining the dose. Other factors are less influential since they vary less. 2. The variability of Ni (8 logs) is larger than the variation in cell number seen with gross disease (1 cm3 versus 1000 cm3, 3 logs). When Ni approximately 10(8), the required dose approaches that needed for small volume gross disease (10(9) cells, 1 cm3). 3. The dose prescribed to elective sites should reflect the risk of occult disease based on the primary tumor site, stage, and grade. 4. Regions where clinicoradiologic evaluation is difficult (e.g., pelvis and obese neck) require higher doses because macroscopic tumor deposits may exist. 5. Relatively low doses (10 to 30 Gy) are often thought to be inadequate for microscopic tumor. However, similar doses have been reported to sterilize microscopic tumor in ovarian, rectal, bladder, breast, and head and neck carcinomas. Relatively low doses should not be discounted since they may be useful in select cases when normal tissue tolerances and/or previous irradiation treatment limit the radiation dose.",normal,0.1555851101875305,0.8444148302078247,0.8444148302078247,non-urgent,479,True,1,neoplasms,train,Yuvrajxms09/biobert-triage-classifier,0.7,256
"Acquired von Willebrand's syndrome. Therapeutic and diagnostic implications. Acquired von Willebrand's syndrome is a newly recognized bleeding diathesis thought to be caused by autoantibodies to the von Willebrand factor. Acquired von Willebrand's syndrome has been reported in association with lymphoproliferative disorders and benign monoclonal gammopathies. Clinical features and laboratory abnormalities of this disease are similar to congenital von Willebrand's disease, but the optimal treatment may differ. We describe a 75-year-old man with chronic lymphocytic leukemia and recurrent epistaxis and also discuss the pathogenesis, diagnosis, and treatment of both the congenital and acquired disorders.",atenção,0.6193788051605225,0.3806211352348327,0.6193788051605225,urgent,173,False,1,neoplasms,train,Yuvrajxms09/biobert-triage-classifier,0.7,256
"A case of massive true thymic hyperplasia with non-Hodgkin's lymphoma. A case of massive true thymic hyperplasia with non-Hodgkin's lymphoma of the mediastinum is reported in a 14-year-old boy. Computed tomographic scan of the chest showed a mass of the anterior mediastinum and conspicuous swelling of the lymph nodes in the upper and lower mediastinum. They were grossly resected. The tumor of the anterior mediastinum was histologically diagnosed as true thymic hyperplasia. All of the mediastinal lymph nodes were diagnosed as non-Hodgkin's lymphoma, diffuse, mixed small and large cell type.",urgente,0.7327269315719604,0.2672730982303619,0.7327269315719604,urgent,171,False,1,neoplasms,train,Yuvrajxms09/biobert-triage-classifier,0.7,256
"A case of classical mycosis fungoides associated with human T-cell lymphotropic virus type I. A 72-year-old male patient from north-eastern Iran developed the typical clinical and histopathological features of mycosis fungoides with lymphadenopathy, but without any other systemic involvement. Human T-cell lymphotropic virus (HTLV-I) antibodies were detected in the patient's serum by two different ELISAs and by Western blot using purified viral particles from MT-2 culture supernatants. Cultured peripheral blood lymphocytes were positive for labelling with anti-HTLV-I serum. Southern blot hybridization of DNA extracted from a skin tumour and from an involved lymph node revealed integrated proviral DNA with identical restriction patterns. This case supports a relationship between mycosis fungoides and HTLV-I and may indicate a new region of endemic HTLV-I infection.",atenção,0.4096699655056,0.5903300046920776,0.5903300046920776,non-urgent,208,False,1,neoplasms,train,Yuvrajxms09/biobert-triage-classifier,0.7,256
Aggravation of myasthenia gravis by erythromycin. Erythromycin is not currently recognized as causing clinical aggravation of myasthenia gravis. We report the case of a patient who experienced exacerbations of myasthenia gravis subsequent to each of several doses of intravenous erythromycin. We suggest that erythromycin can cause clinical worsening in patients with disease of the neuromuscular junction.,atenção,0.6443790793418884,0.3556209504604339,0.6443790793418884,urgent,110,False,2|3|5,digestive system diseases|nervous system diseases|general pathological conditions,test|train,Yuvrajxms09/biobert-triage-classifier,0.7,256
"Adult open heart surgery in New York State. An analysis of risk factors and hospital mortality rates This study analyzes data from New York State's new Cardiac Surgery Reporting System, which contains information about cardiac preoperative risk factors, postoperative complications, and hospital discharge. The purposes of the study were to determine the set of significant clinical risk factors and to identify cardiac surgical centers most likely to have serious quality-of-care problems. Significant risk factors for in-hospital death were age, gender, ejection fraction, previous myocardial infarction, number of open heart operations in previous admissions, diabetes requiring medication, dialysis dependence, disasters (acute structural defect, renal failure, cardiogenic shock, gunshot), unstable angina, intractable congestive heart failure, left main trunk narrowed more than 90%, and type of operation performed. Four of the 28 hospitals had significantly higher mortality rates than expected, given the risk factors of their patients. Subsequent site visits and medical record reviews confirmed that these facilities had high percentages of quality-of-care problems among cases resulting in mortality.",atenção,0.6596056222915649,0.340394377708435,0.6596056222915649,urgent,233,False,4,cardiovascular diseases,train,Yuvrajxms09/biobert-triage-classifier,0.7,256
"Alcohol consumption--a risk factor for hemorrhagic and non-hemorrhagic stroke. PURPOSE: The risks of alcohol consumption and its association with stroke were studied in 621 patients with stroke and 573 control subjects using case-control methods. PATIENTS AND METHODS: Patients with stroke were subdivided into 193 with subarachnoid hemorrhage, 91 with intracerebral hemorrhage, and 337 with cerebral infarction. Data on recent alcohol consumption were obtained by questionnaire in patients with stroke and compared with data from an occupational screening survey in control subjects. RESULTS: Relative risks, adjusted for confounding variables, exhibited J-shaped associations with increasing levels of alcohol consumption classified into four categories--abstainer, 1 to 90 g, 100 to 390 g, and greater than or equal to 400 g weekly). The individual risks were 1, 0.7, 0.5, and 1.3 for subarachnoid hemorrhage; 1.0, 0.6, 0.5., and 2.5 for intracerebral hemorrhage, and 1.0, 0.6, 0.7, and 2.4 for cerebral infarction for men and women combined. CONCLUSIONS: The results suggest that low levels of alcohol consumption may have some protective effect upon the cerebral vasculature, whereas heavy consumption predisposes to both hemorrhagic and non-hemorrhagic stroke.",normal,0.2032703906297683,0.796729564666748,0.796729564666748,non-urgent,336,True,3|4|5,nervous system diseases|cardiovascular diseases|general pathological conditions,train,Yuvrajxms09/biobert-triage-classifier,0.7,256
"Acute leukemia and related entities. Impact of new technology. Twenty-seven cases of acute leukemia and related entities were evaluated by morphologic examination, cytochemical study, terminal deoxynucleotidyltransferase study, immunophenotyping, cytogenetic analysis, ultrastructural cytochemical study, and gene rearrangement analysis to determine the impact on the determination of the French-American-British (FAB) classification and the definitive diagnosis. The definitive diagnosis contained prognostic, diagnostic, and treatment information beyond the FAB classification that affected the disease course and patient management. All diagnostic variables were evaluated in each case and were labeled essential, ambivalent, supportive, or noncontributory. Except for gene rearrangement analysis, all variables we studied contributed essential data to establish the definitive diagnosis. Ambivalent findings were rare but could be explained with the knowledge of the total data. All variables, except cytochemical study, whose results were almost always essential, contributed supportive data. Noncontributory data only occurred with cytogenetic analysis in cases that demonstrated normal karyotypes. The FAB classification was established in 20 (74%) of the cases by use of morphologic examination, cytochemical study, and terminal deoxynucleotidyltransferase study. With use of the same variables, however, the definitive diagnosis, whose determination required all data, was established in only 15 (55.5%) of the cases. The addition of immunophenotyping increased the definitive diagnosis to 25 (92.5%) of the cases. The use of ultrastructural myeloperoxidase and platelet peroxidase analysis enabled us to definitively diagnose the remaining two cases (27 cases [100%]). Cytogenetic analysis revealed four cases in which essential information was added to the diagnosis. However, because the cytogenetic information usually was not immediately available, the result did not affect the immediate diagnosis or treatment. Surprisingly, the gene rearrangement studies did not yield essential data in any case and in a few cases contributed ambivalent data. This finding should not exclude gene rearrangement analysis in selected cases; however, the data should always be interpreted in light of all clinical and laboratory findings. This study clearly demonstrates the importance of a multifaceted approach to the understanding of the acute leukemias and related entities and shows the impact of newer technologies on reaching a definitive diagnosis.",atenção,0.3197880387306213,0.6802119612693787,0.6802119612693787,non-urgent,544,True,1|5,neoplasms|general pathological conditions,train,Yuvrajxms09/biobert-triage-classifier,0.7,256
"Activation and in vitro expansion of tumor-reactive T lymphocytes from lymph nodes draining human primary breast cancers. The feasibility of in vitro activation of lymphocytes from the draining lymph nodes (DLN) of breast cancer patients was examined. Lymphocytes isolated from 48 DLN from 12 patients were examined for their proliferative responses to rIL-2, autologous tumor cells, or rIL-2 plus tumor cells. Three general patterns of cellular responses were observed. Cells from some DLN (17%) were unresponsive to any stimuli. Lymphocytes from 52% of the DLN responded moderately to rIL-2 alone. The combination of rIL-2 and tumor antigen had a synergistic effect on the proliferation of cells from 31% of the DLN assayed. Phorbol dibutyrate and ionomycin plus rIL-2 stimulated expansion of DLN lymphocytes by up to 850-fold after 35 days. These expanded cell populations, as well as those stimulated with antigen plus rIL-2, were predominantly CD3+ and CD16- cells, varying in proportions of CD4+ and CD8+ subsets. Both populations were cytotoxic against autologous tumor, MCF-7, and K562 target cells.",atenção,0.3024832904338836,0.6975167393684387,0.6975167393684387,non-urgent,289,True,1,neoplasms,train,Yuvrajxms09/biobert-triage-classifier,0.7,256
"Adult T-cell leukaemia/lymphoma in Brazil and its relation to HTLV-I In a series of fourteen patients with adult T-cell lymphoma-leukaemia (ATLL) in Brazil the main features were lymphadenopathy, hepatosplenomegaly, hypercalcaemia, and high leucocyte counts, with abnormal lymphoid cells which had irregular nuclei. The series included the youngest patient with ATLL so far (18 months). Analysis with monoclonal antibodies showed a mature T-cell phenotype (CD4+, CD8-). Antibodies to HTLV-I and/or integration of HTLV-I proviral DNA were found in eleven patients. In the other three HTLV-I DNA could not be demonstrated even by means of the polymerase chain reaction; they therefore had HTLV-I-negative ATLL. This report of ATLL in Brazil corroborates serological reports that HTLV-I may be endemic in some parts of that country. Follow-up studies are required to identify precisely the main route of transmission of HTLV-I in South America and the risk factors for the development of ATLL in carriers.",atenção,0.5091779828071594,0.4908220171928406,0.5091779828071594,urgent,267,True,1,neoplasms,train,Yuvrajxms09/biobert-triage-classifier,0.7,256
"A vascular malformation mimicking an intracanalicular acoustic neurilemoma. Case report. A patient with an enhancing, completely intracanalicular mass on magnetic resonance imaging was operated on for a presumed acoustic neurilemoma, but was found at surgery to have an intracanalicular vascular malformation. This rare lesion should be distinguished from angiomatous change within an acoustic neurilemoma and in the past has been termed ""vascular tumor,"" ""hemangioma,"" or ""fibro-angioma."" The clinical distinctions between intracanalicular acoustic neurilemomas and intracanalicular vascular malformations and the ability of magnetic resonance imaging to distinguish between the two are discussed.",atenção,0.6211456656455994,0.3788543939590454,0.6211456656455994,urgent,164,False,1|3,neoplasms|nervous system diseases,train,Yuvrajxms09/biobert-triage-classifier,0.7,256
"Activation of erythropoietin receptors by Friend viral gp55 and by erythropoietin and down-modulation by the murine Fv-2r resistance gene. The leukemogenic membrane glycoprotein (gp55) encoded by Friend spleen focus-forming virus appears to bind to erythropoietin receptors (EpoR) sto stimulate erythroblastosis [Li, J.-P., D'Andrea, A.D., Lodish, H.F. & Baltimore, D. (1990) Nature (London) 343, 762-764]. To directly compare the effects of gp55 with erythropoietin (Epo), we produced retrovirions that encode either gp55, Epo, or EpoR. After infection with EpoR virus, interleukin 3-dependent DA-3 cells bound 125I-labeled Epo and grew without interleukin 3 in the presence of Epo. These latter cells, but not parental DA-3 cells, became factor-independent after superinfection either with Epo virus or with Friend spleen focus-forming virus. In addition, Epo virus caused a disease in mice that mimicked Friend erythroleukemia. Although Fv-2r homozygotes are susceptible to all other retroviral diseases, they are resistant to both Epo viral and Friend viral erythroleukemias. These results indicate that both gp55 and Epo stimulate EpoR and that the Fv-2 gene encodes a protein that controls response to these ligands. However, the Fv-2 protein is not EpoR because the corresponding genes map to opposite ends of mouse chromosome 9. These results have important implications for understanding signal transduction by EpoR and the role of host genetic variation in controlling susceptibility to an oncogenic protein.",normal,0.2081484496593475,0.7918515801429749,0.7918515801429749,non-urgent,432,True,1,neoplasms,train,Yuvrajxms09/biobert-triage-classifier,0.7,256
"A randomized clinical trial to compare two different approaches in women with chronic pelvic pain. One hundred six patients with chronic pelvic pain were randomly allocated to one of two treatment groups. In the standard-approach group, organic causes of pelvic pain were excluded first and diagnostic laparoscopy was routinely performed. If no somatic cause could be found, attention was given to other causes such as psychological disturbances. In the second group an integrated approach was chosen. From the beginning equal attention was devoted to somatic, psychological, dietary, environmental, and physiotherapeutic factors. In this group, laparoscopy was not routinely performed. Both groups were similar with respect to clinical characteristics of the patients and the severity of their pain as assessed by various pain parameters. Postcoital pain was reported by 27% of the patients. Twenty percent of the patients had had negative sexual experiences such as childhood sexual abuse or rape. Evaluation of the pain 1 year after the institution of treatment revealed that the integrated approach improved pelvic pain significantly more often than the standard approach for three out of four pain parameters (P less than .01). Laparoscopy played no important role in the treatment of pelvic pain. It is concluded that equal attention to both organic and other causative factors from the beginning of therapy is more likely to result in a reduction of pelvic pain than is a standard approach.",normal,0.0683127865195274,0.9316872358322144,0.9316872358322144,non-urgent,295,True,5,general pathological conditions,train,Yuvrajxms09/biobert-triage-classifier,0.7,256
Acid aspiration prophylaxis in 288 obstetric anaesthetic departments in the United Kingdom. The choice of drugs for acid aspiration prophylaxis in 288 obstetric anaesthetic departments in the United Kingdom was determined by questionnaire. The results are compared with a similar survey of anaesthetic departments 5 years ago. The prescription of sodium citrate and the H2 receptor antagonist ranitidine has superseded that of Mist. magnesium trisilicate.,normal,0.1852367669343948,0.8147631883621216,0.8147631883621216,non-urgent,107,False,5,general pathological conditions,train,Yuvrajxms09/biobert-triage-classifier,0.7,256
"Accumulation and pepsin solubility of collagens in the bowel of patients with Crohn's disease. The collagen content of resected strictured intestine, with and without fistulas, from patients with Crohn's disease has been compared with that in macroscopically normal intestine removed from the same patients and from others without inflammatory bowel disease. Collagen content per unit wet or dry weight of tissue was significantly increased in all grossly diseased tissue whether fistulated or not. Although there was a significant increase in collagen types I, III, and V in diseased tissue, the relative proportions of major collagen types extracted by limited pepsin digestion were similar for both Crohn's and non-Crohn's intestine (type I, 65 to 70 percent; type III, 25 to 30 percent; type IV, 2 to 3 percent; and type V, 2.5 to 3 percent). CNBr digestion of pepsin insoluble material showed a similar relative abundance of types I and III, indicating no major change in collagen type distribution between older (insoluble) and more newly synthesized collagen. There was no evidence of the presence of type I trimer collagen. Type VI collagen, although not quantitated, was observed in 70 percent of intestinal specimens. The proportion of total collagen solubilized by pepsin treatment was significantly greater in both grossly diseased and macroscopically normal Crohn's bowel compared with non-inflammatory bowel disease bowel. These findings suggest that there are disturbances of collagen metabolism in Crohn's intestine, which account for the stricturing process and which may predate gross pathologic changes.",normal,0.1005044281482696,0.899495542049408,0.899495542049408,non-urgent,396,True,2|5,digestive system diseases|general pathological conditions,test|train,Yuvrajxms09/biobert-triage-classifier,0.7,256
"Adrenal carcinosarcoma. The clinical and pathologic features of a case of adrenal carcinosarcoma are reported. Although synchronous malignancy of the adrenal gland has been described, no case of an adrenal tumor combining both carcinomatous and sarcomatous elements has been previously documented. This neoplasm is extremely aggressive with distant metastasis arising from the sarcomatous component, and rapid progression despite multimodal therapy.",urgente,0.7426907420158386,0.257309228181839,0.7426907420158386,urgent,113,False,1,neoplasms,train,Yuvrajxms09/biobert-triage-classifier,0.7,256
"A rheolytic system for percutaneous coronary and peripheral plaque removal. A method for plaque dissolution has been identified that percutaneously delivers a pulsatile high-velocity stream of saline to the site of an atheromatous lesion within a coronary or peripheral artery. In vitro evaluation and in vivo canine and porcine testing were performed using this 'rheolytic' system to determine its feasibility in ablating calcified plaque and soft thrombotic tissue. A prototype rheolytic guidewire capable of providing 30,000 psi of internal pressure was designed to fit within the guidewire lumen of a standard percutaneous transluminal coronary angioplasty catheter. An additional over-the-wire rheolytic catheter was fabricated to follow a standard .014-inch guidewire. The rheolytic devices were tested in vitro with simulated atheromatous and thrombotic lesions to evaluate the size and quantity of the particulate effluent. The particulate was then sterilized, mixed with saline, and introduced percutaneously into the animal kidney and heart for evaluation. The in vitro studies demonstrated that the rheolytic catheter and guidewire were able to follow both a coronary and femoral arterial model and successfully ablate the simulated lesions. The particle size for osseous, muscular, and cartilagenous tissue ranged from 2 to 6 micrometers; for fresh human plaque the particles ranged from 2 to 15 micrometers. Injection of cartilagenous and plaque particles into the animal model caused very slight regions of necrosis but no clinical sequelae. Applications of the rheolytic devices to the animal femoral artery demonstrated that both devices could ablate and cross calified or soft thrombosed lesions without damage to the vessel wall; the rheolytic catheter provided a debulking of the plaque.",atenção,0.6140391826629639,0.3859607577323913,0.6140391826629639,urgent,436,True,4,cardiovascular diseases,train,Yuvrajxms09/biobert-triage-classifier,0.7,256
"Acute respiratory failure. Pregnancy entails many unique physiologic changes that make the management of ARDS both challenging and unique. Most of these women are young and in excellent health before their acute injury, and their survival should exceed that of the general population who develop ARDS. We advocate aggressive management of the suspected lung injury including early intubation and the institution of invasive hemodynamic monitoring. This approach ensures the most thorough assessment of the extent of the initial injury and allows rapid assessment of therapeutic maneuvers and their subsequent adjustment. Our goal is to reverse the initial insult early while avoiding further iatrogenic injury. Optimal management of the maternal-fetal pair requires the cooperation of an obstetrician well versed in cardiopulmonary physiology and physicians skilled in intensive care medicine.",urgente,0.8977767825126648,0.102223239839077,0.8977767825126648,urgent,171,False,5,general pathological conditions,train,Yuvrajxms09/biobert-triage-classifier,0.7,256
"A case of myelinoclastic diffuse sclerosis in an adult. We report a case of rapidly progressive cerebral demyelinating disease in a previously healthy 40-year-old woman. This case satisfies the diagnostic criteria for myelinoclastic diffuse sclerosis (MDS), but is unusual in the age of onset. This is the 1st case of MDS in an adult with full documentation of clinical, biochemical, radiographic, and pathologic features.",atenção,0.6136707663536072,0.3863292038440704,0.6136707663536072,urgent,105,False,5,general pathological conditions,test,Yuvrajxms09/biobert-triage-classifier,0.7,256
"Amiodarone versus bretylium for suppression of reperfusion arrhythmias in dogs. Reperfusion arrhythmias are an important complication of interventions to limit infarct size. Recently, amiodarone has been shown to be rapidly effective in suppressing sustained, incessant ventricular tachycardia and ventricular fibrillation in this setting. This study evaluated the time course of arrhythmia suppression and comparative efficacy of amiodarone versus bretylium in a canine model of reperfusion arrhythmias. Of 23 dogs subjected to a Harris two-stage coronary artery ligation followed by release, 18 demonstrated clinically significant ventricular arrhythmias and received either intravenous amiodarone, 5 mg/kg (9 dogs), or intravenous bretylium, 5 mg/kg (9 dogs). Direct-current shocks for sustained ventricular tachycardia or ventricular fibrillation were administered as necessary. Amiodarone rapidly suppressed sustained ventricular tachycardia and ventricular fibrillation in this model with no dog in the amiodarone-treated group requiring cardioversion after completion of the 15-minute infusion versus 4 of 9 dogs in the bretylium-treated group (p less than 0.05). Amiodarone was more effective than bretylium in suppressing episodes of sustained ventricular tachycardia/ventricular fibrillation, episodes of nonsustained ventricular tachycardia, and premature ventricular complexes. The blood pressure and heart rate decreased more after amiodarone administration than after bretylium administration. We conclude that, in the canine reperfusion arrhythmia model, amiodarone is rapidly effective in suppressing ventricular arrhythmias and is more effective than bretylium.",urgente,0.8212763071060181,0.1787236630916595,0.8212763071060181,urgent,423,True,4|5,cardiovascular diseases|general pathological conditions,train,Yuvrajxms09/biobert-triage-classifier,0.7,256
"A comparison of surfactant as immediate prophylaxis and as rescue therapy in newborns of less than 30 weeks' gestation BACKGROUND. Exogenous pulmonary surfactants are administered into the trachea either to prevent respiratory distress syndrome in premature infants or to treat it. In a randomized, multicenter trial, we compared the results of surfactant therapy initiated as prophylaxis with the results of rescue therapy with surfactant. METHODS. Before birth, 479 infants with an estimated gestational age of less than 30 weeks were randomly assigned to receive surfactant as prophylaxis (n = 235) or rescue therapy (n = 244). The infants in the prophylaxis group received a 90-mg intratracheal dose of an exogenous calf-lung surfactant extract at the time of delivery, whereas the infants in the rescue-therapy group received 90 mg of the surfactant several hours after delivery if the fractional inspiratory oxygen concentration was at least 0.40 or if the mean airway pressure was at least 0.686 kPa (7 cm of water), or both. Infants in both groups received additional doses of surfactant at intervals of 12 to 24 hours if these criteria were met. RESULTS. The proportion of infants surviving until discharge to their homes was significantly higher in the prophylaxis group than in the rescue-therapy group (88 vs. 80 percent, P = 0.028). This difference was due primarily to the longer survival of very premature infants (less than or equal to 26 weeks' gestation) in the prophylaxis group than in the rescue-therapy group (75 vs. 54 percent, P = 0.006). According to proportional-hazards regression analysis, the distribution of survival times was better for all infants in the prophylaxis group (P = 0.007) and for the subgroup of infants in the prophylaxis group who were delivered at 26 weeks' gestation or earlier (P = 0.0048). Infants in the prophylaxis group who were delivered at 26 weeks' gestation or earlier had a lower incidence of pneumothorax than similar infants in the rescue-therapy group (7 vs. 18 percent, P = 0.03). CONCLUSIONS. We found a significant advantage to the administration of the initial dose of surfactant as prophylaxis rather than as rescue therapy in very premature infants.",urgente,0.70242840051651,0.29757159948349,0.70242840051651,urgent,544,True,5,general pathological conditions,test,Yuvrajxms09/biobert-triage-classifier,0.7,256
"Airflow obstruction after substance P aerosol: contribution of airway and pulmonary edema. We have studied the effects of aerosolized substance P (SP) in guinea pigs with reference to lung resistance and dynamic compliance changes and their recovery after hyperinflation. In addition, we have examined the concomitant formation of airway microvascular leakage and lung edema. Increasing breaths of SP (1.5 mg/ml, 1.1 mM), methacholine (0.15 mg/ml, 0.76 mM), or 0.9% saline were administered to tracheostomized and mechanically ventilated guinea pigs. Lung resistance (RL) increased dose dependently with a maximum effect of 963 +/- 85% of baseline values (mean +/- SE) after SP (60 breaths) and 1,388 +/- 357% after methacholine (60 breaths). After repeated hyperinflations, methacholine-treated animals returned to baseline, but after SP, mean RL was still raised (292 +/- 37%; P less than 0.005). Airway microvascular leakage, measured by extravasation of Evans Blue dye, occurred in the brain bronchi and intrapulmonary airways after SP but not after methacholine. There was a significant correlation between RL after hyperinflation and Evans Blue dye extravasation in intrapulmonary airways (distal: r = 0.89, P less than 0.005; proximal: r = 0.85, P less than 0.01). Examination of frozen sections for peribronchial and perivascular cuffs of edema and for alveolar flooding showed significant degrees of pulmonary edema for animals treated with SP compared with those treated with methacholine or saline. We conclude that the inability of hyperinflation to fully reverse changes in RL after SP may be due to the formation of both airway and pulmonary edema, which may also contribute to the deterioration in RL.",normal,0.264777660369873,0.735222339630127,0.735222339630127,non-urgent,473,True,5,general pathological conditions,train,Yuvrajxms09/biobert-triage-classifier,0.7,256
"A seromuscular stripping method to create a nipple valve without metal stapling for continent urinary reservoir. Urinary continence with a Kock or Mainz pouch is achieved by a nipple valve of the invaginated ileum which is usually fixed with metal staples. However, metal staples can cause various complications as a foreign body. The seromuscular stripping method, a new technique to create a nipple valve, was applied to 17 patients with bladder cancer in the construction of a continent urinary reservoir by the ileocolonic pouch (Mainz pouch). Metal staples were not used. The results were satisfactory except for 2 patients who became incontinent because of prolapse of the nipple in one and insufficient valve function due to ischemic change of the nipple valve in the other. Histology of the nipple valve from an autopsy case showed a good double layer nipple valve that functioned well to preserve continence.",normal,0.2925301790237427,0.7074698209762573,0.7074698209762573,non-urgent,200,False,1,neoplasms,test,Yuvrajxms09/biobert-triage-classifier,0.7,256
"An analysis of abnormalities of the retinoblastoma gene in human ovarian and endometrial carcinoma. The altered expression of the human retinoblastoma (RB) gene has been demonstrated to play an important role in the pathogenesis of RB and other tumors. To determine whether the RB gene might be involved in the pathogenesis of human ovarian and endometrial cancer, DNA from 24 human ovarian tumors, 3 normal ovaries, 3 endometrial carcinomas, and 1 endometrial hyperplasia was examined with an RB complementary DNA probe. Evidence for homozygous deletion of the RB gene was observed in only one specimen. Interestingly, the specimen was an endometrioid tumor of the ovary of low malignant potential (LMP). This patient experienced rapid progression of the tumor and died 8 months after diagnosis. Abnormalities of the RB gene may be involved in the aggressive biologic behavior of certain forms of ovarian carcinoma, particularly those of LMP.",atenção,0.4552935361862182,0.5447064638137817,0.5447064638137817,non-urgent,230,False,1|5,neoplasms|general pathological conditions,train,Yuvrajxms09/biobert-triage-classifier,0.7,256
"A technique for improving accuracy of the pulmonary artery diastolic pressure as an estimate of left ventricular end-diastolic pressure. Pulmonary artery diastolic pressure (PAD) is often used to estimate left ventricular end-diastolic pressure (LVEDP) when artifact, respiratory variation, or technical difficulties make the wedge pressure difficult to identify on the waveform. To determine which point on the PAD waveform best estimated LVEDP, we performed studies in 100 adults undergoing routine diagnostic cardiac catheterization. During normal spontaneous respiration, simultaneous recordings of the electrocardiogram, PAD, and LVEDP were obtained. Three end-expiratory measurements of PAD were recorded: at the lowest point on the waveform (PAD), at 0.04 seconds (PAD 0.04), and at 0.08 seconds (PAD 0.08) after the onset of the QRS complex. The PADs were correlated with LVEDP by linear regression. PAD 0.08 correlated best with LVEDP (r = 0.88, standard error of the estimate [SEE] = 3.6 mm Hg) whereas PAD 0.04 and PAD correlated slightly less strongly (r = 0.86, SEE = 4.0 mm Hg; r = 0.82, SEE = 4.4 mm Hg respectively). Therefore, when the wedge pressure is not easily determined, PAD 0.08 may be the best point on the waveform to use when attempting to estimate LVEDP in the clinical setting.",normal,0.2578124105930328,0.7421876192092896,0.7421876192092896,non-urgent,338,True,4,cardiovascular diseases,train,Yuvrajxms09/biobert-triage-classifier,0.7,256
"An assessment and care planning strategy for nursing home residents with dementia. Dementia is extremely common among nursing home patients, and it takes many forms. Accurate assessment by staff is crucial in providing appropriate care to these patients. Equally important is the ability to establish care priorities. Current staging models are so general, however, that their usefulness is limited. Thus, this paper proposes a strategy that, using basic assessment data, categorizes dementia residents according to four key determinants of care needs: activities of daily living status, behavioral problems, communication abilities, and physical transition.",normal,0.1751265525817871,0.8248734474182129,0.8248734474182129,non-urgent,128,False,3,nervous system diseases,test,Yuvrajxms09/biobert-triage-classifier,0.7,256
"A comparative trial of three agents in the treatment of acute migraine headache. STUDY OBJECTIVES: A study was conducted to evaluate the relative efficacy of three non-narcotic agents, chloropromazine, lidocaine, and dihydroergotamine, in the treatment of migraine headache in an emergency department setting. DESIGN: The trial was randomized and single blinded. SETTING: The study was conducted in two university-affiliated EDs. TYPE OF PARTICIPANTS: All patients had an isolated diagnosis of common or classic migraine. INTERVENTIONS: Patients were pretreated with 500 mL (IV) normal saline before randomization. Study drugs as administered were dihydroergotamine 1 mg IV repeated after 30 minutes if the initial response was inadequate; lidocaine 50 mg IV at 20-minute intervals to a maximum total dose of 150 mg as required; or chloropromazine 12.5 mg IV repeated at 20-minute intervals to a total maximum dose of 37.5 mg as required. Patients were asked to grade headache severity on a ten-point scale before and one hour after the initiation of therapy. Follow-up by phone was sought the following day. MEASUREMENTS AND MAIN RESULTS: Of 76 patients completing the trial, 24 were randomized to receive chloropromazine, 26 to receive dihydroergotamine, and 26 to receive lidocaine. Reduction in mean headache intensity was significantly better among those treated with chloropromazine (P less than .005). Persistent headache relief was experienced by 16 of the chloropromazine-treated patients (88.9%) contacted at 12 to 24 hours follow-up compared with ten of the dihydroergotamine-treated patients (52.6%) and five of the lidocaine-treated group (29.4%). CONCLUSION: The relative effectiveness of these three antimigraine therapies appears to favor chloropromazine in measures of headache relief, incidence of headache rebound, and patient satisfaction with therapy.",urgente,0.7374383211135864,0.2625616788864136,0.7374383211135864,urgent,470,True,3|5,nervous system diseases|general pathological conditions,train,Yuvrajxms09/biobert-triage-classifier,0.7,256
"A nongastrin malignant ampullary tumor causing gastric acid and pepsin hypersecretion. A case report. We report a case of multiple duodenal ulcers with gastric hypersecretion due to a nongastrin secretagogue produced by a malignant tumor of the pancreas in a 78-year-old man. The case resembled a Zollinger-Ellison syndrome (ZES) with high acid output (basal acid output 27, sham meal-stimulated 37, maximum acid output 47 mEq/h), but with fasting gastrin 43 pg/ml, nonresponsive to secretin. As in ZES, pepsin output was comparatively low, and secretion was inhibitable by atropine (50% inhibited by 1 microM). The tumor removed at surgery contained less than 1 ng gastrin per gram, but was many times more potent than pentagastrin in stimulating acid from a lumen-perfused rat stomach. The tumor also contained cholecystokinin (CCK-8 and CCK-33), motilin, insulin, and somatostatin, which were also present in adjacent normal pancreas; in addition, the tumor contained pancreatic polypeptide and pancreatic cancer-associated antigen. This case represents a rare syndrome due to an as yet undefined peptide secreted by a (frequently malignant) pancreatic endocrine tumor and masquerading as ZES. This is the first report of studies of pepsin secretion and of the effect of atropine, suggesting that the physiologic effects of the secretagogue resemble that of gastrin.",atenção,0.4123013615608215,0.5876986384391785,0.5876986384391785,non-urgent,384,True,1|2,neoplasms|digestive system diseases,test|train,Yuvrajxms09/biobert-triage-classifier,0.7,256
"Alcohol consumption and blood pressure: a comparison of native Japanese to American men. We compared the cross-sectional association of alcohol consumption with blood pressure in 810 Japanese men (JM) living in Tokyo and 946 white men (WM) living in New York. Mean systolic (JM and WM, p less than 0.001) and diastolic blood pressure (JM, p less than 0.002; WM, p less than 0.001) were associated with alcohol consumption in both groups. Compared to abstainers, the heaviest drinkers had the highest systolic (JM, p = 0.001; WM, p less than 0.01) and diastolic (JM, p less than 0.002; WM, p less than 0.05) blood pressures. The relation of blood pressure to alcohol intake was J-shaped in the Americans, but linear in the Japanese. Exploratory analyses revealed that the J-shape may have been due to under-reporting of heavy alcohol ingestion by American abstainers. When abstainers were excluded, the relationships were similar in both the American and Japanese. The positive association between blood pressure and alcohol consumption persisted after adjustment for age, cigarette smoking, use of antihypertensive medications, body mass index, heart rate, abdominal skinfold thickness, hematocrit, fasting blood glucose, serum uric acid levels and urinary sodium/potassium ratio. Alcohol use was also related to prevalence of hypertension. These findings confirm the presence of an independent association between alcohol intake and blood pressure in both JM and WM and suggest that, despite differences in the metabolism of alcohol, the relation of alcohol consumption to blood pressure is similar in both nationalities.",normal,0.0450369790196418,0.9549630284309388,0.9549630284309388,non-urgent,387,True,4,cardiovascular diseases,train,Yuvrajxms09/biobert-triage-classifier,0.7,256
"Acute porphyria presenting with hyperamylasemia. An elevation of serum amylase and lipase has not been reported previously to occur with porphyria. In this report, we describe a patient who presented with the clinical and laboratory picture of pancreatitis: elevated amylase, lipase, amylase-creatinine clearance ratio, and with abdominal pain. Only after extensive evaluation, was the patient found to have porphyria. On two separate occasions, with hematin therapy, her serum amylase decreased, as did her clinical symptoms of porphyria and her urinary quantitative porphyrins. This suggests an association between elevation of the serum amylase and lipase with acute porphyria. Moreover, this association can lead to delay in establishing the diagnosis of acute porphyria.",urgente,0.8354172110557556,0.1645827442407608,0.8354172110557556,urgent,183,False,2|5,digestive system diseases|general pathological conditions,train,Yuvrajxms09/biobert-triage-classifier,0.7,256
"Alzheimer's disease and related disorders in state mental hospitals: data from a nationwide survey. Notwithstanding three decades of transferring of the elderly to nursing homes, geriatric patients continue to reside in state mental hospitals. Many of these patients, perhaps one-third or more, are thought to suffer from Alzheimer's disease and related disorders (ADRD). This study reports data from a nationwide survey of state hospitals that provides an exploratory look at the ADRD patients currently served in state hospitals. Admission trends, reasons for admission, and sources of referral are described. Civil commitment of nursing home patients with dementing illnesses and the place of the state hospital in the continuum of care for ADRD patients are discussed.",atenção,0.4301502406597137,0.5698497891426086,0.5698497891426086,non-urgent,153,False,3,nervous system diseases,train,Yuvrajxms09/biobert-triage-classifier,0.7,256
A dentofacial deformity associated with incontinentia pigmenti: report of a case. A case of IP in a 16-year-old girl has been presented. This patient manifested classic ectodermal and mesodermal anomalies. We present this case to illustrate a rare etiologic factor in the development of dentofacial deformities that can be treated in the conventional manner.,normal,0.2198931574821472,0.7801069021224976,0.7801069021224976,non-urgent,91,False,5,general pathological conditions,train,Yuvrajxms09/biobert-triage-classifier,0.7,256
"A rare case of renovascular hypertension due to iatrogenic thoracoabdominal aortic dissection. A report of successful surgical treatment in childhood. Renovascular hypertension due to iatrogenic thoracoabdominal aortic dissection in an 8-year-old girl with aortic valvular stenosis is presented. A splenorenal arterial anastomosis without splenectomy was successfully performed. This procedure is considered best suited for children with thoracoabdominal aortic dissection as the autogenous graft is expected to grow and provide long-term patency. The spleen left in situ was expected to be advantageous, from the immunological aspect, at the time of open heart surgery for aortic valvular stenosis, which was anticipated in the near future in this child.",atenção,0.5946900844573975,0.4053099155426025,0.5946900844573975,urgent,202,False,4|5,cardiovascular diseases|general pathological conditions,train,Yuvrajxms09/biobert-triage-classifier,0.7,256
"Acute and chronic bioeffects of single and multiple doses of piezoelectric shockwaves (EDAP LT.01). Piezoelectric second generation lithotriptors are an established means of administering extracorporeal shockwave lithotripsy (ESWL) enabling treatment to be performed without anaesthesia or analgesia, but higher shockwave doses and multiple or staged treatment are frequently required. The bioeffects of this modality of ESWL, therefore, require further assessment. Seven experimental groups of adult male rabbits were treated using the EDAP LT.01 in order to determine the acute and chronic bioeffects of clinical dose, excess dose, divided excess dose, high frequency and multiple treatment (X10) piezoelectric shockwaves (PSW). Renal function was measured before and after treatment using mercaptoacetyltriglycine (MAG 3) scans. Gross and histological morphological changes were assessed at one and 30 days following application of PSW. Application of single clinical dose PSW was not associated with any significant functional or morphological renal injury. Excess dose PSW caused transient gross renal contusion, which resolved in the majority of animals with no persistent microscopic abnormality. Divided excess dose PSW resulted in no gross or microscopic damage. High frequency PSW was associated with mild histological abnormality. Multiple PSW treatments caused small discrete fibrotic lesions in all cases, without any change in renal function.",atenção,0.4250615537166595,0.5749384164810181,0.5749384164810181,non-urgent,337,True,5,general pathological conditions,train,Yuvrajxms09/biobert-triage-classifier,0.7,256
"A case of group B streptococcal pyomyositis The group B streptococcus is an opportunistic pathogen that causes a variety of serious infections including bacteremias, puerperal sepsis, and neonatal meningitis. Group B streptococcal infections of muscle are rare. We report here an unusual case of group B streptococcal pyomyositis. Pyomyositis arises predominantly from infections caused by Staphylococcus aureus and, occasionally, Streptococcus pyogenes. Because of the rarity of pyomyositis in temperate climates, the common lack of localizing signs or symptoms, and the frequently negative blood cultures, considerable delay often precedes the diagnosis of pyomyositis; in fact, the infection has been initially misdiagnosed as muscle hematoma, cellulitis, thrombophlebitis, osteomyelitis, or neoplasm. Diagnosis may be greatly aided by radiologic techniques that can demonstrate the sites of muscle enlargement and the presence of fluid collections. The response to antibiotics is usually rapid, but resolution of the infection may require aspiration of deeply situated muscle abscesses. This report describes a diabetic patient with an unusual presentation of pyomyositis that mimicked an acute abdomen.",urgente,0.7901448011398315,0.2098552137613296,0.7901448011398315,urgent,305,True,2,digestive system diseases,train,Yuvrajxms09/biobert-triage-classifier,0.7,256
"A phase II multi-institutional trial of low-dose N-(phosphonacetyl)-L-aspartate and high-dose 5-fluorouracil as a short-term infusion in the treatment of adenocarcinoma of the pancreas. A Southwest Oncology Group study. Adenocarcinoma of the pancreas is a highly lethal malignancy and chemotherapy has had little impact on the natural history of this disease. PALA, used to potentiate 5-fluorouracil (5-FU), has been shown to have synergy in vivo and in vitro. Twenty-seven patients were treated with an intravenous push dose of PALA (250 mg/m2) followed 24 hours later with a 24-hour infusion of 5-FU (2600 mg/m2). This regimen was repeated weekly. There was one partial response of 21 eligible patients with an estimated response rate of 5%. Toxicity was severe with one toxic death and four patients experiencing Grade 4 toxicity. 5-Fluorouracil and PALA, given in the schedule described, do not appear to be effective against adenocarcinoma of the pancreas.",atenção,0.6813626289367676,0.3186374008655548,0.6813626289367676,urgent,268,True,1,neoplasms,train,Yuvrajxms09/biobert-triage-classifier,0.7,256
"Abdominal wall reconstruction (the ""mutton chop"" flap). Reconstruction of full-thickness abdominal wall defects can be a difficult surgical challenge. Reconstructing the epigastrium may be especially vexing. The use of prosthetic mesh has significant drawbacks, and the use of pedicled myofascial and myocutaneous flaps should be advantageous. We present 15 consecutive cases demonstrating highly successful reconstructions of massive abdominal wall defects using myofascial and myocutaneous flaps without prosthetic mesh. The extended rectus femoris flap, or ""mutton chop"" flap, which is capable of resurfacing the epigastrium, is described. Complications were minimal, and use of myofascial units, particularly the rectus femoris, should be considered as the technique of choice for reconstruction of major abdominal wall deficits.",atenção,0.4063157141208648,0.5936842560768127,0.5936842560768127,non-urgent,199,False,5,general pathological conditions,test,Yuvrajxms09/biobert-triage-classifier,0.7,256
"Adult immunization in a network of family practice residency programs. A substantial proportion of morbidity and mortality associated with vaccine-preventable diseases occurs among adults. Teaching residents about disease prevention is mandated in the curriculum guidelines for family practice programs. A cooperative study among the Kansas City family practice residency programs was begun to look at immunization behaviors in these teaching programs. A retrospective audit of medical records and a prospective survey of residents and faculty were performed. From the medical records of 400 patients seen for health maintenance examinations, the frequency of tetanus-diphtheria immunizations recorded was 4.75%. The pooled immunization rate recorded for pneumococcal vaccine was 25%, and for influenza vaccine, 24%. Although 93% of respondents knew patients need tetanus-diphtheria immunization every 10 years, on a written questionnaire giving clinical examples, they were less likely to elect to immunize older patients eligible for tetanus-diphtheria vaccine. The following immunization criteria were listed by respondents: for pneumococcal vaccine, age over 65 years (86%); for influenza vaccine, age over 65 years (85%), chronic diseases (69%), residence in a chronic care facility (7%), and being a health care worker (28%). Educational interventions stressing the appropriate criteria and involvement of the patient are planned at the separate programs.",normal,0.0856623798608779,0.9143376350402832,0.9143376350402832,non-urgent,314,True,2,digestive system diseases,test,Yuvrajxms09/biobert-triage-classifier,0.7,256
"Abnormalities of the long arm of chromosome 6 in childhood acute lymphoblastic leukemia. To determine the biologic significance of the structural rearrangements of the long arm of chromosome 6(6q) in acute lymphoblastic leukemia (ALL) at diagnosis, we studied 412 consecutive children whose leukemic cell chromosomes had been completely banded and identified 45 (11%) children with this abnormality. The 45 cases were divided into del(6q) only (n = 11), del(6q) and numerical abnormalities (n = 4), del(6q) and structural abnormalities (n = 23), and 6q translocations (n = 7). The breakpoints of del(6q) were subgrouped: del(6)(q15q21) in 11 cases, del(6) (q13q21) in six, del(6)(q21q23) in four, del(6)(q15) in four, del(6)(q15q23) in three, and other deletions in 10 cases. Notably, all these deletions encompassed the 6q21 band, suggesting that this might be the locus of a recessive tumor suppressor gene, the absence of which contributes to malignant transformation or proliferation. Among the seven children with 6q translocations, a previously unidentified nonrandom translocation, t(6;12)(q21;p13) was noted in two cases with an early pre-B immunophenotype. Clinical features and event-free survival were similar among children with or without 6q abnormalities. Overall, children with 6q abnormalities were less likely than those without the abnormality to have a pre-B immunophenotype (P = .03). T-cell immunophenotypes were equally represented in cases with or without 6q abnormalities. However, all four children with del(6q) and a 12p abnormality had early pre-B ALL and all three children with del(6q) and a 9p abnormality had a T-cell immunophenotype. The lack of specificity for a particular immunophenotype may imply that the gene or genes affected by 6q abnormalities are broadly active in the multistep process of lymphoid leukemogenesis. The relatively high frequency of microscopically visible del(6q) indicates the need for molecular studies to identify cases with submicroscopic deletions.",atenção,0.4136947989463806,0.5863052606582642,0.5863052606582642,non-urgent,547,True,1|5,neoplasms|general pathological conditions,train,Yuvrajxms09/biobert-triage-classifier,0.7,256
"Acute angiographic and clinical outcome of high speed percutaneous rotational atherectomy (Rotablator). Percutaneous rotational atherectomy (Rotablator), a high speed (greater than 100,000 RPM) rotational burr, was used successfully in 38 of 43 patients (88%) (mean age: 65 +/- 7 years) with 82 lesions (71 stenoses and 11 occlusions). The clinical indications were claudication (84%), nonhealing ulcer (7%), and renovascular hypertension (7%). Rotablation was successful in 78 of 82 lesions (95%): 68 of 71 (96%) stenoses (12 of 12 iliac, 11 of 11 femoral, 7 of 8 popliteal, 36 of 37 tibial, and 2 of 3 renal arteries; 60% of lesions were diffuse, i.e., greater than or equal to 4 cm in length), and 10 of 11 (91%) occlusions (5 of 6 femoral, 1 of 1 popliteal, 3 of 3 tibioperoneal, 1 of 1 brachial artery). The Rotablator significantly (p less than 0.001) reduced the arterial obstruction (stenoses: 85 +/- 11% to 12 +/- 12%); occlusions: 100% to 25 +/- 10%). The effective final burr size for arteries varied at 3.5-4.5 mm for renal, 3.0-3.5 mm for femoral, and 2.0-3.0 mm for brachial and tibial. Complications included gross hemoglobinuria without sequelae in 27 patients (63%), groin hematoma in 10 (23%), arterial spasm in 10 (23%), and arterial bypass in 2 (5%). The Rotablator was successfully used, without concomitant conventional balloon angioplasty, to open arterial lesions with excellent angiographic results in both diffuse and segmental peripheral vascular disease. There was gratifying patient clinical improvement.",atenção,0.5148119926452637,0.4851879775524139,0.5148119926452637,urgent,497,True,4|5,cardiovascular diseases|general pathological conditions,test|train,Yuvrajxms09/biobert-triage-classifier,0.7,256
"A comparative analysis of three different techniques for the detection of breast cancer cells in bone marrow. Three different methods, morphologic, immunocytochemic, and fluorescence activated cell sorter (FC) analysis, were compared with respect to their efficiency in detecting breast cancer cells in bone marrow. In the first series of experiments, the three techniques were compared using bone marrow cells artificially mixed with a known amount of breast cancer cells, whereas in a second series bone marrow from breast cancer patients with bone metastases were used. The following results were obtained: When mixtures of the first series were analyzed, FC analysis detected from 1% to 10% of breast cancer cells in bone marrow (0.2% was a border line value), the morphologic method detected from 0.05% to 10%, and the immunocytochemic method, which was clearly superior, detected breast cancer cells in all mixtures (from 0.00025% to 10%). It was noted that, with both the morphologic and immunocytochemic methods, the percentage of breast cancer cells detected was 2 to 360 times higher than the percentage of added cells, and enrichment was inversely proportional to the percentage of added cells. This result could be a result of different separation of cells during centrifugation due to the different density of breast cancer cells. The superiority of the immunocytochemic method was confirmed in the second series of experiments.",normal,0.276925653219223,0.7230743169784546,0.7230743169784546,non-urgent,322,True,1,neoplasms,test,Yuvrajxms09/biobert-triage-classifier,0.7,256
"Absorption and motility of the bypassed human ileum. The authors assessed absorption and motility of the human ileum after a prolonged period of disuse. In eight patients with ulcerative colitis, a manometric-catheter assembly was placed via the ileostomy into the unused portion of distal ileum two months after ileal pouch-anal anastomosis and temporary diverting loop ileostomy. The distal ileum was perfused at 5 ml/min with an isosmotic solution of either sodium chloride or ileal chyme diluted with sodium chloride for three hours before and three hours after a meal on two consecutive days. Absorption was measured, single and clustered pressure waves were identified and quantitated with the aid of a computer program, and a motility index was calculated. Mean absorption +/- S.E.M. of both perfusates was poor on day 1 (-10 +/- 2 ml/25 cm x 30 min), and the meal induced no ileal motor response. By day 2, however, absorption of both perfusates was much improved (-1 +/- 2 ml/25 cm x 30 min; P less than 0.05), and the number of discrete clustered contractions and the motility index now clearly increased after the meal (2.6 +/- 0.6 vs. 7.2 +/- 1.0 clustered waves/hr; 7.5 +/- 0.5 vs. 9.7 +/- 0.2 motility units/30 min; P less than 0.05). The conclusion was that absorption and motility of the human ileum were impaired after two months of disuse, but that ileal absorption and motility improved one day after the introduction of isosmotic ileal perfusates.",normal,0.1226975321769714,0.8773024678230286,0.8773024678230286,non-urgent,408,True,2,digestive system diseases,train,Yuvrajxms09/biobert-triage-classifier,0.7,256
"A controlled trial of beclomethasone versus betamethasone enemas in distal ulcerative colitis. Steroid enemas are widely used in distal inflammatory bowel disease (IBD). They are partly absorbed and suppress adrenocortical function. Beclomethasone dipropionate (BD) is a topically active steroid that undergoes rapid first-pass inactivation in the liver and is practically devoid of systemic side effects. We treated 32 consecutive patients with active distal ulcerative colitis (40 attacks) with 0.5 mg BD and/or 5 mg betamethasone phosphate (BP) enemas for 28 days. Clinical, laboratory, sigmoidoscopic, and histologic data were recorded before, during, and after the trial. The clinical efficacy of both treatments was similar. Betamethasone was slightly more effective in relation to the histologic improvement and disappearance of blood from the stools. Clinical signs of steroid overdosage were noted in patients on BP but not in patients on BD. Mean fasting plasma cortisol at the end of the trial was 2.9 micrograms/dl in the BP group and 15.3 micrograms/dl in the BD group. The adrenocorticotropin test was markedly suppressed in the BP group but not in the BD group. The absence of systemic steroid side effects makes BD enemas a useful addition in the therapy of IBD. Its oral administration should also be considered.",normal,0.1480986177921295,0.8519013524055481,0.8519013524055481,non-urgent,343,True,2,digestive system diseases,train,Yuvrajxms09/biobert-triage-classifier,0.7,256
"A comparison of host responses of the Mongolian jird to infections of Brugia malayi and B. pahangi. Host responses of jirds receiving a single subcutaneous inoculation of subperiodic Brugia malayi were compared with those of jirds similarly infected with B. pahangi. Parasite burdens, lymphatic lesion severity, granulomatous reactivity, antibody responses to parasite antigens, and complete blood cell counts were assessed at 60 and 150 days post-inoculation. At 60 days post-inoculation, percentages of adults recovered at necropsy and lymphatic lesion severity were greater in B. pahangi-infected jirds. At 150 days post-inoculation, lesion severity and percentages of worms recovered were similar in both infections. No significant differences were noted in either infection in reactivity to homologous or heterologous parasite antigens in any parameter measured. Similarities in the kinetics of the inflammatory reactivities of the 2 infections suggest that previous observations made in the jird-B. pahangi model could be utilized in designing studies using B. malayi. Further, the more marked lesion severity observed in B. pahangi-infected jirds and the relative ease of maintaining B. pahangi in the laboratory support the continued use of this system as a conceptual model for the study of lymphatic lesion pathogenesis.",normal,0.1986431032419204,0.8013569116592407,0.8013569116592407,non-urgent,309,True,5,general pathological conditions,train,Yuvrajxms09/biobert-triage-classifier,0.7,256
"Alterations in aldosterone secretion and metabolism in low renin hypertension. Low renin essential hypertensives (LRH) have normal plasma aldosterone levels which are inappropriately high in relation to their PRA. Posture is the major determinant for plasma aldosterone and PRA levels, but it is not known whether postural increments (delta) of plasma aldosterone and (delta) PRA are also abnormal in LRH. To evaluate this, LRH (n = 8), normal renin hypertensives (NRH; n = 9), normotensive controls (n = 18), and subjects with idiopathic hyperaldosteronism (IHA; n = 5) were studied in a metabolic unit on a controlled diet over 7 days. Overnight supine and 4-h upright PRA, plasma aldosterone, and 24-h urinary tetrahydroaldosterone (THA) and aldosterone secretion rates (ASR) were measured. The delta in plasma aldosterone after 4 h of upright posture was not different in the four groups. The ratio of delta plasma aldosterone/delta PRA, however, was elevated in both IHA and LRH compared to that in NRH and normals. THA excretion was also elevated in IHA and LRH, but LRH had a normal ASR. This resulted in a higher fractional THA excretion (THA/ASR) in LRH compared to the other three groups. These data further support enhanced adrenal angiotensin-II sensitivity in LRH. Aldosterone was preferentially metabolized to THA in LRH. Since THA has reduced biological activity, this may be a compensatory mechanism to reduce mineralocorticoid activity in LRH.",normal,0.1281837821006775,0.8718162178993225,0.8718162178993225,non-urgent,421,True,4,cardiovascular diseases,train,Yuvrajxms09/biobert-triage-classifier,0.7,256
"Acute myeloid leukemia and background radiation in an expanded case-referent study. A case-referent study that investigated possible associations between environmental and occupational exposures and acute myeloid leukemia was performed on 86 cases and 172 referents, all of whom were living. Exposure information was obtained through a questionnaire mailed to each subject. An association was found between time spent in concrete buildings at home and work and leukemia morbidity. In addition, extensive x-ray examinations that occurred more than 5 y prior to diagnosis were more common among cases than referents.",normal,0.1529071033000946,0.8470929265022278,0.8470929265022278,non-urgent,126,False,1|5,neoplasms|general pathological conditions,train,Yuvrajxms09/biobert-triage-classifier,0.7,256
"Abnormal processing of pro-IGF-II in patients with hepatoma and in some hepatitis B virus antibody-positive asymptomatic individuals. Hepatomas are a common malignancy in countries with a high prevalence of hepatitis B virus infections. These tumors may present with severe persistent hypoglycemia. We have studied the possible relationship of production of insulin-like growth factor II (IGF-II) by these tumors and the development of hypoglycemia. Mean IGF-II concentration was not significantly higher in 23 patients with hypoglycemia than in nine patients with euglycemia (542 +/- 61 [SE] micrograms/L vs 382 +/- 52 micrograms/L). Serum IGF-I was more suppressed in patients with hypoglycemia (16 +/- 3 micrograms/L) than in patients with euglycemia (57 +/- 18 micrograms/L). Because an increased percentage of IGF-II in serum of patients with hypoglycemia who have other tumors is present as partially processed pro-IGF-II (""big"" IGF-II), we passed sera of patients with hypoglycemia and patients with euglycemia with hepatomas through acidic Bio-Gel P-60 columns. We found that 57% +/- 4.6% of the IGF-II in sera from patients with hypoglycemia was present as big IGF-II compared with 22% +/- 3% in patients with euglycemia with hepatomas (not significantly different from that in normal controls). Four of 11 apparently healthy control subjects who were hepatitis B virus positive also had increased percentages of big IGF-II, suggesting that abnormal processing of pro-IGF-II may result from subtle changes in liver function with this infection. It remains to be determined whether these subjects with increased big IGF-II are at increased risk for the development of hepatomas. In conclusion, we have confirmed marked suppression of IGF-I in the sera of patients with hepatoma and hypoglycemia.",atenção,0.3168446123600006,0.6831554174423218,0.6831554174423218,non-urgent,502,True,1,neoplasms,train,Yuvrajxms09/biobert-triage-classifier,0.7,256
"Adult phosphorylase b kinase deficiency. Phosphorylase b kinase deficiency affecting muscle has been observed infrequently in children with weakness and hepatomegaly, and in 2 adults with cramps on exertion. We observed 2 additional adults with phosphorylase b kinase deficiency: Patient 1, aged 58, had progressive, predominantly distal weakness since age 46 but no cramps on exertion; Patient 2, aged 26, had cramps on exertion since age 6 but no weakness. Lactate production on ischemic exercise was impaired only in Patient 1. The serum creatine kinase level was elevated in both. Muscle specimens showed focal glycogen excess in both, and a necrotizing myopathy and mild denervation atrophy in Patient 1. Muscle phosphorylase b kinase activity was 0.5% and 8.9% of the lowest control value in Patients 1 and 2, respectively; erythrocyte phosphorylase b kinase activity was normal in both; liver phosphorylase b kinase activity, measured in Patient 1, was also normal. Other glycolytic enzymes in muscle were preserved in both.",normal,0.2560024857521057,0.7439975142478943,0.7439975142478943,non-urgent,269,True,3|5,nervous system diseases|general pathological conditions,test,Yuvrajxms09/biobert-triage-classifier,0.7,256
"A successful treatment of an intrarenal arteriovenous fistula by percutaneous embolization. A 37-year-old woman patient, known to have poorly controlled arterial hypertension that was diagnosed following a cerebrovascular accident at the age of 15 years, was referred to our outpatient clinic for investigation in 1987. An intrarenal arteriovenous fistula was diagnosed by selective renal angiography. Embolization of the fistula was performed using four 15-mm/5-cm coils, which induced thrombosis and obstructed the fistula. The vascularization of the affected kidney improved immediately. During the following 4 months, the antihypertensive treatment was stopped gradually, and the patient remained normotensive. This is an unusual case of a large intrarenal arteriovenous fistula, whose etiology was not clear, that was successfully treated by percutaneous embolization.",urgente,0.7937016487121582,0.206298366189003,0.7937016487121582,urgent,206,False,4|5,cardiovascular diseases|general pathological conditions,train,Yuvrajxms09/biobert-triage-classifier,0.7,256
"Adjuvant antibiotic therapy in duodenal ulcers treated with colloidal bismuth subcitrate. Persistence of Helicobacter pylori after duodenal ulcer healing is associated with high rates of ulcer relapse. We compared colloidal bismuth subcitrate alone with CBS combined with one of four antibiotic regimens in the treatment of duodenal ulcers. Endoscopy and antral biopsies were performed before treatment and four weeks afterwards. Biopsy specimens were examined for histological evidence of gastritis and by Gram stain and culture for H pylori infection. Altogether 141 patients were allocated to one of five treatment groups. Giving CBS and metronidazole (400 mg tid for 7 days) with and without amoxycillin (500 mg tid) achieved higher clearance rates of H pylori than treatment with CBS alone (p less than 0.01). These two combinations also achieved higher rates of antral gastritis healing than CBS alone (p less than 0.01 and p less than 0.05 respectively). Susceptibility to metronidazole was tested in 29 isolates before and in seven isolates after treatment with metronidazole by disc diffusion test and minimum inhibitory concentration assay. Twenty seven (93%) of the isolates were sensitive before treatment while six of seven (86%) were resistant afterwards. Four of the six resistant strains had acquired resistance during treatment and one of these had acquired metronidazole resistance despite concomitant treatment with amoxycillin, to which it remained sensitive. CBS with adjuvant metronidazole at a dose of 400 mg tid for seven days significantly improves the eradication of H pylori compared with CBS alone. Acquired metronidazole resistance, however, seems to be an important cause of failure to eradicate H pylori.",normal,0.1685174852609634,0.831482470035553,0.831482470035553,non-urgent,419,True,2,digestive system diseases,train,Yuvrajxms09/biobert-triage-classifier,0.7,256
"A cellist with arm pain: thermal asymmetry in scalenus anticus syndrome. We report on a cellist with pain and coldness of the upper extremity. Abnormal thermographic studies were instrumental in uncovering intermittent compression of the subclavian artery, and this prompted us to study the effects of cello playing on skin temperature asymmetry. Temperature asymmetry was defined as the temperature difference (delta-T) from one hand to the other. In 57 controls, mean delta-T at rest was .309 +/- .254C. Exercising the upper extremities by prolonged elbow flexion or by movements mimicking cello playing in controls did not significantly affect delta-T. In our patient, delta-T was ten times control (3.6C). Angiography showed extrinsic compression of the subclavian artery occurring only after cello playing; sympathetic ganglion block relieved the pain. Our patient's abnormal skin temperature may have reflected sympathetic vasomotor hyperactivity. Intermittent neurovascular compression and sympathetic hyperactivity appear to be factors in scalenus anticus syndrome.",normal,0.129902109503746,0.870097815990448,0.870097815990448,non-urgent,252,False,3|4|5,nervous system diseases|cardiovascular diseases|general pathological conditions,train,Yuvrajxms09/biobert-triage-classifier,0.7,256
"AAEM minimonograph #35: Clinical experience with transcranial magnetic stimulation. We elicited motor evoked potentials (MEPs) using transcortical magnetic stimulation in 150 control subjects aged 14 to 85 years and 275 patients with a variety of diseases. There were no significant side effects. Cortex-to-target muscle latencies measured 20.2 +/- 1.6 ms (thenar), 14.2 +/- 1.7 ms (extensor digitorum communis), 9.4 +/- 1.7 ms (biceps), and 27.2 +/- 2.9 ms (tibialis anterior). Central motor delay between the cortex and the C-7 and L-5 measured 6.7 +/- 1.2 ms and 13.1 +/- 3.8 ms, respectively. Mean spinal cord motor conduction velocity measured 65.4 m/s. MEP amplitude expressed as a percentage of the maximum M wave was never less than 20% of the M wave. A value of less than 10% is considered abnormal. MEP latency increases linearly with age and central motor delay is longer in older subjects. Compound muscle action potentials and absolute MEP amplitudes decreased linearly with age. In multiple sclerosis (MS), MEP latency and central delay were often very prolonged. The MEP was more sensitive than the SEP in MS. In amyotrophic lateral sclerosis, MEP latencies were only modestly prolonged; the characteristic abnormality was reduced amplitude. When pseudobulbar features predominated MEPs were often absent. The MEP was of normal latency in Parkinson's disease, but age-related amplitude was often increased. MEP latency and amplitude were normal in Huntington's disease. Abnormal MEPs persisted several months after stroke despite good functional recovery. The MEP could be used to advantage to demonstrate proximal conduction slowing and block in demyelinating neuropathies. In plexopathy, ability to elicit an MEP several days after onset of paresis was good evidence of neuronal continuity in motor fibers.",normal,0.1836142539978027,0.8163856863975525,0.8163856863975525,non-urgent,465,True,3,nervous system diseases,train,Yuvrajxms09/biobert-triage-classifier,0.7,256
"A clarification on endodontic flare-ups [comment] In an article on endodontic flare-ups by Robert J. Matusow, our research and publications are discussed. Since we found what we consider to be distortions and misinterpretations of our work, it was decided to clarify the apparent discrepancies found in Matusow's article.",normal,0.0728671997785568,0.9271328449249268,0.9271328449249268,non-urgent,86,False,5,general pathological conditions,train,Yuvrajxms09/biobert-triage-classifier,0.7,256
"A prognostic system for transient ischemia or minor stroke. OBJECTIVE: To build a prognostic system for patients with carotid transient ischemic attack or minor stroke. DESIGN: Inception cohort study with 2-year follow-up. SETTING: Urban community teaching hospital. PATIENTS: Eligible patients (n = 142), identified on a carotid ultrasound roster, had been hospitalized between 1984 and 1987 within 30 days of a first carotid transient ischemic attack or minor stroke. MEASUREMENTS: Stroke or death within 2 years. MAIN RESULTS: Three factors were associated with stroke or death: age of more than 65 years, diabetes, and hypertension. Based on regression coefficients, age of more than 65 years was assigned 3 points; diabetes, 3 points; and hypertension, 2 points. An initial prognostic system comprised risk groups 1 (0 points), 2 (1 to 5 points), and 3 (6 to 8 points). Outcome rates in the three groups were 2%, 31%, and 54% (P less than 0.0001), respectively. In an independent test sample, the corresponding outcome rates for the initial system were 12%, 21%, and 31% (P = 0.04). A final prognostic system, including two additional predictors (coronary heart disease [1 point] and the distinction between stroke and transient ischemic attack for the baseline event [2 points]), comprised risk groups 1 (0 to 2 points), 2 (3 to 6 points), and 3 (7 to 11 points). Corresponding outcome rates were 3%, 27%, and 48% (P less than 0.001) in the original cohort and 10%, 21%, and 59% (P less than 0.001) in the test cohort. CONCLUSION: For selected patients with carotid transient ischemia or minor stroke, five clinical features can be combined to stratify effectively the risk for a subsequent stroke or death.",atenção,0.4502276182174682,0.5497724413871765,0.5497724413871765,non-urgent,472,True,3|5,nervous system diseases|general pathological conditions,train,Yuvrajxms09/biobert-triage-classifier,0.7,256
"A kallikrein-like enzyme in blood vessels of one-kidney, one clip hypertensive rats. Active and inactive kallikrein or a kallikrein-like enzyme are found in the aorta, vena cava, and tail artery and veins of the rat. We studied the concentration of vascular kininogenase in rats with one-kidney, one clip renovascular hypertension and in unilaterally nephrectomized normotensive rats. Six weeks after surgery, active and total vascular kininogenase activity (active plus trypsin-activated) was measured. Blood pressure was 212 +/- 4 mm Hg in the hypertensive rats (n = 33) and 120 +/- 1 mm Hg in the normotensive rats (n = 32) (p less than 0.001). Active kininogenase was lower in the hypertensive rats; although the difference was not significant in the thoracic aorta (56 +/- 8 versus 77 +/- 15), it was highly significant in the abdominal aorta (63 +/- 13 versus 167 +/- 17, p less than 0.001) and tail artery (48 +/- 8 versus 197 +/- 31, p less than 0.003). Total vascular kininogenase activity (active plus trypsin-activated) was lower in the hypertensive rats in all arteries examined: thoracic aorta (183 +/- 16 versus 380 +/- 38, p less than 0.003), abdominal aorta (565 +/- 61 versus 1,093 +/- 74, p less than 0.001), and tail artery (532 +/- 112 versus 1,243 +/- 135, p less than 0.003). Active kininogenase in the vena cava was higher in the hypertensive rats (213 +/- 56 versus 131 +/- 31); however, this difference was not statistically significant, whereas in the tail veins it was highly significant (1,803 +/- 221 versus 771 +/- 79, p less than 0.003).",normal,0.2331916242837906,0.7668083906173706,0.7668083906173706,non-urgent,484,True,4,cardiovascular diseases,train,Yuvrajxms09/biobert-triage-classifier,0.7,256
A forme fruste of Marfan's syndrome: case history. A thirty nine year old woman presented with multiple aneurysms and dissections of the arterial system secondary to cystic medial necrosis is presented. After assessment of the family history a diagnosis of a forme fruste of Marfan's syndrome was made. Preoperative consideration of this rare diagnosis is important for treatment and surgical management.,urgente,0.7533665895462036,0.2466333955526352,0.7533665895462036,urgent,92,False,4,cardiovascular diseases,train,Yuvrajxms09/biobert-triage-classifier,0.7,256
"Airway responsiveness to inhaled methacholine in patients with irritable bowel syndrome. We examined whether patients with irritable bowel syndrome have increased airway responsiveness by measuring forced expiratory volumes in 1 second (FEV1) after inhalation of increasing concentrations of methacholine. Responses obtained in 11 IBS patients were compared with those obtained in 11 normal subjects and in 11 subjects with organic disease of the gut or its related organs. All subjects were selected so that other factors that might contribute to increased airway responsiveness were excluded. The methacholine concentration that caused a 20% fall in the FEV1 (PC20), as well as the reduction in FEV1 induced by each methacholine concentration, were used to assess airway responsiveness. The geometric mean PC20 was 197.6 mg/mL (%SEM, 1.15) for normal subjects, 83.9 mg/mL (%SEM, 1.51) for subjects with organic bowel disease (P = 0.012), and only 12.8 mg/mL (%SEM, 1.74) for IBS patients (P less than 0.0001). The 22.5% +/- 2.5% decrease in FEV1 induced by 64 mg/mL of methacholine in IBS patients was significantly greater than that of 12.3% +/- 1.5% observed in healthy subjects (P = 0.003). In contrast, the 15.7% +/- 2.0% decrease in FEV1 observed in patients with organic disease was not different from that seen in normal subjects (P = 0.189). We conclude that IBS is associated with increased airway responsiveness following challenge with methacholine.",normal,0.1040627136826515,0.8959372639656067,0.8959372639656067,non-urgent,406,True,2,digestive system diseases,test,Yuvrajxms09/biobert-triage-classifier,0.7,256
"A comparison of coarctation resection and subclavian flap angioplasty using ultrasonographically monitored postocclusive reactive hyperemia The reported relatively high incidence of early restenosis at the coarctation repair site with subclavian flap angioplasty, especially in infants less than 3 months of age, prompted a physiologically oriented analysis of relief of obstruction from coarctation after subclavian flap angioplasty versus resection and end-to-end anastomosis in infancy. Twenty-one patients who had undergone repair of coarctation in infancy by either subclavian flap angioplasty (nine patients) (median age 8 years) or resection and end-to-end anastomosis (12 patients) (median age 8 years) were evaluated by Doppler spectrum analysis of the blood flow velocities in the femoral artery at rest and during reactive hyperemia. The median resting right upper to lower limb systolic pressure difference (with interquartile range) was similar in the angioplasty, resection and anastomosis, and control groups: -5 mm Hg (18 mm Hg), 0 mm Hg (12 mm Hg), and -2.5 mm Hg (10 mm Hg), respectively. Also, similar resting values for the maximum frequency of the advancing curve and the pulsatility and resistance indices were measured in the three groups. During reactive hyperemia of the leg, however, a significant hemodynamic obstruction across the repair site became clinically manifest in the angioplasty group only, as documented by a lower pulsatility index in comparison with the control group (p = 0.01, Mann-Whitney U test). Comparison of the hemodynamic results between the angioplasty and resection and anastomosis groups in subdivisions of infants operated on at an age of less or greater than 3 months, both at rest and during reactive hyperemia, showed, already at rest, a significantly lower value for the pulsatility index in the former angioplasty subdivision (p = 0.05, Student's t test), indicating a significant resistance at the coarctation repair site in the angioplasty patients operated on before the third month of life. A disadvantage of angioplasty (compared with resection and anastomosis) was noted when angioplasty was performed before the third month of life, and an unequivocal lack of advantage was noted when performed beyond that period regarding relief of obstruction from coarctation. In addition, a definite potential for adverse long-term effects on the hemodynamics of the left upper limb after subclavian flap angioplasty in infancy has been documented. For these reasons we prefer to perform resection and end-to-end anastomosis for repair of coarctation in infancy.",normal,0.1865976601839065,0.8134022951126099,0.8134022951126099,non-urgent,647,True,4,cardiovascular diseases,train,Yuvrajxms09/biobert-triage-classifier,0.7,256
"Acute lower respiratory tract infection due to virus among hospitalized children in Dhaka, Bangladesh. The nature of acute lower respiratory tract infection (ALRI) in hospitalized children and of the associated viral agents was assessed in a study of 601 children less than 5 years old over a 24-month period. Of these children, 80% were less than 24 months of age and the ratio of boys to girls was 1.7:1. Pneumonia (86.5% of cases) was the most frequently observed clinical manifestation. Shedding of virus was detected in 21.1% of the children; the highest rate occurred in infants 0-5 months old (27%) as compared with a rate of only 12.5% in children 25-60 months old. Virus was detected in 33.3%, 32.8%, 21.2%, and 20% of the cases of tracheobronchitis, bronchiolitis, pneumonia, and croup, respectively. Among the viruses detected, 78% were respiratory syncytial virus (RSV) (91% of infections with this virus occurred in children less than 2 years old) and 14.4% were influenza virus types A and B. Of the RSV infections, 61% occurred in infants less than 1 year old. The case-fatality rate was 6.8% overall and was 4.8% in virus-associated cases. No consistent pattern of seasonal occurrence of viral infections was discerned. RSV was detected throughout the year, with increased prevalence from January to April.",atenção,0.6310729384422302,0.368927001953125,0.6310729384422302,urgent,330,True,5,general pathological conditions,test,Yuvrajxms09/biobert-triage-classifier,0.7,256
"Acinic cell carcinoma. Clinicopathologic review. The authors reviewed 90 cases of acinic cell carcinoma treated at the Mayo Clinic to assess long-term follow-up and to study features predictive of disease progression. Sixty-three patients (55 females and 35 males) were seen for primary treatment; 27 had recurrent disease when first evaluated. Histologically, these tumors were composed of serous acinar cells and intercalated duct-type cells. Morphologic patterns included solid, microcystic, follicular, and papillary-cystic. All patients were followed for at least 10 years or until death. Of the primary treatment group, 44% had local recurrence, 19% had metastasis, and 25% died of disease. Disease first recurred locally up to 30 years after presentation and resulted in death after as many as 38 years. Poor prognostic features include pain or fixation; gross invasion; microscopic features of desmoplasia, atypia, or increased mitotic activity; and excision as initial treatment. Neither morphologic pattern nor cell composition was a predictive feature.",atenção,0.4131823480129242,0.5868176817893982,0.5868176817893982,non-urgent,251,False,1,neoplasms,train,Yuvrajxms09/biobert-triage-classifier,0.7,256
"A new method of haemodynamic assessment of mitral stenosis in atrial fibrillation: construction of a nomogram. Accurate haemodynamic assessment of mitral stenosis by hydraulic formulas requires measurement of the mean valve gradient and the cardiac output. The calculation is laborious, particularly in the presence of atrial fibrillation when averaged values obtained from multiple beat-to-beat determinations must be used. The relations between valve area, end diastolic gradient, and heart rate in 20 patients with mitral stenosis and atrial fibrillation were examined. In each patient the end diastolic pressure gradient for each cardiac cycle was related linearly to the RR interval of that cycle, and this relation was unchanged on exercise. The slope (S) and intercept (I) of this relation correlated with the degree of mitral stenosis as measured by the Gorlin valve area. The regression equations describing these relations were then used to construct a nomogram relating end diastolic pressure gradient to mitral valve area at different heart rates. When the nomogram was applied to catheterisation data from a further 30 patients the results correlated well with direct calculation of valve area by the Gorlin formula. The nomogram is simple to use, does not require measurement of cardiac output, and is independent of heart rate so that it is unnecessary for the patient to exercise during catheterisation.",normal,0.2419617027044296,0.7580382823944092,0.7580382823944092,non-urgent,306,True,4,cardiovascular diseases,train,Yuvrajxms09/biobert-triage-classifier,0.7,256
"Age effects susceptibility to pulmonary barotrauma in rabbits. OBJECTIVE: We studied the effect of age on the development of pulmonary barotrauma after mechanical ventilation with high peak inspiratory pressures (PIP). DESIGN: Young (4 to 6 wk old) and adult rabbits were ventilated for 1 hr at PIPs of 15, 30, and either 45 cm H2O (young group) or 55 cm H2O (adult group). MEASUREMENTS AND MAIN RESULTS: The pulmonary capillary filtration coefficient (Kf,c) was measured in an isolated lung perfusion system after the animals were killed. In young rabbits, Kf,c increased significantly from the 15 cm H2O PIP value in both the 30 cm H2O (55%) and 45 cm H2O (507%) PIP groups, whereas Kf,c was increased in adult rabbits only in the 55 cm H2O (113%) PIP group. Kf,c was significantly (p less than .01) higher in young rabbits than in adult rabbits after ventilation, with every level of PIP being 91% higher at 15 cm H2O PIP and 440% higher at 45 to 55 cm H2O PIP. Also, a greater incidence of pneumothorax and airleaks was observed in the young rabbits. Pressure-volume loops demonstrated that the young rabbits had more compliant lungs and chest wall than adult rabbits. CONCLUSIONS: These data indicate that the lungs of young rabbits had a higher baseline microvascular permeability and were more susceptible to the development of ventilator-induced increased microvascular permeability. More compliant lungs and chest wall and the larger distending volumes attained at each peak airway pressure appear to be the mechanisms.",atenção,0.4112936854362488,0.5887063145637512,0.5887063145637512,non-urgent,404,True,5,general pathological conditions,train,Yuvrajxms09/biobert-triage-classifier,0.7,256
"A comparative study of gastrointestinal infections in United States soldiers receiving doxycycline or mefloquine for malaria prophylaxis. A double blind study of daily doxycycline (100 mg) vs. weekly mefloquine (250 mg) was performed on United States soldiers training in Thailand to assess the effect of doxycycline malaria prophylaxis on the incidence of gastrointestinal infections. During a 5 week period, 49% (58/119) of soldiers receiving doxycycline and 48% (64/134) of soldiers receiving mefloquine reported an episode of diarrhea. Infection with bacterial enteric pathogens was identified in 39% (47/119) of soldiers taking doxycycline and 46% (62/134) of soldiers taking mefloquine. Forty-four percent (59/134) of soldiers receiving mefloquine and 36% (43/119) of soldiers receiving doxycycline were infected with enterotoxigenic Escherichia coli (ETEC), while 9% (12/134) of soldiers receiving mefloquine and 4% of soldiers receiving doxycycline were infected with Campylobacter. Side effects from either medication were minimal. After 5 weeks in Thailand, the percent of non-ETEC strains resistant to greater than or equal to 2 antibiotics increased from 65% (77/119) to 86% (95/111) in soldiers on mefloquine and from 79% (84/106) to 93% (88/95) in soldiers on doxycycline. Doxycycline prophylaxis did not prevent or increase diarrheal disease in soldiers deployed to Thailand where ETEC and other bacterial pathogens are often resistant to tetracyclines.",atenção,0.327513188123703,0.6724868416786194,0.6724868416786194,non-urgent,393,True,2,digestive system diseases,train,Yuvrajxms09/biobert-triage-classifier,0.7,256
"A novel metalloproteinase gene specifically expressed in stromal cells of breast carcinomas. A gene has been identified that is expressed specifically in stromal cells surrounding invasive breast carcinomas. On the basis of its sequence, the product of this gene, named stromelysin-3, is a new member of the family of metalloproteinase enzymes which degrade the extracellular matrix. The suggestion is that stromelysin-3 is one of the stroma-derived factors that have long been postulated to play an important part in progression of epithelial malignancies.",normal,0.2050853669643402,0.7949146032333374,0.7949146032333374,non-urgent,132,False,1,neoplasms,train,Yuvrajxms09/biobert-triage-classifier,0.7,256
"A hospital-based study of acute viral infections of the respiratory tract in Thai children, with emphasis on laboratory diagnosis. The hospital-based study described here examined the viruses found in 738 children less than 5 years old who presented at Ramathibodi Hospital, Bangkok, Thailand, from January 1986 to December 1987 with acute respiratory tract infections. Three methods for detection of viral infection are compared: direct examination of epithelial cells of the respiratory tract with the use of fluorescent antibody staining, isolation of virus, and measurement of antibody in acute- and convalescent-phase sera. Viral infections were found in 44.7% of the study population. Diagnosis by the examination of epithelial cells with the fluorescent antibody staining procedure was found to have several deficiencies; however, this technique was the most sensitive for diagnosis of infection due to respiratory syncytial virus. Isolation of virus was the best method for identification of adenoviruses, parainfluenza 1 and 3 viruses, and influenza B virus. Problems associated with serodiagnosis included failure to obtain specimens of convalescent-phase blood in 24.5% of cases and insensitivity of serodiagnosis for young children except for the identification of antibody to influenza A virus. The combination of all three tests yielded the best rate of detection of virus.",atenção,0.5002177357673645,0.4997823238372803,0.5002177357673645,urgent,289,True,5,general pathological conditions,train,Yuvrajxms09/biobert-triage-classifier,0.7,256
"Acute pelvic inflammatory disease after surgical sterilization. STUDY OBJECTIVE: Physicians are very cognizant of the possibility of pregnancy after surgical sterilization, but the potential for acute pelvic inflammatory disease (PID) is thought to be rare. This study was undertaken to determine if upper tract PID occurred more frequently than previously reported in patients remote from surgical sterilization. DESIGN: Retrospective review of hospitalized patients with the primary discharge diagnosis of PID. SETTING: Urban, university hospital. PARTICIPANTS: Three hundred sixty-four hospitalized patients with the primary discharge diagnosis of PID over a six-year study period. MEASUREMENTS AND MAIN RESULTS: Patients' age; gynecologic histories and diagnoses; and laboratory, clinical, and surgical findings were noted. Twenty-three cases of acute PID were identified in 21 patients previously sterilized (6%). Nine of the 23 cases had systemic toxicity warranting surgical evaluation; 18 of the 23 cases were admitted from the emergency department. Mean statistical characteristics of the study group were age, 27.3 +/- 0.8 (SE) years; time interval from sterilization, 49.8 +/- 7.4 months; WBC 15,000 +/- 1,200; and temperature, 38.0 +/- 0.2 C. CONCLUSION: We conclude that acute PID may occur more frequently than previously reported in patients with prior surgical sterilization. An increased awareness of this entity is warranted.",atenção,0.6543083190917969,0.3456917405128479,0.6543083190917969,urgent,348,True,5,general pathological conditions,train,Yuvrajxms09/biobert-triage-classifier,0.7,256
"A case-control study of risk factors for intraoperative suprachoroidal expulsive hemorrhage. The authors performed a case-control study of risk factors for suprachoroidal expulsive hemorrhage (SEH); the study involved 68 SEH cases at their institution from 1981 to 1986. The authors examined 113 variables in the study group and a procedure-matched control group of 217 patients randomly selected from the 35,459 patients who underwent intraocular surgery during this period, and subjected them to bivariate and conditional logistic regression analysis. The incidence of SEH was 0.19% overall, 0.16% for lens-related procedures, 0.15% for glaucoma surgery, 0.41% for retinal and vitreous procedures, and 0.56% for keratoplasty. Statistically significant risk factors for SEH in age-adjusted bivariate analyses included: glaucoma (P less than 0.0001), increased axial length (P less than 0.0001), elevated intraocular pressure (IOP) (P less than 0.0001), generalized atherosclerosis (P = 0.007), and elevated intraoperative pulse (P = 0.0001). Conditional logistic regression analysis with frequency matching on age identified significant independent risks associated with a history of glaucoma, elevated IOP, increased axial length, and intraoperative tachycardia. One of the models predicts a 752-fold increased theoretical relative risk of SEH for a patient with axial length greater than or equal to 25.8 mm, a history of glaucoma, preoperative IOP greater than 18 mmHg, and intraoperative pulse greater than or equal to 85 beats per minute. The visual outcome after SEH was best in cases of extracapsular cataract extraction (ECCE), compared with other procedures. Results suggest that attention to multiple preoperative and intraoperative ocular and systemic variables may allow identification and prophylaxis of patients at risk for SEH.",atenção,0.5616405010223389,0.4383594989776611,0.5616405010223389,urgent,463,True,5,general pathological conditions,train,Yuvrajxms09/biobert-triage-classifier,0.7,256
"A prospective study of sodium-lithium countertransport and hypertension in Utah. A 7-year prospective study of a cohort of 1,458 normotensive adults from Utah pedigrees, screened from 1980 to 1985, was done to determine whether baseline levels of sodium-lithium countertransport were associated with an increased risk of future hypertension. Subsequent new hypertension (n = 39) was ascertained in 1989 from detailed follow-up medical questionnaires (67% response). Previous segregation analyses on a subset of these pedigree members who responded (n = 342) using family relationships in addition to countertransport levels have shown statistically inferred major gene segregation of sodium-lithium countertransport levels. In the normotensive adults inferred by segregation analysis to carry the recessive major gene for high sodium-lithium countertransport, new-onset hypertension occurred in 18.8% (3 of 16) compared with 3.7% (12 of 326) in the low sodium-lithium countertransport genotype group (relative risk, 4.6 [1.6, 13.9]; p = 0.03). However, an elevated baseline sodium-lithium countertransport level without genotype information from segregation analysis did not increase the risk of future hypertension in the complete cohort of adult pedigree members (relative risk, 1.02 [0.85, 1.22]). Adjustment for other risk factors reduced the relative risk to 0.90 (0.72, 1.11). We conclude that the presence of a major gene for sodium-lithium countertransport or another closely linked gene, rather than the actual level of sodium-lithium countertransport, may increase the risk of hypertension onset. High sodium-lithium countertransport levels do not increase the risk of future hypertension for individuals in whom only polygenic and environmental effects determine sodium-lithium countertransport level.",normal,0.0967280119657516,0.9032719731330872,0.9032719731330872,non-urgent,456,True,4,cardiovascular diseases,train,Yuvrajxms09/biobert-triage-classifier,0.7,256
"A long-term study of doxazosin in the treatment of mild or moderate essential hypertension in general medical practice. This study assessed the long-term (54 weeks) antihypertensive efficacy and safety of doxazosin in the treatment of mild or moderate essential hypertension, defined as sitting and standing diastolic blood pressure of 95 to 114 mm Hg. Of the 153 patients who successfully completed an initial 14-week trial, 61 continued uninterrupted into a 40-week extension study. Optimal antihypertensive efficacy was achieved by week 12 and maintained in all patients for the duration of 1 year. The final mean sitting blood pressure was 148/84 mm Hg and was reduced from a mean baseline level of 173/102 mm Hg. Occasional decreases in heart rate were observed, but these were not considered to be clinically relevant (1 to 3 beats/min). The mean final dose of doxazosin for patients evaluable for efficacy was 2.4 mg/day; 91.7% of patients were taking less than or equal to 4 mg/day. No increase in daily maintenance dose was observed from the initial phase to the long-term extension study. After 1 year of treatment, 93.3% of patients were considered a therapeutic success (sitting diastolic blood pressure greater than or equal to 10 mm Hg reduction from baseline or less than or equal to 90 mm Hg with greater than or equal to 5 mm Hg reduction). In no patients was there a worsening in the severity category of the hypertension. Total serum cholesterol concentrations were reduced significantly (6.6% p = 0.03) at the end of week 14. Reductions in total serum cholesterol levels persisted throughout the extension study, with a final reduction of 5.4%.",normal,0.1014633402228355,0.8985366821289062,0.8985366821289062,non-urgent,395,True,4,cardiovascular diseases,test,Yuvrajxms09/biobert-triage-classifier,0.7,256
"Amyotrophic lateral sclerosis: fasting plasma levels of cysteine and inorganic sulfate are normal, as are brain contents of cysteine. Recent reports suggest that amyotrophic lateral sclerosis (ALS) is caused by one or more unidentified neurotoxins that are poorly metabolized in patients to less toxic and more readily excreted compounds, and that a genetically determined defect in cysteine degradation and in inorganic sulfate production is the mechanism underlying a failure to metabolize xenobiotics normally in ALS. We measured concentrations of total cysteine and of inorganic sulfate in the plasma of age-matched groups of ALS patients and healthy control subjects and found no differences. L-Cysteine, a putative endogenous neurotoxin in ALS, was present in equal concentrations in autopsied brain from ALS patients and controls.",normal,0.1384157836437225,0.8615842461585999,0.8615842461585999,non-urgent,204,False,3,nervous system diseases,test,Yuvrajxms09/biobert-triage-classifier,0.7,256
"A prospective randomized trial comparing epirubicin monochemotherapy to two fluorouracil, cyclophosphamide, and epirubicin regimens differing in epirubicin dose in advanced breast cancer patients. The French Epirubicin Study Group The French Epirubicin Study Group carried out a randomized trial comparing epirubicin alone 75 mg/m2 with fluorouracil (5FU) 500 mg/m2, cyclophosphamide 500 mg/m2, and epirubicin 50 mg/m2 (FEC 50) and 5FU 500 mg/m2, cyclophosphamide 500 mg/m2, and epirubicin 75 mg/m2 (FEC 75) as first treatment for advanced breast cancer patients. Patients were stratified according to whether or not there were bone metastases only. Four hundred twelve patients entered this trial; 378 were assessable for tolerability and 365 for efficacy. The overall response rates were comparable between FEC 50 (44.6%) and FEC 75 (44.7%), but both were better than the epirubicin alone (30.6%) (P = .04 and P = .0006, respectively). The complete response rate was better in FEC 75 (15.5%) than in FEC 50 (7%) (P = .025) or epirubicin (4%) (P = .002). Similar results were obtained in the group of patients without bone-only metastases. No difference in the three treatments was observed in the patients with bone metastases only. Mean durations of response were similar in the three groups, being 412 days, 440 days, and 350 days for FEC 50, FEC 75, and epirubicin, respectively. Patients without previous adjuvant chemotherapy fared better than those with previous treatment (without anthracyclines). Tolerability was fair in the three groups. Overall, the epirubicin-alone group showed better tolerance than the two other groups, which did not differ significantly. Time to progression and survival were not different among the three groups, but more early relapses occurred in the epirubicin and FEC 50 groups; survival seemed to be better during the first 8 months in the FEC 75 group, and the survival difference between the epirubicin group and the FEC 75 group was of borderline significance. No difference in survival was observed between epirubicin- and FEC 50-group patients, even though the response rate was significantly worse in the monochemotherapy group.",atenção,0.3632266223430633,0.636773407459259,0.636773407459259,non-urgent,590,True,1|4|5,neoplasms|cardiovascular diseases|general pathological conditions,test|train,Yuvrajxms09/biobert-triage-classifier,0.7,256
"Accelerated fractionation for high-grade cerebral astrocytomas. Preliminary treatment results. A Phase I/II accelerated fractionation study for high-grade cerebral astrocytomas began in October 1987. Forty-two patients, 25 men and 17 women, were entered in the study. Median age was 58.5 years of age (range, 32 to 78 years). Performance status was 0, 1, 2, and 3 on Eastern Cooperative Oncology Group (ECOG) scale for 13, 19, 9, and 1 patients, respectively. Thirty-six patients had undergone partial resection, and six had stereotactic biopsy only. All patients had histologically proven astrocytomas (6 Grade 3, and 36 Grade 4). Treatment consisted of radiation therapy doses of 4400 cGy in 22 daily fractions to the whole brain plus a boost of 1600 cGy in 8 fractions given concomitantly with the last 8 whole-brain treatments using a twice daily schedule with an interfraction interval of 8 hours. Median survival time was 57 weeks from the date of starting irradiation. Survival was 50% and 28% at 1 and 2 years, respectively. Alopecia and scalp erythema were seen in all patients; nine patients had localized areas of moist desquamation in the retroauricular region. Decreased hearing and serous otitis media were seen in five patients within 1 to 2 months from the end of treatment. Increasing somnolence was marked in eight patients with progressive deterioration of performance status; computerized axial tomography (CAT) scan studies in all eight patients showed evidence of disease recurrence with associated brain edema and mass effect. Three patients had a second resection for a recurrent tumor with no evidence of brain necrosis at craniotomy. To date, the accelerated fractionation schedule appears to be well tolerated with valuable shortening of overall treatment time. The preliminary results are encouraging, and longer follow-up time is required to evaluate tumor control and toxicity.",atenção,0.6216722726821899,0.37832772731781,0.6216722726821899,urgent,440,True,1,neoplasms,train,Yuvrajxms09/biobert-triage-classifier,0.7,256
"An effective and adaptable transvenous defibrillation system using the coronary sinus in humans. With use of a coronary sinus catheter electrode, a right ventricular catheter electrode and a chest wall patch electrode system, defibrillation threshold voltage, current and energy were measured with four distinct transvenous defibrillation techniques delivered in random sequence in each of 12 survivors of cardiac arrest immediately before implantation of a standard epicardial patch defibrillation system. The four transvenous defibrillation techniques were 1) single pathway monophasic pulsing, 2) single pathway biphasic pulsing, 3) dual pathway sequential pulsing, and 4) dual pathway simultaneous pulsing. A transvenous defibrillation method was considered to be potentially useful only if the defibrillation threshold was less than or equal to 500 V (less than or equal to 15 J delivered energy). The 500 V value would allow a 2:1 defibrillation safety margin for a device with a maximal output of 30 J. No single transvenous pulsing technique was uniformly superior in efficacy. However, by choosing the best pulsing technique for each patient, it was possible to obtain an average defibrillation threshold of 410 +/- 135 V leading edge voltage, 7.2 +/- 2.5 A leading edge current and 11.3 +/- 7.4 J delivered energy for the group of 12 patients. With the ability to vary defibrillation technique, transvenous antiarrhythmic device implantation would have been possible in 10 (83%) of the 12 patients at or below a 15 J defibrillation threshold cutoff point. In contrast, if only one transvenous defibrillation method had been used, as few as 5 and at most 8 of the 12 patients would have been candidates for a transvenous defibrillation system given a 15 J defibrillation threshold cutoff point for insertion.",atenção,0.6205863356590271,0.3794136345386505,0.6205863356590271,urgent,424,True,5,general pathological conditions,test,Yuvrajxms09/biobert-triage-classifier,0.7,256
"Adenotonsillectomy in children with sickle cell disease. The pediatric patient with sickle cell disease risks having a vasoocclusive episode during adenotonsillectomy under general anesthesia. With proper patient selection and appropriate perioperative management, adenotonsillectomy can be accomplished safely in children with sickle cell disease. We review the management of 10 children with sickle hemoglobinopathies who had adenotonsillectomy. Indications for surgery were recurrent streptococcal infections in four and obstructive sleep apnea in six of these children. No complications resulted from any of these procedures, and the mean length of postoperative hospitalization was 2.4 days. The principal feature of preoperative management was the transfusion of red blood cells to suppress the patient's endogenous erythropoiesis and to reduce the concentration of sickle cell hemoglobin to less than 30%. Though a prospective, multi-institutional clinical trial will ultimately be required to settle the issue of the safest preoperative management of children with sickle cell disease, balancing the risks of transfusion-related complications against anesthesia-related complications, our experience supports the operative safety of hypertransfusion therapy in children with sickle cell disease.",urgente,0.7080934047698975,0.2919065356254577,0.7080934047698975,urgent,281,True,5,general pathological conditions,train,Yuvrajxms09/biobert-triage-classifier,0.7,256
"Amplification by the polymerase chain reaction of hypervariable regions of the human genome for evaluation of chimerism after bone marrow transplantation. We combined the polymerase chain reaction (PCR) with oligonucleotide hybridization as a novel and sensitive technique to evaluate posttransplant chimerism. Specific oligonucleotides for hybridization were synthesized homologous to tandemly repetitive core sequences of regions with a variable number of tandem repeats (VNTRs). Polymorphisms at such loci result from allelic differences in the number of repeats. Primers flanking the repeat region of each of the corresponding VNTRs were used for amplification. Recipient and donor pretransplant DNA and recipient posttransplant DNA were amplified. The resultant fragments were analyzed after gel electrophoresis either by hybridization in-gel or after Southern transfer. To confirm our findings, we also performed standard assays of restriction fragment length polymorphisms (RFLPs). Evaluation of 13 selected cases indicated mixed chimerism (4), complete chimerism (5), recurrence of leukemia (2), and endogenous repopulation of hematopoiesis (2) after marrow transplantation. Sensitivity of the method was determined by mixing various proportions of recipient and donor DNA; the limit of detection of the minor component in a mixture was 0.1%. PCR data correlated with RFLP data in all cases except two in which PCR proved more sensitive than RFLP. PCR amplification of VNTRs combined with oligonucleotide hybridization is a novel technique for documenting posttransplant chimerism and has advantages over RFLP analysis: high sensitivity, use of small amounts of DNA (250 ng), ease of preparation of DNA, elimination of need for restriction enzymes, and the ability to complete studies in 2 days.",atenção,0.3170853555202484,0.682914674282074,0.682914674282074,non-urgent,423,True,1,neoplasms,train,Yuvrajxms09/biobert-triage-classifier,0.7,256
"A practical approach to the painful bladder syndrome. The painful bladder syndrome (PBS) is a progressive and painful disease of the bladder that may lead to fibrosis, contracture and reduction of bladder capacity. The usual symptoms are urinary urgency, frequency, nocturia, chronic pelvic pain and lower abdominal pain upon filling of the bladder. A retrospective analysis was performed on 21 women with PBS between March 1987 and March 1988. The patients were treated weekly with a bladder pillar block, bladder distention and dimethyl sulfoxide instillation. Symptomatic relief was observed in 80% of the patients so treated. The maximum bladder volume increased from 185 to 475 mL (P less than .01). The side effects were minimal.",normal,0.2572847306728363,0.7427152395248413,0.7427152395248413,non-urgent,159,False,3,nervous system diseases,train,Yuvrajxms09/biobert-triage-classifier,0.7,256
"A 47-kDa human nuclear protein recognized by antikinetochore autoimmune sera is homologous with the protein encoded by RCC1, a gene implicated in onset of chromosome condensation. Several autoimmune sera from patients with Raynaud phenomenon decorated mammalian kinetochores and bound to a 47-kDa protein on immunoblots of nuclear lysates. Antibody affinity-purified from immunoblots of the 47-kDa band recognized kinetochores, but due to crossreaction with an 18-kDa protein, localization remains elusive. We used one of these sera to purify the antigen from HeLa cells synchronized in mitosis as a noncovalent complex with a 25-kDa protein. The antigen was released from DNA by intercalation with 25 mM chloroquine. Ion-exchange chromatography yielded the pure complex with an apparent molecular size of 68 kDa, which was separated into its components by gel filtration in 6 M guanidinium chloride. Upon two-dimensional gel electrophoresis the 47-kDa protein gave two main spots of pI 6.6 and 6.7, respectively. Posttranslational modification is indicated by additional antigenic spots, by lack of a free alpha-amino group, and by chromatographic behavior of peptides on reversed-phase chromatography. The amino acid sequence for 205 residues of the 47-kDa protein has been established. This sequence is highly homologous with the translated reading frame of RCC1, a gene reportedly involved in regulating onset of mammalian chromosome condensation.",normal,0.2754306495189667,0.7245693206787109,0.7245693206787109,non-urgent,372,True,4,cardiovascular diseases,test,Yuvrajxms09/biobert-triage-classifier,0.7,256
"Acute phase reactants and risk of bacterial meningitis among febrile infants and children. STUDY OBJECTIVE: To test the hypothesis that quantitation of either C-reactive protein (CRP) or the total peripheral WBC count can improve clinical detection of underlying bacterial meningitis among young febrile children. DESIGN: Cross-sectional survey of selected symptoms of central nervous system infection, signs of meningeal irritation and/or elevated intracranial pressure, levels of CRP in serum, and total peripheral WBC counts among unselected pediatric patients undergoing lumbar punctures for evaluation of acute febrile illnesses. SETTING: Emergency department and acute care ""walk-in"" clinic of an urban, university-affiliated general hospital. PARTICIPANTS: 160 previously well, acutely febrile infants and children (median age, 6 months). RESULTS: The prevalence of bacterial meningitis was 6%. Sensitivity of symptoms was 1.00 and specificity was 0.17. Sensitivity of signs was 0.70 and specificity was 0.81. Of the acute phase reactants, sensitivity of a CRP level of more than 1.0 mg/dL was 0.80, while that of a total peripheral WBC count of more than 15,000/mm3 was 0.40. The presence of signs and/or a CRP level of more than 1.0 mg/dL correctly identified all children with bacterial meningitis (sensitivity, 1.00). The absence of signs and a CRP level of 1.0 mg/dL or less correctly identified 71 of 150 children without bacterial meningitis (specificity, 0.47). Of 125 children without meningeal signs, the combination of symptoms and a CRP level of more than 1.0 mg/dL correctly identified all three children with bacterial meningitis (sensitivity, 1.00). The absence of these symptoms and/or a CRP level of 1.0 mg/dL or less correctly identified 80 of 122 children without bacterial meningitis (specificity, 0.66). CONCLUSION: Quantitation of CRP but not the total peripheral WBC count can increase the sensitivity of physical examination findings and the specificity of symptoms for the diagnosis of bacterial meningitis. Measurement of CRP in serum is useful as an adjunct to history and physical examination for the detection of acute bacterial meningitis in the acutely febrile child.",urgente,0.721895694732666,0.278104305267334,0.721895694732666,urgent,556,True,3|5,nervous system diseases|general pathological conditions,test|train,Yuvrajxms09/biobert-triage-classifier,0.7,256
"A randomized, double-blind, placebo-controlled trial of oral antibiotic therapy following intravenous antibiotic therapy for postpartum endometritis. One hundred thirty-six patients were enrolled in a randomized, double-blind, placebo-controlled trial of oral antibiotic therapy (amoxicillin) versus placebo following successful intravenous (IV) antibiotic therapy for postpartum endometritis. No subjects were readmitted to the hospital for recurrent endometritis and there were no wound infections or recurrent fevers. Minor side effects were seen in 10% of those taking amoxicillin and 14% of those taking placebo. Compliance was fair; only 52% of those taking amoxicillin and 65% of those taking placebo completed therapy. The lack of infectious complications in this high-risk population suggests that oral antibiotic therapy is unnecessary after successful IV antibiotic therapy for endometritis.",atenção,0.3826642632484436,0.6173356771469116,0.6173356771469116,non-urgent,204,False,5,general pathological conditions,train,Yuvrajxms09/biobert-triage-classifier,0.7,256
"An echocardiographic assessment of atrial mechanical behaviour. Relations between movement of the atrioventricular ring and changes in left atrial and ventricular dimensions were studied by echocardiography and compared with apexcardiography and Doppler mitral flow velocity traces in 20 healthy controls and in patients with left ventricular hypertrophy (n = 28) or dilatation (n = 16). During left ventricular systole the atrioventricular ring, a structure common to ventricle and atrium, moved towards the ventricular apex, thus increasing left atrial volume. This action matched pulmonary venous return because it was in phase with the transverse left atrial dimension measured from aortic root to posterior left atrial wall. During early diastole, the mitral ring moved rapidly towards the atrium as transmitral flow accelerated. This requires a force directed from ventricle to atrium, likely to be the result of elastic recoil arising from compression of the ventricular myocardium or stretching of the atrial myocardium during ventricular systole. Two additional mechanisms of ventricular filling with atrial systole were recognised: (a) an increase in ventricular volume as the atrioventricular ring moved upwards and (b) transverse left ventricular expansion by pressure driven transmitral flow. The former is undetectable by Doppler from the apex; it accounted for 10% of ventricular filling in the healthy controls, but for significantly less in those with ventricular dilatation. In left ventricular hypertrophy, left ventricular filling was maintained by both mechanisms compensating for the reduced increase in volume early in diastole. Interactions between the atrium and ventricle are functionally important during ventricular systole, early diastole, and in atrial systole. They are not included in the traditional separation of atrial function into reservoir, conduit, and pump functions.",normal,0.16847924888134,0.8315207958221436,0.8315207958221436,non-urgent,435,True,4,cardiovascular diseases,train,Yuvrajxms09/biobert-triage-classifier,0.7,256
"A double-blind comparative study of doxazosin and prazosin in the treatment of essential hypertension. Two hundred sixty-six patients took part in a multicenter comparative study of doxazosin and prazosin. Both drugs produced a significant reduction (p less than 0.001) in blood pressure and no increase in heart rate. Blood pressure was considered ""markedly decreased"" or ""decreased"" in 70.8% of patients treated with doxazosin and 70.0% of patients treated with prazosin. No statistically significant between-group differences in antihypertensive efficacy were observed. Both doxazosin and prazosin were well tolerated; seven patients (5.6%) in each group had the therapy withdrawn.",normal,0.157238632440567,0.8427613377571106,0.8427613377571106,non-urgent,168,False,4,cardiovascular diseases,test,Yuvrajxms09/biobert-triage-classifier,0.7,256
"A prospective, double-blind study of metoclopramide hydrochloride for the control of migraine in the emergency department STUDY OBJECTIVE: To determine the effectiveness of IV metoclopramide as sole therapy for relieving the pain of acute migraine in the emergency department. DESIGN: Prospective study. Fifty patients were divided randomly into subjects and placebo controls with blinding of the treating physician and the patient. PARTICIPANTS: Patients presenting to the ED with migraine requiring parenteral treatment. INTERVENTIONS: Subjects received 10 mg IV metoclopramide and controls received IV normal saline; patient assessment of relief was followed by means of a numerical scale. MEASUREMENTS AND MAIN RESULTS: Sixty-seven percent of subjects compared with 19% of controls had effective pain relief within one hour (P less than .001). Subjects achieved mean relief scores of 2.46 compared with 1.69 for controls (P less than .02). No significant side effects were observed. CONCLUSION: IV metoclopramide as a single agent is effective and safe therapy for migraine in the ED.",urgente,0.7367154955863953,0.2632845342159271,0.7367154955863953,urgent,271,True,3,nervous system diseases,train,Yuvrajxms09/biobert-triage-classifier,0.7,256
"A model to predict multivessel coronary artery disease from the exercise thallium-201 stress test. PURPOSE: The aim of this study was to (1) determine whether nonimaging variables add to the diagnostic information available from exercise thallium-201 images for the detection of multivessel coronary artery disease; and (2) to develop a model based on the exercise thallium-201 stress test to predict the presence of multivessel disease. PATIENTS AND METHODS: The study populations included 383 patients referred to the University of Virginia and 325 patients referred to the Massachusetts General Hospital for evaluation of chest pain. All patients underwent both cardiac catheterization and exercise thallium-201 stress testing between 1978 and 1981. RESULTS: In the University of Virginia cohort, at each level of thallium-201 abnormality (no defects, one defect, more than one defect), ST depression and patient age added significantly in the detection of multivessel disease. Logistic regression analysis using data from these patients identified three independent predictors of multivessel disease: initial thallium-201 defects, ST depression, and age. A model was developed to predict multivessel disease based on these variables. As might be expected, the risk of multivessel disease predicted by the model was similar to that actually observed in the University of Virginia population. More importantly, however, the model was accurate in predicting the occurrence of multivessel disease in the unrelated population studied at the Massachusetts General Hospital. CONCLUSION: It is, therefore, concluded that (1) nonimaging variables (age and exercise-induced ST depression) add independent information to thallium-201 imaging data in the detection of multivessel disease; and (2) a model has been developed based on the exercise thallium-201 stress test that can accurately predict the probability of multivessel disease in other populations.",normal,0.2710257470607757,0.7289742827415466,0.7289742827415466,non-urgent,412,True,4|5,cardiovascular diseases|general pathological conditions,train,Yuvrajxms09/biobert-triage-classifier,0.7,256
"Acral melanoma: a review of 185 patients with identification of prognostic variables. One hundred eight-five patients with acral melanoma treated since 1972 were reviewed. These included 53 subungual lesions, 123 plantar lesions, and 9 palmar lesions. Eighty percent presented with stage I disease. Mean age was 57 years. Males outnumbered females 1.1:1. Seventeen percent (17%) were blacks. Actuarial 10-year survival was 58% for stage I patients and 35% for stage II patients. Univariate Cox regression analyses identified 5 prognostic variables affecting survival: stage at diagnosis (P less than 0.001), race (P less than 0.001), ulceration (P = 0.012), Clark's level (P = 0.014), and thickness of the primary lesion (P = 0.013). Factors unrelated to survival included sex of the patient, site (volar vs. subungual), histology, and treatment with amputation. Multivariate analysis for patients with stage I lesions identified race (P = 0.001) and ulceration (P = 0.018) as significant variables, with thickness approaching significance (P = 0.094). In an additional series of 71 patients with melanomas arising from extremity sites near the junction of glabrous and non-glabrous skin, survival was significantly poorer for those arising from glabrous skin (P = 0.024), and reflects a higher incidence of metastatic disease at diagnosis. Specific active immunotherapy was the principal adjuvant used for these patients, and survival was comparable to that reported with regional perfusion therapy. Acral melanoma a) has a strong racial predilection, b) carries a grave prognosis, and c) arises from glabrous skin. It is a clinical entity distinct from other extremity melanomas. Surgical management with either wide excision or amputation is appropriate for the primary lesion.",atenção,0.355053573846817,0.6449464559555054,0.6449464559555054,non-urgent,453,True,1,neoplasms,train,Yuvrajxms09/biobert-triage-classifier,0.7,256
"Adrenal medullitis in type I diabetes. To investigate whether cell-mediated immunity against the adrenal medulla occurs in type I diabetes (IDDM), we conducted a retrospective autopsy study of adrenal glands from IDDM and nondiabetic subjects using formalin-fixed tissue. Forty-four IDDM subjects, aged 4-67 yrs (mean +/- SD, 44.8 +/- 15.4) with a duration of IDDM from 0-55 yr (28.6 +/- 14.2), and 29 nondiabetic controls, aged 8-82 yr (51.8 +/- 18.6), were evaluated for a lymphocytic infiltrate using UCHL1, which recognizes a subpopulation of resting T-lymphocytes and most activated T-lymphocytes. Immunohistochemistry using antihuman B-cell antibody (L26) was also performed. Sections were scored for both lymphocytic infiltrates and fibrosis [none (0), small (1), moderate (2), or large (3)]. Blinded scoring was performed. A moderate to severe UCHL1 infiltrate was present in 9 of 44 (20%) IDDM, compared with 1 of 29 (3%) control subjects (P less than 0.04). Mild to severe fibrosis (score 1, 2, or 3) was present in 22 of 42 (52%) IDDM subjects compared with 4 of 25 (16%) control subjects (P = 0.003). Eight of 42 (19%) IDDM subjects had moderate to severe fibrosis (score 2 or 3) compared with 1 of 25 (4%) control subjects. Seventeen of 44 (39%) IDDM subjects had either a moderate to large cellular infiltrate or moderate to severe adrenal medullary fibrosis compared with 2 of 29 (7%) control subjects (P = 0.003). Staining of the adrenal medulla with L26 revealed a large cellular infiltrate in only one subject who was UCHL1 negative. Adrenal medullitis was observed in 20% of IDDM subjects, suggesting that the adrenal medulla may be another immunological target in IDDM.",atenção,0.3336601257324219,0.6663399338722229,0.6663399338722229,non-urgent,509,True,5,general pathological conditions,test,Yuvrajxms09/biobert-triage-classifier,0.7,256
"A single case of Huntington's disease simultaneously occurring with obstructive hydrocephalus. A case of simultaneously occurring Huntington's disease and obstructive hydrocephalus is presented. Huntington's and other neurodegenerative diseases have been described with normal-pressure hydrocephalus; however, no such description with obstructive hydrocephalus has been reported. The obstructive hydrocephalus displays a familial tendency in its presentation.",atenção,0.5286305546760559,0.4713694453239441,0.5286305546760559,urgent,108,False,3,nervous system diseases,train,Yuvrajxms09/biobert-triage-classifier,0.7,256
"A prospective, randomized, double-blind, crossover study to compare the efficacy and safety of chronic nifedipine therapy with that of isosorbide dinitrate and their combination in the treatment of chronic congestive heart failure We performed a prospective, randomized, double-blind, crossover study to compare the efficacy and safety of vasodilation with the calcium entry blocker nifedipine with that of isosorbide dinitrate (ISDN) and their combination as treatment for heart failure. Twenty-eight patients with New York Heart Association Functional class II or III chronic heart failure due to left ventricular systolic dysfunction were studied. All patients were maintained on a constant dose of digitalis and diuretics throughout the study. Eight weeks of therapy with nifedipine alone or in combination with ISDN resulted in a significantly higher incidence of heart failure deterioration necessitating hospitalizations and/or additional diuretics. Twenty-four percent of patients required hospitalization during nifedipine therapy and 26% required hospitalization during nifedipine-ISDN combination therapy in comparison to 0% requiring hospitalization during ISDN therapy alone. The total number of heart failure-worsening episodes was nine among patients on nifedipine, three among patients on ISDN (p less than 0.09 versus nifedipine), and 21 among patients on nifedipine-ISDN combination (p less than 0.001 versus nifedipine, p less than 0.0001 versus ISDN). Premature discontinuation of drug administration due to clinical deterioration or other side effects occurred in 29% of patients during nifedipine therapy, 5% of patients during ISDN therapy (p = 0.05 versus nifedipine), and 19% of patients during the combination therapy. A comparison of eight patients who demonstrated clinical deterioration on nifedipine with the remainder of the patients demonstrated no significant difference in left ventricular ejection fraction (0.24 +/- 0.06 versus 0.23 +/- 0.07) or maximal oxygen uptake during exercise (13 +/- 3 versus 14 +/- 2 ml/kg/min).",atenção,0.5940693020820618,0.4059306383132934,0.5940693020820618,urgent,483,True,4|5,cardiovascular diseases|general pathological conditions,train,Yuvrajxms09/biobert-triage-classifier,0.7,256
"A simple and sensitive microtiter plate estrogen bioassay based on stimulation of alkaline phosphatase in Ishikawa cells: estrogenic action of delta 5 adrenal steroids. We have developed an estrogen bioassay using the Ishikawa human endometrial adenocarcinoma cell line growing in 96-well microtiter plates. Alkaline phosphatase enzyme activity (AlkP) in these cells is markedly stimulated by estrogens, and this enzyme can be easily quantified in situ using a chromogenic substrate. These cells are very sensitive to estrogens; estradiol induces AlkP at levels as low as 10(-12) M. Antiestrogens completely block the action of estradiol. Various estrogens stimulate AlkP with potencies comparable to those achieved in vivo. The induction of AlkP is specific for estrogens; no other type of steroid, including androgens, progestins, mineralocorticoids, or glucocorticoids produce this effect. The stimulation of AlkP in Ishikawa cells is specific for estrogens, is highly reproducible and sensitive, and permits large numbers of samples to be assayed with ease. We have used this assay to investigate the estrogenic action of the adrenal delta 5-3 beta-hydroxysteroids. While pregnenolone is inactive, dehydroepiandrosterone and its sulfate ester induce AlkP slightly. However, the C19 steroid, 5-androstene-3 beta, 17 beta-diol is considerably more estrogenic in this assay, although it stimulates Ishikawa AlkP with a potency of 1/30,000 that of estradiol. The stimulation by 5-androstene-3 beta,17 beta-diol is inhibited by antiestrogens, but it is not blocked by the delta 5-3 beta-hydroxysteroid isomerase/dehydrogenase inhibitor, cyanoketone, or by the aromatase inhibitor, 4-hydroxy-androstenedione. Thus, neither conversion to a delta 4-3-ketone nor aromatization is required for the action of this unusual estrogen.",normal,0.1817626655101776,0.8182373046875,0.8182373046875,non-urgent,511,True,1,neoplasms,train,Yuvrajxms09/biobert-triage-classifier,0.7,256
"Alterations in brain phosphate metabolite concentrations in patients with human immunodeficiency virus infection. Human immunodeficiency virus (HIV)-infected individuals often demonstrate neuropsychiatric impairment; however, it is unclear how brain metabolism may be altered in such patients. We used in vivo phosphorus 31 magnetic resonance spectroscopy to noninvasively assess brain energy and phospholipid metabolism by measuring brain concentrations of adenosine triphosphate (ATP), phosphocreatine (PCr), and inorganic phosphate (Pi), as well as phospholipid compounds and intracellular pH. In study 1, 17 HIV-seropositive men with varying degrees of neuropsychiatric impairment and six control subjects were studied. Localized spectra were obtained from a heterogeneous 5 x 5 x 5-cm volume of interest (VOI). Patients with HIV infection had a significantly lower ATP/Pi ratio and a trend for a lower PCr/Pi ratio than did the control group. In addition, the ATP/Pi and PCr/Pi ratios were both significantly negatively correlated with overall severity of neuropsychiatric impairment. In study 2, three HIV-seropositive men with neuropsychiatric impairment were compared with 11 HIV-seronegative men. Localized phosphorus 31 magnetic resonance spectra were obtained from two relatively homogeneous VOIs: (1) a predominantly white matter VOI, and (2) a predominantly subcortical gray matter VOI. The three HIV-infected patients demonstrated significantly decreased ATP and PCr concentrations in the white matter VOI. These results suggest that HIV infection of the brain may impair brain cellular oxidative metabolism and that the degree of metabolic compromise may be related to the severity of neuropsychiatric impairment.",normal,0.1933713108301162,0.8066287040710449,0.8066287040710449,non-urgent,412,True,3,nervous system diseases,train,Yuvrajxms09/biobert-triage-classifier,0.7,256
"Alcoholic blackouts: legal implications. Alcoholic blackouts are defined as the temporary, complete inability to form long-term memory as the result of a high blood alcohol level. This means that a neuron-to-neuron system has been blocked. Since that is the case, such central nervous dysfunction should have legal implications, both from the blackout itself and also from the fact that this degree of neural interference in one system is at least suggestive that other dysfunction may be present. The subject of blackouts is updated with recent developments in neuroscience. The legal significance of the blackout is examined in enough depth to allow for further discussion and exploration.",normal,0.1890574097633361,0.8109425902366638,0.8109425902366638,non-urgent,144,False,3,nervous system diseases,test,Yuvrajxms09/biobert-triage-classifier,0.7,256
"A comparative study of histopathology, hormone receptors, peanut lectin binding, Ki-67 immunostaining, and nucleolar organizer region-associated proteins in human breast cancer. The current study was performed on 71 cases of human female breast cancer and compares the results of five morphologic methods developed for the detection of estrogen receptors (ER), progesterone receptors (PgR), lectin Peanut agglutinin (PNA) binding sites, monoclonal antibody Ki-67 immunoreactivity, and the mean number of argyrophilic nucleolar organizer regions (Ag-NOR). All the parameters were evaluated on serial cryostat sections representative of a closely related, if not identical, neoplastic population. A significant positive correlation was found between the occurrence of estrogen, progesterone, and peanut receptors and between Ki-67 immunoreactivity, mean number of NOR, and mitotic index. Furthermore, ER, PgR, and PNA receptors showed a significant, inverse correlation with Ki-67 immunoreactivity, mitotic index, and mean number of Ag-NOR. These results provide further data that support the hypothesis that (1) progesterone and PNA receptors are estrogen-induced and indicate a metabolic response of the target cells to functioning estrogen receptors; (2) the mean number of NOR reflects the cell kinetics of the tumor; and (3) metabolic differentiation of neoplastic cells is inversely correlated to the proliferation index.",normal,0.1305246949195861,0.8694753050804138,0.8694753050804138,non-urgent,342,True,1,neoplasms,train,Yuvrajxms09/biobert-triage-classifier,0.7,256
"A protocol for the investigation of pregnancy loss. A protocol for the evaluation of pregnancy loss should include a maternal history, dysmorphic examination of the fetus or abortus, photographs, autopsy, chromosome studies (in most cases), and radiographic or xeroradiographic studies. Selected cases with suspected ascending or transplacental infection may require microbiologic investigation. Increasing specialized laboratory techniques may help in the diagnosis of inborn errors of metabolism or storage disorders. Coordination of studies requires the interaction of OB/GYN, pathology, genetics, cytogenetics, and nursing in order to assure delivery of this clinical service. Knowledge of the causes of pregnancy loss and their typical time and mode of presentation can facilitate a focused evaluation, with a high chance of achieving an accurate diagnosis. The goal of all investigations is to provide families with recurrence risk data on which to base future childbearing decisions, as well as information on potential prenatal monitoring.",atenção,0.3785252571105957,0.6214747428894043,0.6214747428894043,non-urgent,205,False,5,general pathological conditions,train,Yuvrajxms09/biobert-triage-classifier,0.7,256
"Adenocarcinoma of the prostate in a 41-year-old man with XXY karyotype and chronic lymphocytic leukemia: report of a case. We report a case of adenocarcinoma of the prostate in a 41-year-old man with 47XXY karyotype (Klinefelter's syndrome) and chronic lymphocytic leukemia. The increased incidence of malignancy in individuals with Klinefelter's syndrome has been well documented for certain neoplasms. Adenocarcinoma of the prostate has not been reported previously in a patient with Klinefelter's syndrome and a 47XXY karyotype. Absence of mosaicism was confirmed by peripheral lymphocyte, skin fibroblast, bone marrow cell and spleen stroma fibroblast cultures. Chronic lymphocyte leukemia, especially the T-cell cytotoxic/suppressive variant, may additionally add to an immunological deficit. Since carcinoma of the prostate, Klinefelter's syndrome and chronic lymphocytic leukemia are common, the lack of a previous report is interesting. Etiological aspects are discussed.",atenção,0.4719829857349396,0.528016984462738,0.528016984462738,non-urgent,269,True,1,neoplasms,test,Yuvrajxms09/biobert-triage-classifier,0.7,256
"A phase II study of combined methotrexate and teniposide infusions prior to reinduction therapy in relapsed childhood acute lymphoblastic leukemia: a Pediatric Oncology Group study. Teniposide (VM-26) can increase intracellular methotrexate (MTX) and its polyglutamate derivatives in vitro and thus has the potential to improve the therapeutic index of regimens containing MTX. In this phase II study, children and adolescents with acute lymphoblastic leukemia (ALL) in first or second marrow relapse were randomly assigned to receive either simultaneous (n = 11) or sequential (n = 12) continuous infusions of MTX and VM-26 prior to reinduction. Infusions of VM-26 were begun 12 hours after completion of MTX infusion in the sequential group. Dosages were individually adjusted to maintain plasma concentration levels of 10 microns for MTX and 15 microns for VM-26; total infusion times were 24 and 72 hours, respectively. Significant toxicity in the first six patients who received the scheduled 72-hour VM-26 infusion (including one drug-related death) prompted a 50% reduction in infusion duration. The reduced dose was associated with similar but more manageable toxicity. Examination of bone marrow aspirates 10 days after therapy was begun showed one complete and two partial marrow remissions; a fourth patient who had an aplastic marrow on day 10 received no further chemotherapy and had a complete remission (CR) documented on day 31. There was no obvious clinical advantage associated with either infusion schedule, although small sample sizes preclude definitive conclusions. The 17% response rate to the MTX/VM-26 therapeutic window in patients with refractory disease suggests the need for further investigation to evaluate alternative schedules and concomitant therapy for this drug combination.",atenção,0.6528578400611877,0.347142219543457,0.6528578400611877,urgent,424,True,1|5,neoplasms|general pathological conditions,test|train,Yuvrajxms09/biobert-triage-classifier,0.7,256
"Acellular matrix allograft small caliber vascular prostheses. We have developed an acellular matrix vascular prosthesis (AMVP) made by detergent and enzymatic extraction of natural arteries, yielding a tissue framework of collagen and elastin from the original vessel, with preservation of the natural basement membrane at the blood flow surface. These biografts have excellent handling characteristics and suturability, as well as low thromboreactivity. Whole vessel static testing of circumferential compliance (8.9 +/- 1 [SEM] X 10(-2)% mmHg at 100 mmHg) revealed behavior virtually identical to the paired natural vessel from which each AMVP was derived in nine canine carotid arteries. We implanted 16 canine-origin AMVPs into nine dogs (12 femoral and three carotid arteries, and one infrarenal aorta) with no antithrombotic drugs. Angiographic patency was maintained in 15 of 16 (one occlusion within 3 days) for follow-up from 3 days to 6 years, with no aneurysm formation in three AMVP at over 4 1/2 years. Explant analysis revealed preservation of AMVP elastica and collagen with no inflammation or dystropic calcification of the AMVP, and almost total thrombus free flow surfaces. These results suggest that allograft AMVPs could achieve long-term patency equivalent to saphenous veins.",atenção,0.408135175704956,0.591864824295044,0.591864824295044,non-urgent,328,True,5,general pathological conditions,train,Yuvrajxms09/biobert-triage-classifier,0.7,256
"Additional salutary hemodynamic effects of the combined use of the paraaortic counterpulsation device and intraaortic balloon pump versus a paraaortic counterpulsation device alone. The hemodynamic effects of the combined use of the paraaortic counterpulsation device (PACD) (stroke volume 65 ml) implanted on the ascending aorta, and a 20 ml intraaortic balloon pump (IABP) placed in the descending aorta, were compared with the PACD working alone in 12 dogs after the induction of heart failure. Heart failure was characterized by left ventricular end-diastolic pressure (LVEDP) greater than 18 mmHg and systolic aortic pressure (SAP) in stage A: 116 mmHg greater than or equal to SAP greater than 70 mmHg; in stage B: 70 mmHg greater than or equal to SAP greater than 30 mmHg; and in stage C: SAP less than or equal to 30 mmHg. Both modalities of mechanical assistance produced significant salutary hemodynamic effects in stages A and B. No difference was observed in stage C. In conclusion, the combined use of PACD and IABP is more effective than the use of either of these devices alone. This modality of mechanical assistance may easily be applied in patients that cannot be weaned from extracorporeal circulation, and in whom IABP was unsuccessfully applied.",atenção,0.6097882986068726,0.390211671590805,0.6097882986068726,urgent,324,True,4,cardiovascular diseases,test,Yuvrajxms09/biobert-triage-classifier,0.7,256
A controlled trial of community based coronary rehabilitation. Two hundred patients who had suffered an acute myocardial infarction 4-6 weeks before entered a randomised controlled trial of exercise treatment at a community sports centre supervised by a general practitioner. Eighty one per cent of the treatment group continued to exercise until they returned to work and 73% completed three months' exercise. There were no serious complications of the exercise course. The prevalence of angina pectoris fell by 10% in the treatment group but rose by 60% in the control group. The perceived energy level rose by significantly more in the treatment group than in the controls. The rise in predicted maximum oxygen uptake was significantly greater in the treatment group than in the control group as was the reduction in the double product (a reflection of myocardial workload) at peak exercise. Coronary rehabilitation in the community can be both safe and effective.,normal,0.1339777261018753,0.8660222887992859,0.8660222887992859,non-urgent,190,False,4,cardiovascular diseases,train,Yuvrajxms09/biobert-triage-classifier,0.7,256
"A comparison of the efficacy and safety of pergolide and bromocriptine in the treatment of hyperprolactinemia. Pergolide is a synthetic ergoline derivative with highly potent long-acting PRL-lowering activity, allowing therapy of hyperprolactinemia with a once daily administration of the drug. The results of two open-label, randomized controlled multicenter clinical trials are reported. Pergolide (taken once a day), was compared with bromocriptine (taken two to four times daily) regarding efficacy and safety in the reduction of PRL levels, the cessation of galactorrhea and amenorrhea, the improvement in sexual function, and tumor shrinkage in hyperprolactinemia without (trial I; 61 patients) and with radiologically evident pituitary tumors (trial II; 96 patients). Both drugs were equally effective in lowering PRL levels in both trials. A median optimal dose of 50 micrograms pergolide and 5 mg bromocriptine/day suppressed PRL levels in the 61 patients of trial I by more than 80%. During the 24-week investigational period galactorrhea disappeared in 96% and 87% of patients, whereas menstruation returned in 90% and 96% of patients, respectively. An equally high efficacy (optimal median dose: 75-100 micrograms pergolide, 7.5-10 mg bromocriptine daily) was observed in trial II, although the resumption of menses was less frequent than in the patients of trial I (50% and 58% of patients, respectively). Sexual dysfunction improved similarly on both drugs in about half the patients. In addition, tumor shrinkage occurred to a similar extent with both drugs. A high incidence of adverse events was noted especially at the initiation of therapy with both compounds: nausea, dizziness, vomiting, asthenia, headache, and decrease in blood pressure occurred at a similar incidence and extent during the use of pergolide and bromocriptine. Patients in trial I treated with pergolide reported a slightly higher incidence of fever, vasodilatation, and flu syndrome. Conclusions: in these 24-week studies comprising a total of 157 hyperprolactinemic patients, a once daily administration of pergolide was shown to be as safe and effective as the two to four times daily ingestion of bromocriptine. Longer-acting dopamine agonists like pergolide that can be taken once daily, are likely to increase the ease to adherence to the therapeutic regimen. This might result in a higher compliance to medical treatment of hyperprolactinemia.",normal,0.1365474909543991,0.8634525537490845,0.8634525537490845,non-urgent,571,True,3|5,nervous system diseases|general pathological conditions,train,Yuvrajxms09/biobert-triage-classifier,0.7,256
"An implantable neurocybernetic prosthesis system. The neurocybernetic prosthesis (Cyberonics, Inc.) is an implantable, multiprogrammable pulse generator that delivers constant current electrical signals to the vagus nerve for the purpose of reducing the frequency and/or severity of epileptic seizures. The device is implanted in a subcutaneous chest pocket just below the clavicle, similar to cardiac pacemaker placement. The stimulation signal is transmitted from the prosthesis to the vagus nerve through a stimulation lead. The prosthesis can be programmed using any IBM-compatible personal computer with programming software and a programming wand. The electrodes used in the first group of patients were found to break at an unacceptable rate. Design modifications appear to have resolved this problem.",atenção,0.3982624113559723,0.6017375588417053,0.6017375588417053,non-urgent,177,False,3,nervous system diseases,test,Yuvrajxms09/biobert-triage-classifier,0.7,256
"Acute respiratory tract infection in children in Idikan Community, Ibadan, Nigeria: severity, risk factors, and frequency of occurrence. A longitudinal, community-based study of the epidemiology of acute respiratory tract infection (ARI) in children less than 5 years old was carried out in a community of low socioeconomic level in Ibadan, Nigeria. The annual incidence of ARI ranged from 6.1 to 8.1 episodes per child per year. The incidence was highest in the first 2 years of life and decreased with increasing age. The incidence was higher in boys than in girls. ARI occurred in all seasons of the year. The most common symptoms were cough, nasal discharge, and fever, while the most common signs referable to the respiratory tract were abnormal breathing sounds, tachypnea, and chest retraction.",atenção,0.4691958129405975,0.5308041572570801,0.5308041572570801,non-urgent,175,False,5,general pathological conditions,train,Yuvrajxms09/biobert-triage-classifier,0.7,256
"Aerobic and anaerobic microbiologic factors and recovery of beta-lactamase producing bacteria from obstetric and gynecologic infection. Specimens obtained from 736 patients with obstetric and gynecologic infections were studied for aerobic and anaerobic bacteria. Bacterial growth was present in 714 specimens. These included 53 specimens of infected fallopian tubes, 470 of infected endometrium, 94 of infected amniotic fluid, 57 of aspirates of cul-de-sacs in instances of pelvic inflammatory disease, 14 labial and vaginal abscesses and 26 of Bartholyn's cyst abscess. A total of 2,052 isolates (2.9 per specimen), 1,139 anaerobes (1.6 per specimen) and 913 aerobic or facultative (1.3 per specimen) were recovered. The most commonly isolated anaerobic bacteria was Bacteroides species (566 isolates), which included Bacteroides bivius (151), Bacteroides fragilis group (130), Bacteroides melaninogenicus group (110) and Bacteroides ureolyticus (47). Others included an anaerobic gram-positive cocci (391), Clostridium species (48) and Fusobacterium species (36). The most frequently recovered aerobic and facultative bacteria were Lactobacillus species (169), Escherichia coli (85), Neisseria gonorrhoeae (62), Staphylococcus aureus (59) and Group B streptococcus (55). Three hundred and sixty-five (18 per cent) of the isolates recovered from 276 (39 per cent) patients were beta-lactamase producing organisms (BLPO); 222 (61 per cent) anaerobes and 143 (39 per cent) aerobes or facultatives. The most common BLPO were B. fragilis group, B. bivius, B. melaninogenicus, B. disiens, Enterobacteriaceae and S. aureus. These data illustrate the polymicrobial nature and important role of BLPO in obstetric and gynecologic infection.",atenção,0.4832902550697326,0.5167097449302673,0.5167097449302673,non-urgent,536,True,5,general pathological conditions,train,Yuvrajxms09/biobert-triage-classifier,0.7,256
"Adoptive immunotherapy with high-dose interleukin-2: kinetics of circulating progenitors correlate with interleukin-6, granulocyte colony-stimulating factor level. Immunotherapy with interleukin-2 (IL-2) and lymphokine-activated killer (LAK) cells results in significant tumor regression in patients with advanced cancer. We have investigated the kinetics of circulating erythroid (BFU-E) and granulocytic-macrophage (CFU-GM) progenitors after IL-2 therapy in 11 cancer patients, mainly affected by metastatic melanoma and renal cell carcinoma. Administration of IL-2 from day 1 through day 5 constantly induced a dramatic decrease of the number of circulating BFU-E and CFU-GM, which then showed a striking rebound (up to values fourfold and sevenfold higher, respectively, than the pretherapy levels) on discontinuation of IL-2, ie, from day 5 through day 10. A similar kinetic pattern was observed during and after the second cycle of IL-2 administration. 3[H]-thymidine killing experiments showed that the cycling activity of the progenitors was virtually unmodified in the rebound phases. To explore the mechanism(s) underlying this kinetic pattern, we have analyzed the plasma concentration of several hematopoietic growth factors, including IL-1 beta, IL-3, IL-4, IL-6, granulocyte-macrophage colony-stimulating factor (GM-CSF), G-CSF, and erythropoietin (Ep). No modifications in the levels of IL-3, GM-CSF, or IL-1 beta were observed, whereas a pronounced increase of IL-6 and G-CSF concentration was monitored, starting at day 3 and peaking at day 5 of treatment (a parallel, but modest, increase of Ep level was also observed). The elevation of IL-6 and G-CSF concentration is directly correlated with and may, at least in part, underlie the subsequent rebound of circulating hematopoietic progenitors. Furthermore, the increase in IL-4 level observed at day 10 of therapy may mediate the eosinophilia gradually starting at this stage of treatment.",normal,0.2983115911483764,0.7016884088516235,0.7016884088516235,non-urgent,515,True,1,neoplasms,train,Yuvrajxms09/biobert-triage-classifier,0.7,256
Accidental death from a black-powder rifle breech plug. Authentic black-powder muzzle-loader weapons and replicas are used today primarily for hunting game such as deer and hogs. The following is a case presentation of accidental death from cerebral trauma caused by a .45-caliber black-powder-rifle breech plug implanting in the victim's brain.,urgente,0.8007103800773621,0.1992896497249603,0.8007103800773621,urgent,85,False,3,nervous system diseases,train,Yuvrajxms09/biobert-triage-classifier,0.7,256
"Acute hemodynamic effects of intravenous diperdipine, a new dihydropyridine derivative, in coronary heart disease. The acute hemodynamic effects of a new dihydropyridine calcium channel blocker, diperdipine, which is suitable for intravenous administration, were studied by right and left cardiac catheterization in 16 patients with coronary heart disease. Diperdipine markedly reduced systemic vascular resistance and improved stroke index and left ventricular ejection fraction. Mean pulmonary artery and wedge pressures were slightly increased as a possible consequence of enhanced venous return, whereas right atrial and left ventricular end-diastolic pressures were not significantly changed. Nevertheless, an increase in preload was clearly indicated by an augmented left ventricular end-diastolic volume index after administration of diperdipine. Left ventricular contractility, which was estimated by the end-systolic pressure-volume ratio and by dP/dt max was not significantly changed, though analysis of individual data suggests a minimally negative inotropic effect. However, such a minor effect on left ventricular contractility was largely counterbalanced by the marked reduction of afterload, which produced a sharp improvement of stroke index. Enhancement of left ventricular ejection fraction and reduction in systemic vascular resistance were inversely and directly correlated to control values. Overall, diperdipine was well tolerated, but one patient had a major untoward reaction that consisted of an ischemic episode that was possibly related to drug administration. In conclusion, intravenous diperdipine appears to be a potent arteriolar dilating agent that does not affect left ventricular contractility.",atenção,0.3833500146865845,0.6166499853134155,0.6166499853134155,non-urgent,371,True,4,cardiovascular diseases,train,Yuvrajxms09/biobert-triage-classifier,0.7,256
"A method for performing full-thickness, orthotopic, penetrating keratoplasty in the mouse. In an attempt to overcome the lack of well characterized, inbred, and congenic strains, as well as a paucity of immunological reagents, in rabbit and rat models, we have developed a procedure for performing full-thickness, penetrating keratoplasty in the mouse. One hundred percent of isografts (BALB/c onto BALB/c) were successful, while 83.3% of allografts (C3H onto BALB/c) failed. The use of a mouse model to study corneal graft failure will allow a critical evaluation of the role of a variety of immunological mediators in causing graft failure.",normal,0.2816240191459656,0.7183759808540344,0.7183759808540344,non-urgent,169,False,5,general pathological conditions,train,Yuvrajxms09/biobert-triage-classifier,0.7,256
A modified rhombic transposition flap and its application in dermatology. A modified rhombic transposition flap based around a circular primary defect is described. We have found it to be a versatile design that produces good cosmetic results with a low incidence of postoperative complications. It has become the most frequently used transposition flap in our dermatologic practice.,normal,0.1065736785531044,0.8934263586997986,0.8934263586997986,non-urgent,79,False,1,neoplasms,train,Yuvrajxms09/biobert-triage-classifier,0.7,256
"Adenovirus colitis in the acquired immunodeficiency syndrome. Adenovirus was identified in colonic tissue by transmission electron microscopy or culture in 5 of 67 (7.4%) homosexual men seropositive for human immunodeficiency virus (51 with the acquired immunodeficiency syndrome) with diarrhea. Colonoscopy showed the mucosa to be normal in 3 cases and mildly inflamed in 2. Light microscopy showed foci of mucosal necrosis that contained chronic inflammatory cells and degenerating and necrotic epithelial cells with amphophilic nuclear inclusions. By transmission electron microscopy, hexagonal viral particles characteristic of adenovirus were identified within the inclusions. Only 1 patient was concomitantly infected by a second potential enteric pathogen. It was concluded that adenovirus, an uncommon enteric pathogen in immunocompetent adults, causes intestinal pathology and may be associated with diarrheal illness in persons with the acquired immunodeficiency syndrome.",atenção,0.4502273797988891,0.5497726202011108,0.5497726202011108,non-urgent,243,False,2|5,digestive system diseases|general pathological conditions,train,Yuvrajxms09/biobert-triage-classifier,0.7,256
"An estimate of the incidence of dementia in idiopathic Parkinson's disease. The proportion of patients with idiopathic Parkinson's disease (PD) who are considered demented ranges from 10% to 15%. Because dementia may affect survival in PD, the incidence rate of dementia, rather than proportion, would be a more accurate measure of disease frequency. We previously estimated the proportion of patients with PD and dementia to be 10.9% from the records of a cohort with the idiopathic form of PD in a major medical center. We reviewed the clinical records of this cohort after 4 years and 9 months to estimate the incidence rate of dementia. We identified 65 new cases of dementia from the 249 patient-records available. Using the number of person-years of follow-up for each case as the denominator, we estimated the overall incidence rate to be 69 per 1,000 person-years of observation. The mean age of this cohort was 71.4 years. The cumulative incidence of dementia increased with age. By 85 years of age, over 65% of the surviving members of the cohort were demented. The age-specific incidence rates for dementia in this cohort of PD were significantly greater than for a similarly aged cohort of healthy elderly people. The age-specific standard morbidity ratios indicated that, compared with people of similar ages, patients with PD have the highest increase in risk for dementia between ages 65 and 75.",normal,0.2792442142963409,0.7207557559013367,0.7207557559013367,non-urgent,323,True,3,nervous system diseases,train,Yuvrajxms09/biobert-triage-classifier,0.7,256
"Acute tolerance in morphine analgesia: continuous infusion and single injection in rats. This study aimed to determine whether the decline of the analgesic effect of morphine with a continuous infusion or that after a single injection correlates with the changes in brain concentration of morphine. The analgesic effect of morphine and its brain and serum concentrations were determined with a continuous 8-h infusion at a constant rate and after a single subcutaneous injection of the agent. The analgesic effect was determined by measuring the threshold of motor response to noxious stimulation. Brain and serum concentrations of morphine were detected by radioimmunoassay with the use of 125I-labeled morphine. With the constant-rate (4 mg.kg-1.h-1, intravenous) morphine infusion, the peak of analgesia could not be maintained: the increase in the pain threshold at 2 h was 1,003 g and at 8h was 286 g (a decrease in analgesia by 72%, P less than 0.0002). At the same time, the brain morphine concentration tended to increase, to 278 ng/g at 2 h and 329 ng/g at 8 h. After the single morphine injection (6 mg/kg, subcutaneous), recovery from analgesia occurred at a much faster rate than did the decrease in morphine brain concentration; the decrease in pain threshold was 79% at 90 vs. 30 min after the injection (P less than 0.0001), and the corresponding decrease in brain concentration was 28% (NS). The absence of correlation between analgesia and morphine brain concentration both with the constant-rate morphine infusion and after the single injection suggests the development of acute tolerance, which is pharmacodynamic in nature.",atenção,0.3457194864749908,0.6542805433273315,0.6542805433273315,non-urgent,397,True,3,nervous system diseases,train,Yuvrajxms09/biobert-triage-classifier,0.7,256
"A severe multisystem reaction to sulindac. We present a case of a severe reaction to sulindac. A 30-year-old woman with quiescent systemic lupus erythematosus received sulindac for nonspecific migrating chest pain. An initial course of therapy produced an unrecognized sensitization to the drug with a febrile illness and rash. Readministration of the drug caused an anaphylactoid reaction as well as evidence of cardiovascular, hepatic, pulmonary, and hematologic dysfunction. The patient's illness had evidence of types I, II, and III hypersensitivity reactions.",urgente,0.8349727392196655,0.1650272607803344,0.8349727392196655,urgent,153,False,5,general pathological conditions,train,Yuvrajxms09/biobert-triage-classifier,0.7,256
"A patient-oriented approach to perilymph fistula. The subject of perilymph fistula is controversial in part because the preoperative diagnosis of perilymph fistula is difficult. Patients suffering auditory and vestibular symptoms secondary to perilymph fistula, therefore, present a dilemma to the practicing physician. In some instances, patients with auditory and vestibular symptoms in the absence of perilymph fistula will be subjected to middle ear exploration without benefit, while in other instances patients with auditory and vestibular symptoms secondary to perilymph fistula will be denied surgical treatment. Auditory and vestibular symptoms are a quality of life issue. Therefore, in an effort to provide care of the highest quality the patient must be actively involved in the decision process. Such involvement can be meaningful only after the patient is carefully counseled as to the pros and cons of surgery, as well as the alternatives. A prognostic paradigm based on the personal experience of one of us (W.L.M.) with perilymph fistula patients is described and is used in patient consultation in an effort to facilitate decision making.",atenção,0.3848225772380829,0.6151774525642395,0.6151774525642395,non-urgent,247,False,5,general pathological conditions,train,Yuvrajxms09/biobert-triage-classifier,0.7,256
"A mouse model of the aniridia-Wilms tumor deletion syndrome. Deletion of chromosome 11p13 in humans produces the WAGR syndrome, consisting of aniridia (an absence or malformation of the iris), Wilms tumor (nephroblastoma), genitourinary malformations, and mental retardation. An interspecies backcross between Mus musculus/domesticus and Mus spretus was made in order to map the homologous chromosomal region in the mouse genome and to define an animal model of this syndrome. Nine evolutionarily conserved DNA clones from proximal human 11p were localized on mouse chromosome 2 near Small-eyes (Sey), a semidominant mutation that is phenotypically similar to aniridia. Analysis of Dickie's Small-eye (SeyDey), a poorly viable allele that has pleiotropic effects, revealed the deletion of three clones, f3, f8, and k13, which encompass the aniridia (AN2) and Wilms tumor susceptibility genes in man. Unlike their human counterparts, SeyDey/+ mice do not develop nephroblastomas. These findings suggest that the Small-eye defect is genetically equivalent to human aniridia, but that loss of the murine homolog of the Wilms tumor gene is not sufficient for tumor initiation. A comparison among Sey alleles suggests that the AN2 gene product is required for induction of the lens and nasal placodes.",normal,0.2538076639175415,0.7461923360824585,0.7461923360824585,non-urgent,350,True,5,general pathological conditions,train,Yuvrajxms09/biobert-triage-classifier,0.7,256
"Acute renal dysfunction during interleukin-2 treatment: suggestion of an intrinsic renal lesion. Adoptive immunotherapy with interleukin-2 (IL-2) and lymphokine-activated killer (LAK) cells has been effective in treating some advanced malignancies in animals and humans. One complication of this treatment is a reversible, oliguric, acute renal failure, which has been ascribed to renal hypoperfusion and resultant prerenal azotemia. We serially studied renal function in 10 patients receiving high-dose regimens of recombinant interleukin-2 (rIL-2) to attempt to delineate further the nature of the renal dysfunction caused by IL-2 treatment. Renal plasma flow was computed from iodine 131 (I-131 Hippuran; Mediphysics, Paramus, NJ) orthoiodohippurate, excretion curves, and glomerular filtration rate (GFR) was determined by creatinine clearance. Studies done prior to and on day 4 of treatment showed that GFR fell in nine of 10 patients, with a mean decrease of 43% +/- 8%, and renal plasma flow fell in five of the 10 patients with a mean decrease of 5% +/- 10%. The average pretherapy filtration fraction was calculated to be 23% +/- 1% and after 4 days of treatment, decreased to a mean value of 15 +/- 2%. The BUN to creatinine ratio also declined in all patients. These findings collectively suggest that IL-2 nephrotoxicity may result from an intrarenal defect in addition to the previously described prerenal azotemia. Additionally, radionuclide studies of renal function are a reliable and reproducible noninvasive method of assessing these changes in renal function.",urgente,0.717250645160675,0.2827493548393249,0.717250645160675,urgent,428,True,1,neoplasms,test,Yuvrajxms09/biobert-triage-classifier,0.7,256
"A randomized trial of the effect of three non-steroid anti-inflammatory agents in ameliorating cancer-induced fever. Paraneoplastic fever is well known, and is not an uncommon problem in daily practice. In an effort to ameliorate tumour-induced fever we randomized 48 patients to receive three different non-steroid anti-inflammatory drugs: Naproxen (500 mg d-1), Indomethacin (75 mg d-1) or Diclophenac sodium (75 mg d-1). All patients had solid tumours, and microbial infection had been excluded. All three drugs were equally effective in bringing the temperature down to normal for a period of 30-33 d. Naproxen had the most rapid effect. In cases of fever relapse with the first drug, when the other two drugs were given instead, both proved equally effective. No side-effects were observed. We conclude that Naproxen, Indomethacin and Diclophenac sodium are equally effective in ameliorating paraneoplastic fever. In relapse, a second drug given subsequently can be effective as well.",atenção,0.4291602075099945,0.5708397626876831,0.5708397626876831,non-urgent,249,False,1|5,neoplasms|general pathological conditions,train,Yuvrajxms09/biobert-triage-classifier,0.7,256
"Air embolism of the brain in rabbits pretreated with mechlorethamine. Infusion of 400 microliters air into the left internal carotid artery of five anesthetized rabbits caused transient pial arteriole air embolism, an immediate 41.9 +/- 0.8% dilatation of the embolized vessels, suppression of the cortical somatosensory evoked response to 29.4 +/- 2.7% of baseline, and a progressive decline in ipsilateral cerebral blood flow (measured by hydrogen clearance) to 46 +/- 4.1% of baseline after 2 hours. These values were significantly different from those at baseline and from the responses of 10 control rabbits given equivalent intracarotid saline infusions. Twelve other rabbits were made leukopenic by treatment with 1.5 mg/kg i.v. mechlorethamine 72 hours prior to study. Mean +/- SEM leukocyte count decreased from 6,320 +/- 73/mm3 to 1,890 +/- 66/mm3 without any change in the leukocyte differential or erythrocyte and platelet counts. Intracarotid infusion of saline into seven of the leukopenic rabbits caused no changes. In the other five leukopenic rabbits, infusion of 400 microliters air caused air embolism but did not produce the anticipated declines in cerebral blood flow or the cortical somatosensory evoked response, both of which remained indistinguishable from baseline values and responses in the seven saline-treated leukopenic controls. Similarly, air-embolized arterioles showed nonsignificant dilatation in leukopenic rabbits. Our data suggest that the decreases in both cerebral blood flow and brain function seen after air embolism require the presence of leukocytes.",urgente,0.8101158738136292,0.1898841708898544,0.8101158738136292,urgent,416,True,4,cardiovascular diseases,train,Yuvrajxms09/biobert-triage-classifier,0.7,256
